Unity Editor version:    6000.5.6f1 (0e0577a1a2ac)
Branch:                  6000.5/staging
Build type:              Release
Batch mode:              YES
macOS version:           Version 26.6 (Build 25G72)
Darwin version:          25.6.0
Architecture:            arm64
Running under Rosetta:   NO
Available memory:        131072 MB
Date:                    2026-08-03T20:11:53Z
[Licensing::Module] Trying to connect to existing licensing client channel...
[Licensing::IpcConnector] Successfully connected to: "LicenseClient-greg" at "2026-08-03T20:11:53.649848Z"
Launching external process: /Applications/Unity/Hub/Editor/6000.5.6f1/Unity.app/Contents/Helpers/PackageManager/Server/UnityPackageManager

COMMAND LINE ARGUMENTS:
/Applications/Unity/Hub/Editor/6000.5.6f1/Unity.app/Contents/MacOS/Unity
-batchmode
-quit
-projectPath
/Users/greg/git/kawaii-game/MochiMeadows
-executeMethod
MochiMeadows.EditorTools.BuildScript.BuildWebGL
-logFile
/Users/greg/git/kawaii-game/build-webgl-r.log
Successfully changed project path to: /Users/greg/git/kawaii-game/MochiMeadows
/Users/greg/git/kawaii-game/MochiMeadows
[UnityMemory] Configuration Parameters - Can be set up in boot.config
    "memorysetup-temp-allocator-size-gi-baking-worker=262144"
    "memorysetup-temp-allocator-size-gi-baking-worker=262144"
    "memorysetup-temp-allocator-size-gi-baking-worker=262144"
    "memorysetup-temp-allocator-size-gi-baking-worker=262144"
    "memorysetup-temp-allocator-size-gi-baking-worker=262144"
    "memorysetup-temp-allocator-size-nav-mesh-worker=65536"
    "memorysetup-temp-allocator-size-audio-worker=65536"
    "memorysetup-temp-allocator-size-cloud-worker=32768"
    "memorysetup-allocator-temp-initial-block-size-main=262144"
    "memorysetup-allocator-temp-initial-block-size-worker=262144"
    "memorysetup-temp-allocator-size-preload-manager=33554432"
    "memorysetup-temp-allocator-size-gfx=262144"
    "memorysetup-temp-allocator-size-background-worker=32768"
    "memorysetup-temp-allocator-size-job-worker=262144"
    "memorysetup-bucket-allocator-granularity=16"
    "memorysetup-bucket-allocator-bucket-count=8"
    "memorysetup-bucket-allocator-block-size=33554432"
    "memorysetup-bucket-allocator-block-count=8"
    "memorysetup-main-allocator-block-size=16777216"
    "memorysetup-thread-allocator-block-size=16777216"
    "memorysetup-main-allocator-mimalloc-enabled=0"
    "memorysetup-gfx-main-allocator-block-size=16777216"
    "memorysetup-gfx-thread-allocator-block-size=16777216"
    "memorysetup-cache-allocator-block-size=4194304"
    "memorysetup-typetree-allocator-block-size=2097152"
    "memorysetup-profiler-bucket-allocator-granularity=16"
    "memorysetup-profiler-bucket-allocator-bucket-count=8"
    "memorysetup-profiler-bucket-allocator-block-size=33554432"
    "memorysetup-profiler-bucket-allocator-block-count=8"
    "memorysetup-profiler-allocator-block-size=16777216"
    "memorysetup-profiler-editor-allocator-block-size=1048576"
    "memorysetup-temp-allocator-size-main=16777216"
    "memorysetup-job-temp-allocator-block-size=2097152"
    "memorysetup-job-temp-allocator-block-size-background=1048576"
    "memorysetup-job-temp-allocator-reduction-small-platforms=262144"
Logging is directed to a specific file, skipping project log.Player connection [8432951680]  Target information:

Player connection [8432951680]  * "[IP] 10.0.0.137 [Port] 55504 [Flags] 2 [Guid] 2130849565 [EditorId] 2130849565 [Version] 1048832 [Id] OSXEditor(0,MVP.local) [Debug] 1 [PackageName] OSXEditor [ProjectName] Editor" 

Player connection [8432951680]  * "[IP] 100.69.34.21 [Port] 55504 [Flags] 2 [Guid] 2130849565 [EditorId] 2130849565 [Version] 1048832 [Id] OSXEditor(0,MVP.local) [Debug] 1 [PackageName] OSXEditor [ProjectName] Editor" 

Player connection [8432951680]  * "[IP] 192.168.139.3 [Port] 55504 [Flags] 2 [Guid] 2130849565 [EditorId] 2130849565 [Version] 1048832 [Id] OSXEditor(0,MVP.local) [Debug] 1 [PackageName] OSXEditor [ProjectName] Editor" 

Player connection [8432951680] Host joined multi-casting on [225.0.0.222:54997]...
Player connection [8432951680] Host joined alternative multi-casting on [225.0.0.222:34997]...
Input System module state changed to: Initialized.
[Physics::Module] Initialized fallback backend.
[Physics::Module] Id: 0xdecafbad
[Licensing::Client] Error: HandshakeResponse reported an error:
	ResponseCode: 505
	ResponseStatus: Unsupported protocol version '1.18.1'.
[Licensing::Module] Error: Failed to handshake to channel: "LicenseClient-greg"
[Licensing::IpcConnector] LicenseClient-greg channel disconnected successfully.
[Licensing::IpcConnector] Channel LicenseClient-greg-6000.5.6 doesn't exist
Launching external process: /Applications/Unity/Hub/Editor/6000.5.6f1/Unity.app/Contents/Helpers/UnityLicensingClient.app/Contents/MacOS/Unity.Licensing.Client
[Licensing::Module] Successfully launched the LicensingClient (PId: 15413)
[Package Manager] Connected to IPC stream "Upm-15410" after 0.1 seconds.
[Licensing::Module] Licensing is not yet initialized.
[Licensing::IpcConnector] Successfully connected to: "LicenseClient-greg-6000.5.6" at "2026-08-03T20:11:53.948356Z"
[Licensing::Client] Handshaking with LicensingClient:
  Version:                 1.18.1+9fbee8e
  Session Id:              e9120b13774440beaf91d63fbaaed029
  Correlation Id:          81893d8316afd2dd63e99b14f706fe2c
  External correlation Id: 4466040109877971509
  Machine Id:              u6wfrn2x6hbn8MahFa80hSTMtQk=
[Licensing::Module] Successfully connected to LicensingClient on channel: "LicenseClient-greg-6000.5.6" (connect: 0.11s, validation: 0.01s, handshake: 0.18s)
[Licensing::IpcConnector] Successfully connected to: "LicenseClient-greg-6000.5.6-notifications" at "2026-08-03T20:11:54.137742Z"
[Licensing::Module] Connected to LicensingClient (PId: 15413, launch time: 0.00, total connection time: 0.30s)
[Licensing::Module] Error: Access token is unavailable; failed to update
[Licensing::Client] Successfully resolved entitlement details
[Licensing::Module] License group:
  Id: 20066859098703-UnityPersXXXX
  Product: Unity Personal
  Type: Assigned
  Expiration: Unlimited
[Licensing::Client] Successfully updated license, isAsync: True, time: 0.00
[Licensing::Client] Successfully resolved entitlement details
[Licensing::Module] Licensing Background thread has ended after 0.50s
[Licensing::Module] Licensing is initialized (took 0.30s).
[Licensing::Client] Successfully resolved entitlement details
Library Redirect Path: Library/
Rebuilding Library because the asset database could not be found!
[Physics::Module] Selected backend.
[Physics::Module] Name: PhysX
[Physics::Module] Id: 0xf2b8ea05
[Physics::Module] SDK Version: 4.1.2
[Physics::Module] Integration Version: 1.0.0
[Physics::Module] Threading Mode: Multi-Threaded
Initialize engine version: 6000.5.6f1 (0e0577a1a2ac)
[Subsystems] Discovering subsystems at path /Applications/Unity/Hub/Editor/6000.5.6f1/Unity.app/Contents/Resources/UnitySubsystems
[Subsystems] Discovering subsystems at path /Users/greg/git/kawaii-game/MochiMeadows/Assets
GfxDevice: creating device client; kGfxThreadingModeNonThreaded
 preferred device: Apple M4 Max (high power)
Metal devices available: 1
0: Apple M4 Max (high power)
Using device Apple M4 Max (high power)
Initializing Metal device caps: Apple M4 Max
Mac GPU Family: 2
Apple GPU Family: 9
MSL Version: 3.0
Has Float MSAA: 1
Has Float Filtering: 1
ReadWrite Texture Tier: 2
Initialize mono
Mono path[0] = '/Applications/Unity/Hub/Editor/6000.5.6f1/Unity.app/Contents/Resources/Scripting/Managed'
Mono path[1] = '/Applications/Unity/Hub/Editor/6000.5.6f1/Unity.app/Contents/Resources/Scripting/BCLExtensions/runtime/netstandard2.1'
Mono path[2] = '/Applications/Unity/Hub/Editor/6000.5.6f1/Unity.app/Contents/Resources/Scripting/MonoBleedingEdge/lib/mono/unityjit-macos'
Mono config path = '/Applications/Unity/Hub/Editor/6000.5.6f1/Unity.app/Contents/Resources/Scripting/MonoBleedingEdge/etc'
Using monoOptions --debugger-agent=transport=dt_socket,embedding=1,server=y,suspend=n,address=127.0.0.1:56410
CodeReloadManager initialized
ImportWorker Server TCP listen port: 0
AcceleratorClientConnectionCallback - disconnected - :0
Begin MonoManager ReloadAssembly
Registering precompiled unity dll's ...
Register platform support module: /Applications/Unity/Hub/Editor/6000.5.6f1/PlaybackEngines/WebGLSupport/UnityEditor.WebGL.Extensions.dll
Register platform support module: /Applications/Unity/Hub/Editor/6000.5.6f1/PlaybackEngines/MacStandaloneSupport/UnityEditor.OSXStandalone.Extensions.dll
[Licensing::Client] Successfully resolved entitlement details
Register platform support module: /Applications/Unity/Hub/Editor/6000.5.6f1/PlaybackEngines/iOSSupport/UnityEditor.iOS.Extensions.dll
Registered in 0.000975 seconds.
[usbmuxd] Start listen thread
[usbmuxd] Listen thread started
[usbmuxd] Send listen message
Native extension for iOS target not found
Native extension for OSXStandalone target not found
Native extension for WebGL target not found
Package Manager log level set to [2]
ScheduleIndexationOnStartup MainProcess:False IndexOnStartup:False
Mono: successfully reloaded assembly
- Finished resetting the current domain, in  0.213 seconds
Domain Reload Profiling: 434ms
	BeginReloadAssembly (42ms)
		CreateAndSetChildDomain (3ms)
	RebuildNativeTypeToScriptingClass (9ms)
	initialDomainReloadingComplete (26ms)
	LoadAllAssembliesAndSetupDomain (142ms)
		LoadAssemblies (40ms)
		AnalyzeDomain (106ms)
			TypeCache.Refresh (105ms)
				TypeCache.ScanAssembly (97ms)
	FinalizeReload (214ms)
		SetupLoadedEditorAssemblies (0ms)
			InitializePlatformSupportModulesInManaged (29ms)
			BeforeProcessingInitializeOnLoad (42ms)
			ProcessInitializeOnLoadAttributes (46ms)
			ProcessInitializeOnLoadMethodAttributes (60ms)
[Licensing::Client] Successfully resolved entitlement details
Application.AssetDatabase Initial Refresh Start
[Package Manager] Done resolving packages in 0.79 seconds
[Licensing::Client] Successfully resolved entitlement details
[Package Manager] Registered 38 packages:
  Built-in packages:
    com.unity.multiplayer.center@1.0.1 (location: /Users/greg/git/kawaii-game/MochiMeadows/Library/PackageCache/com.unity.multiplayer.center@b860850997d0)
    com.unity.modules.accessibility@1.0.0 (location: /Users/greg/git/kawaii-game/MochiMeadows/Library/PackageCache/com.unity.modules.accessibility)
    com.unity.modules.adaptiveperformance@1.0.0 (location: /Users/greg/git/kawaii-game/MochiMeadows/Library/PackageCache/com.unity.modules.adaptiveperformance)
    com.unity.modules.ai@1.0.0 (location: /Users/greg/git/kawaii-game/MochiMeadows/Library/PackageCache/com.unity.modules.ai)
    com.unity.modules.androidjni@1.0.0 (location: /Users/greg/git/kawaii-game/MochiMeadows/Library/PackageCache/com.unity.modules.androidjni)
    com.unity.modules.animation@1.0.0 (location: /Users/greg/git/kawaii-game/MochiMeadows/Library/PackageCache/com.unity.modules.animation)
    com.unity.modules.assetbundle@1.0.0 (location: /Users/greg/git/kawaii-game/MochiMeadows/Library/PackageCache/com.unity.modules.assetbundle)
    com.unity.modules.audio@1.0.0 (location: /Users/greg/git/kawaii-game/MochiMeadows/Library/PackageCache/com.unity.modules.audio)
    com.unity.modules.cloth@1.0.0 (location: /Users/greg/git/kawaii-game/MochiMeadows/Library/PackageCache/com.unity.modules.cloth)
    com.unity.modules.director@1.0.0 (location: /Users/greg/git/kawaii-game/MochiMeadows/Library/PackageCache/com.unity.modules.director)
    com.unity.modules.imageconversion@1.0.0 (location: /Users/greg/git/kawaii-game/MochiMeadows/Library/PackageCache/com.unity.modules.imageconversion)
    com.unity.modules.imgui@1.0.0 (location: /Users/greg/git/kawaii-game/MochiMeadows/Library/PackageCache/com.unity.modules.imgui)
    com.unity.modules.jsonserialize@1.0.0 (location: /Users/greg/git/kawaii-game/MochiMeadows/Library/PackageCache/com.unity.modules.jsonserialize)
    com.unity.modules.particlesystem@1.0.0 (location: /Users/greg/git/kawaii-game/MochiMeadows/Library/PackageCache/com.unity.modules.particlesystem)
    com.unity.modules.physics@1.0.0 (location: /Users/greg/git/kawaii-game/MochiMeadows/Library/PackageCache/com.unity.modules.physics)
    com.unity.modules.physics2d@1.0.0 (location: /Users/greg/git/kawaii-game/MochiMeadows/Library/PackageCache/com.unity.modules.physics2d)
    com.unity.modules.physicscore2d@1.0.0 (location: /Users/greg/git/kawaii-game/MochiMeadows/Library/PackageCache/com.unity.modules.physicscore2d)
    com.unity.modules.screencapture@1.0.0 (location: /Users/greg/git/kawaii-game/MochiMeadows/Library/PackageCache/com.unity.modules.screencapture)
    com.unity.modules.terrain@1.0.0 (location: /Users/greg/git/kawaii-game/MochiMeadows/Library/PackageCache/com.unity.modules.terrain)
    com.unity.modules.terrainphysics@1.0.0 (location: /Users/greg/git/kawaii-game/MochiMeadows/Library/PackageCache/com.unity.modules.terrainphysics)
    com.unity.modules.tilemap@1.0.0 (location: /Users/greg/git/kawaii-game/MochiMeadows/Library/PackageCache/com.unity.modules.tilemap)
    com.unity.modules.ui@1.0.0 (location: /Users/greg/git/kawaii-game/MochiMeadows/Library/PackageCache/com.unity.modules.ui)
    com.unity.modules.uielements@1.0.0 (location: /Users/greg/git/kawaii-game/MochiMeadows/Library/PackageCache/com.unity.modules.uielements)
    com.unity.modules.umbra@1.0.0 (location: /Users/greg/git/kawaii-game/MochiMeadows/Library/PackageCache/com.unity.modules.umbra)
    com.unity.modules.unityanalytics@1.0.0 (location: /Users/greg/git/kawaii-game/MochiMeadows/Library/PackageCache/com.unity.modules.unityanalytics)
    com.unity.modules.unitywebrequest@1.0.0 (location: /Users/greg/git/kawaii-game/MochiMeadows/Library/PackageCache/com.unity.modules.unitywebrequest)
    com.unity.modules.unitywebrequestassetbundle@1.0.0 (location: /Users/greg/git/kawaii-game/MochiMeadows/Library/PackageCache/com.unity.modules.unitywebrequestassetbundle)
    com.unity.modules.unitywebrequestaudio@1.0.0 (location: /Users/greg/git/kawaii-game/MochiMeadows/Library/PackageCache/com.unity.modules.unitywebrequestaudio)
    com.unity.modules.unitywebrequesttexture@1.0.0 (location: /Users/greg/git/kawaii-game/MochiMeadows/Library/PackageCache/com.unity.modules.unitywebrequesttexture)
    com.unity.modules.unitywebrequestwww@1.0.0 (location: /Users/greg/git/kawaii-game/MochiMeadows/Library/PackageCache/com.unity.modules.unitywebrequestwww)
    com.unity.modules.vectorgraphics@1.0.0 (location: /Users/greg/git/kawaii-game/MochiMeadows/Library/PackageCache/com.unity.modules.vectorgraphics)
    com.unity.modules.vehicles@1.0.0 (location: /Users/greg/git/kawaii-game/MochiMeadows/Library/PackageCache/com.unity.modules.vehicles)
    com.unity.modules.video@1.0.0 (location: /Users/greg/git/kawaii-game/MochiMeadows/Library/PackageCache/com.unity.modules.video)
    com.unity.modules.wind@1.0.0 (location: /Users/greg/git/kawaii-game/MochiMeadows/Library/PackageCache/com.unity.modules.wind)
    com.unity.modules.xr@1.0.0 (location: /Users/greg/git/kawaii-game/MochiMeadows/Library/PackageCache/com.unity.modules.xr)
    com.unity.ugui@2.5.0 (location: /Users/greg/git/kawaii-game/MochiMeadows/Library/PackageCache/com.unity.ugui@67707a67a4ab)
    com.unity.modules.subsystems@1.0.0 (location: /Users/greg/git/kawaii-game/MochiMeadows/Library/PackageCache/com.unity.modules.subsystems)
    com.unity.modules.hierarchycore@1.0.0 (location: /Users/greg/git/kawaii-game/MochiMeadows/Library/PackageCache/com.unity.modules.hierarchycore)
[Subsystems] No new subsystems found in resolved package list.
[Package Manager] Done registering packages in 0.00 seconds
AcceleratorClientConnectionCallback - disconnected - :0
[ScriptCompilation] Requested script compilation because: Assembly Definition File(s) changed
[ScriptCompilation] Requested script compilation because: AssetDatabase observed changes in script compilation related files
info: Microsoft.Hosting.Lifetime[14]
      Now listening on: http://unix:/tmp/ilpp.sock-4a076e43e0f2218ab3be1572be7b8dd5
info: Microsoft.Hosting.Lifetime[0]
      Application started. Press Ctrl+C to shut down.
info: Microsoft.Hosting.Lifetime[0]
      Hosting environment: Production
info: Microsoft.Hosting.Lifetime[0]
      Content root path: /Users/greg/git/kawaii-game/MochiMeadows
info: Microsoft.AspNetCore.Hosting.Diagnostics[1]
      Request starting HTTP/2 POST http://ilpp/UnityILPP.PostProcessing/Ping - application/grpc -
info: Microsoft.AspNetCore.Routing.EndpointMiddleware[0]
      Executing endpoint 'gRPC - /UnityILPP.PostProcessing/Ping'
info: Microsoft.AspNetCore.Routing.EndpointMiddleware[1]
      Executed endpoint 'gRPC - /UnityILPP.PostProcessing/Ping'
info: Microsoft.AspNetCore.Hosting.Diagnostics[2]
      Request finished HTTP/2 POST http://ilpp/UnityILPP.PostProcessing/Ping - 200 - application/grpc 13.4874ms
Starting: /Applications/Unity/Hub/Editor/6000.5.6f1/Unity.app/Contents/Resources/BuildPipeline/bee_backend --ipc --defer-dag-verification --dagfile="Library/Bee/200b0aE.dag" --continue-on-failure --profile="Library/Bee/backend1.traceevents" ScriptAssemblies
WorkingDir: /Users/greg/git/kawaii-game/MochiMeadows
ExitCode: 4 Duration: 0s17ms
[             ] Require frontend run.  Library/Bee/200b0aE.dag couldn't be loaded
DisplayProgressbar: Compiling Scripts
Starting: /Applications/Unity/Hub/Editor/6000.5.6f1/Unity.app/Contents/Resources/Scripting/netcorerun/netcorerun "/Applications/Unity/Hub/Editor/6000.5.6f1/Unity.app/Contents/Resources/BuildPipeline/ScriptCompilationBuildProgram.exe" "Library/Bee/200b0aE.dag.json" "Library/Bee/200b0aE-inputdata.json" "Library/Bee/buildprogram0.traceevents"
WorkingDir: /Users/greg/git/kawaii-game/MochiMeadows
ExitCode: 0 Duration: 0s318ms
Starting: /Applications/Unity/Hub/Editor/6000.5.6f1/Unity.app/Contents/Resources/BuildPipeline/bee_backend --ipc --defer-dag-verification --dagfile="Library/Bee/200b0aE.dag" --continue-on-failure --dagfilejson="Library/Bee/200b0aE.dag.json" --profile="Library/Bee/backend2.traceevents" ScriptAssemblies
WorkingDir: /Users/greg/git/kawaii-game/MochiMeadows
ExitCode: 0 Duration: 3s18ms
Finished compiling graph: 248 nodes, 2248 flattened edges (2124 ToBuild, 20 ToUse), maximum node priority 118
[  1/245    0s] MovedFromExtractor Library/Bee/artifacts/mvdfrm/UnityEditor.iOS.Extensions.Xcode.dll_CD19744E197F76F8.mvfrm
[  2/245    0s] MovedFromExtractor Library/Bee/artifacts/mvdfrm/UnityEditor.iOS.Extensions.Common.dll_227CB23ADB320394.mvfrm
[  3/245    0s] MovedFromExtractor Library/Bee/artifacts/mvdfrm/UnityEditor.SceneTemplateModule.dll_73E1113128DEB7CE.mvfrm
[  4/245    0s] MovedFromExtractor Library/Bee/artifacts/mvdfrm/UnityEditor.ClothModule.dll_47A167D61817BE42.mvfrm
[  5/245    0s] MovedFromExtractor Library/Bee/artifacts/mvdfrm/UnityEditor.iOS.Extensions.Xcode.dll_2A343854478371DF.mvfrm
[  6/245    0s] MovedFromExtractor Library/Bee/artifacts/mvdfrm/UnityEditor.SafeModeModule.dll_57029F2FA71F056C.mvfrm
[  7/245    0s] MovedFromExtractor Library/Bee/artifacts/mvdfrm/Unity.Scripting.dll_F513369C63A5C7A6.mvfrm
[  8/245    0s] MovedFromExtractor Library/Bee/artifacts/mvdfrm/UnityEditor.AdaptivePerformanceModule.dll_DA9BB605AB9C7152.mvfrm
[  9/245    0s] MovedFromExtractor Library/Bee/artifacts/mvdfrm/UnityEngine.InputLegacyModule.dll_5F1FD6966A1A3C90.mvfrm
[ 10/245    0s] MovedFromExtractor Library/Bee/artifacts/mvdfrm/UnityEditor.ContentLoadModule.dll_612B45298E711E07.mvfrm
[ 11/245    0s] MovedFromExtractor Library/Bee/artifacts/mvdfrm/UnityEditor.AssetComplianceModule.dll_AE4663B1890818B3.mvfrm
[ 12/245    0s] MovedFromExtractor Library/Bee/artifacts/mvdfrm/UnityEditor.AccessibilityModule.dll_1A458AA0B05C5C46.mvfrm
[ 13/245    0s] MovedFromExtractor Library/Bee/artifacts/mvdfrm/UnityEditor.BuildProfileModule.dll_11A112426EF65D47.mvfrm
[ 14/245    0s] MovedFromExtractor Library/Bee/artifacts/mvdfrm/UnityEditor.QuickSearchModule.dll_89F188866FC1D1AD.mvfrm
[ 15/245    0s] MovedFromExtractor Library/Bee/artifacts/mvdfrm/UnityEditor.AIModule.dll_F74DC00EA7918154.mvfrm
[ 16/245    0s] MovedFromExtractor Library/Bee/artifacts/mvdfrm/UnityEditor.Apple.Extensions.Common.dll_966DC2DF4ECB13F1.mvfrm
[ 17/245    0s] MovedFromExtractor Library/Bee/artifacts/mvdfrm/UnityEditor.DeviceSimulatorModule.dll_756B53C30E4C3486.mvfrm
[ 18/245    0s] MovedFromExtractor Library/Bee/artifacts/mvdfrm/UnityEditor.CoreBusinessMetricsModule.dll_5A86AF7FD1E3A04C.mvfrm
[ 19/245    0s] MovedFromExtractor Library/Bee/artifacts/mvdfrm/UnityEditor.GIModule.dll_8F8A091C4340696E.mvfrm
[ 20/245    0s] MovedFromExtractor Library/Bee/artifacts/mvdfrm/UnityEditor.EmbreeModule.dll_A47C8BA831B729D4.mvfrm
[ 21/245    0s] MovedFromExtractor Library/Bee/artifacts/mvdfrm/UnityEditor.DiagnosticsModule.dll_FEE2077916EAD554.mvfrm
[ 22/245    0s] MovedFromExtractor Library/Bee/artifacts/mvdfrm/UnityEditor.EditorToolbarModule.dll_5041A07329F20D96.mvfrm
[ 23/245    0s] MovedFromExtractor Library/Bee/artifacts/mvdfrm/UnityEditor.CoreModule.dll_110FDE6DF1097E2B.mvfrm
[ 24/245    0s] MovedFromExtractor Library/Bee/artifacts/mvdfrm/UnityEditor.GridModule.dll_EE80FA5C095E1422.mvfrm
[ 25/245    0s] MovedFromExtractor Library/Bee/artifacts/mvdfrm/UnityEditor.GenericRemoteModule.dll_B046E07C12008545.mvfrm
[ 26/245    0s] WriteText Library/Bee/artifacts/200b0aE.dag/UnityEngine.UI.rsp2
[ 27/245    0s] MovedFromExtractor Library/Bee/artifacts/mvdfrm/UnityEditor.GridAndSnapModule.dll_089AEDFA9A4F9243.mvfrm
[ 28/245    0s] MovedFromExtractor Library/Bee/artifacts/mvdfrm/UnityEditor.LightingModule.dll_510A16ABFA0ACE98.mvfrm
[ 29/245    0s] MovedFromExtractor Library/Bee/artifacts/mvdfrm/UnityEditor.GraphicsStateCollectionSerializerModule.dll_1C6FCFF0D5C9C5EE.mvfrm
[ 30/245    0s] WriteText Library/Bee/artifacts/200b0aE.dag/UnityEngine.UI.UnityAdditionalFile.txt
[ 31/245    0s] MovedFromExtractor Library/Bee/artifacts/mvdfrm/UnityEditor.HierarchyModule.dll_1CD7CA4E5381D56D.mvfrm
[ 32/245    0s] MovedFromExtractor Library/Bee/artifacts/mvdfrm/UnityEditor.GraphViewModule.dll_2F63C37295A296AB.mvfrm
[ 33/245    0s] MovedFromExtractor Library/Bee/artifacts/mvdfrm/UnityEditor.MathematicsModule.dll_ED2999C234666D4E.mvfrm
[ 34/245    0s] MovedFromExtractor Library/Bee/artifacts/mvdfrm/UnityEditor.GraphToolkitModule.dll_2D7DF6ED5FA58BCC.mvfrm
[ 35/245    0s] MovedFromExtractor Library/Bee/artifacts/mvdfrm/UnityEditor.MediaModule.dll_AC79246CBC4767EC.mvfrm
[ 36/245    0s] MovedFromExtractor Library/Bee/artifacts/mvdfrm/UnityEditor.MultiplayerModule.dll_47BD087578B60392.mvfrm
[ 37/245    0s] MovedFromExtractor Library/Bee/artifacts/mvdfrm/UnityEditor.PlayModeModule.dll_9CF690E945E814D3.mvfrm
[ 38/245    0s] MovedFromExtractor Library/Bee/artifacts/mvdfrm/UnityEditor.PhysicsModule.dll_33D3D57E373F41EF.mvfrm
[ 39/245    0s] MovedFromExtractor Library/Bee/artifacts/mvdfrm/UnityEditor.PhysicsCore2DModule.dll_0809624C0F015130.mvfrm
[ 40/245    0s] MovedFromExtractor Library/Bee/artifacts/mvdfrm/UnityEditor.Physics2DModule.dll_94A93EA32B7CB101.mvfrm
[ 41/245    0s] MovedFromExtractor Library/Bee/artifacts/mvdfrm/UnityEditor.PresetsUIModule.dll_EAC9FC5497FAEEB0.mvfrm
[ 42/245    0s] MovedFromExtractor Library/Bee/artifacts/mvdfrm/UnityEditor.PropertiesModule.dll_B7677DAD5129463F.mvfrm
[ 43/245    0s] MovedFromExtractor Library/Bee/artifacts/mvdfrm/UnityEditor.ProjectAuditorModule.dll_A23CF9B8615F6B91.mvfrm
[ 44/245    0s] MovedFromExtractor Library/Bee/artifacts/mvdfrm/UnityEngine.dll_6081E27C5C3B405F.mvfrm
[ 45/245    0s] MovedFromExtractor Library/Bee/artifacts/mvdfrm/UnityEngine.VehiclesModule.dll_C9DC5B2FA513AC8E.mvfrm
[ 46/245    0s] MovedFromExtractor Library/Bee/artifacts/mvdfrm/UnityEngine.XRModule.dll_B6C0D9559A4A8DA1.mvfrm
[ 47/245    0s] MovedFromExtractor Library/Bee/artifacts/mvdfrm/UnityEngine.VectorGraphicsModule.dll_A9F3E722BAB9B085.mvfrm
[ 48/245    0s] MovedFromExtractor Library/Bee/artifacts/mvdfrm/UnityEngine.WindModule.dll_AA7F8CE92A4567BF.mvfrm
[ 49/245    0s] MovedFromExtractor Library/Bee/artifacts/mvdfrm/UnityEngine.VideoModule.dll_CBEF4BAA320A2BA8.mvfrm
[ 50/245    0s] MovedFromExtractor Library/Bee/artifacts/mvdfrm/UnityEngine.VirtualTexturingModule.dll_D6D35F11B065C474.mvfrm
[ 51/245    0s] MovedFromExtractor Library/Bee/artifacts/mvdfrm/UnityEngine.UnityWebRequestModule.dll_F8A91B8F0B20947D.mvfrm
[ 52/245    0s] MovedFromExtractor Library/Bee/artifacts/mvdfrm/UnityEngine.VFXModule.dll_EE018EA8910A7675.mvfrm
[ 53/245    0s] MovedFromExtractor Library/Bee/artifacts/mvdfrm/UnityEngine.UnityWebRequestWWWModule.dll_80CCF1F80043F79E.mvfrm
[ 54/245    0s] MovedFromExtractor Library/Bee/artifacts/mvdfrm/UnityEngine.UnityWebRequestAssetBundleModule.dll_CE8ABF2FA9AF1909.mvfrm
[ 55/245    0s] MovedFromExtractor Library/Bee/artifacts/mvdfrm/UnityEngine.UnityConnectModule.dll_FA3AA3C78E62430C.mvfrm
[ 56/245    0s] MovedFromExtractor Library/Bee/artifacts/mvdfrm/UnityEngine.UnityWebRequestAudioModule.dll_143A480495C41EAD.mvfrm
[ 57/245    0s] MovedFromExtractor Library/Bee/artifacts/mvdfrm/UnityEngine.UnityWebRequestTextureModule.dll_9A9A06B2E90DFC22.mvfrm
[ 58/245    0s] MovedFromExtractor Library/Bee/artifacts/mvdfrm/UnityEngine.UnityConsentModule.dll_CBE03AF39B6CD95C.mvfrm
[ 59/245    0s] MovedFromExtractor Library/Bee/artifacts/mvdfrm/UnityEngine.UnityCurlModule.dll_3105E0CCE0135D3E.mvfrm
[ 60/245    0s] MovedFromExtractor Library/Bee/artifacts/mvdfrm/UnityEngine.UmbraModule.dll_21BA7357FC9EBB76.mvfrm
[ 61/245    0s] MovedFromExtractor Library/Bee/artifacts/mvdfrm/UnityEngine.UIModule.dll_312FEFCB6F55BACB.mvfrm
[ 62/245    0s] MovedFromExtractor Library/Bee/artifacts/mvdfrm/UnityEngine.UnityAnalyticsModule.dll_324C21B7D4DA8C38.mvfrm
[ 63/245    0s] MovedFromExtractor Library/Bee/artifacts/mvdfrm/UnityEngine.UnityAnalyticsCommonModule.dll_377CB16A2941F273.mvfrm
[ 64/245    0s] MovedFromExtractor Library/Bee/artifacts/mvdfrm/UnityEngine.U2DRuntimeModule.dll_AF90D56FA094EEE8.mvfrm
[ 65/245    0s] MovedFromExtractor Library/Bee/artifacts/mvdfrm/UnityEngine.TilemapModule.dll_DF91711889C9532B.mvfrm
[ 66/245    0s] MovedFromExtractor Library/Bee/artifacts/mvdfrm/UnityEngine.UIElementsModule.dll_E2F2E610D365B4D2.mvfrm
[ 67/245    0s] MovedFromExtractor Library/Bee/artifacts/mvdfrm/UnityEngine.TextCoreFontEngineModule.dll_6E22762A81008214.mvfrm
[ 68/245    0s] MovedFromExtractor Library/Bee/artifacts/mvdfrm/UnityEngine.TextCoreTextEngineModule.dll_B60AAC9C10843B32.mvfrm
[ 69/245    0s] MovedFromExtractor Library/Bee/artifacts/mvdfrm/UnityEngine.TLSModule.dll_6D22F639BA9D0D08.mvfrm
[ 70/245    0s] MovedFromExtractor Library/Bee/artifacts/mvdfrm/UnityEngine.TextRenderingModule.dll_49C52593F433EC4C.mvfrm
[ 71/245    0s] MovedFromExtractor Library/Bee/artifacts/mvdfrm/UnityEngine.TerrainPhysicsModule.dll_132759C141F634C9.mvfrm
[ 72/245    0s] MovedFromExtractor Library/Bee/artifacts/mvdfrm/UnityEngine.SubstanceModule.dll_8F2941350ADA209D.mvfrm
[ 73/245    0s] MovedFromExtractor Library/Bee/artifacts/mvdfrm/UnityEngine.TerrainModule.dll_40950997720C7222.mvfrm
[ 74/245    0s] MovedFromExtractor Library/Bee/artifacts/mvdfrm/UnityEngine.StreamingModule.dll_B27E2CEBBF87228F.mvfrm
[ 75/245    0s] MovedFromExtractor Library/Bee/artifacts/mvdfrm/UnityEngine.SubsystemsModule.dll_DEB484A8D03978DB.mvfrm
[ 76/245    0s] MovedFromExtractor Library/Bee/artifacts/mvdfrm/UnityEngine.SharedInternalsModule.dll_6B1B52BA7759F54E.mvfrm
[ 77/245    0s] MovedFromExtractor Library/Bee/artifacts/mvdfrm/UnityEngine.SpriteMaskModule.dll_74071E4701F190C8.mvfrm
[ 78/245    0s] MovedFromExtractor Library/Bee/artifacts/mvdfrm/UnityEngine.ShaderVariantAnalyticsModule.dll_5B54246394DA379D.mvfrm
[ 79/245    0s] MovedFromExtractor Library/Bee/artifacts/mvdfrm/UnityEngine.SpriteShapeModule.dll_E73BE8D287CABEA9.mvfrm
[ 80/245    0s] MovedFromExtractor Library/Bee/artifacts/mvdfrm/UnityEngine.ScreenCaptureModule.dll_2085B3893CFC6C57.mvfrm
[ 81/245    0s] MovedFromExtractor Library/Bee/artifacts/mvdfrm/UnityEngine.ScriptingModule.dll_150A9861EF871A04.mvfrm
[ 82/245    0s] MovedFromExtractor Library/Bee/artifacts/mvdfrm/UnityEngine.RuntimeInitializeOnLoadManagerInitializerModule.dll_FE490C77DA989FAF.mvfrm
[ 83/245    0s] MovedFromExtractor Library/Bee/artifacts/mvdfrm/UnityEngine.PhysicsBackendPhysXModule.dll_753F3248C99E0716.mvfrm
[ 84/245    0s] MovedFromExtractor Library/Bee/artifacts/mvdfrm/UnityEngine.RenderAs2DModule.dll_F94DAD7B32C7A9C1.mvfrm
[ 85/245    0s] MovedFromExtractor Library/Bee/artifacts/mvdfrm/UnityEngine.Physics2DModule.dll_4A8F2F8C10FC62E6.mvfrm
[ 86/245    0s] MovedFromExtractor Library/Bee/artifacts/mvdfrm/UnityEngine.ParticleSystemModule.dll_12ACB0EE28B33A3C.mvfrm
[ 87/245    0s] MovedFromExtractor Library/Bee/artifacts/mvdfrm/UnityEngine.PropertiesModule.dll_B815EAF5536D5F8A.mvfrm
[ 88/245    0s] MovedFromExtractor Library/Bee/artifacts/mvdfrm/UnityEngine.PhysicsModule.dll_264E8E289C4E2934.mvfrm
[ 89/245    0s] MovedFromExtractor Library/Bee/artifacts/mvdfrm/UnityEngine.PhysicsCore2DModule.dll_944A547387F9D455.mvfrm
[ 90/245    0s] MovedFromExtractor Library/Bee/artifacts/mvdfrm/UnityEngine.PerformanceReportingModule.dll_9C3DF4260F595415.mvfrm
[ 91/245    0s] MovedFromExtractor Library/Bee/artifacts/mvdfrm/UnityEngine.MultiplayerModule.dll_4D82D8048AF01417.mvfrm
[ 92/245    0s] MovedFromExtractor Library/Bee/artifacts/mvdfrm/UnityEngine.MathematicsModule.dll_F2EF695146A07DD3.mvfrm
[ 93/245    0s] MovedFromExtractor Library/Bee/artifacts/mvdfrm/UnityEngine.JSONSerializeModule.dll_069E060428903FF5.mvfrm
[ 94/245    0s] MovedFromExtractor Library/Bee/artifacts/mvdfrm/UnityEngine.LocalizationModule.dll_CAC45F20DCDE0820.mvfrm
[ 95/245    0s] MovedFromExtractor Library/Bee/artifacts/mvdfrm/UnityEngine.MarshallingModule.dll_76435A0CB650B3F1.mvfrm
[ 96/245    0s] MovedFromExtractor Library/Bee/artifacts/mvdfrm/UnityEditor.QuickInstallModule.dll_F0806081B07CCB7A.mvfrm
[ 97/245    0s] MovedFromExtractor Library/Bee/artifacts/mvdfrm/UnityEngine.InsightsModule.dll_EBE02A40B5672C72.mvfrm
[ 98/245    0s] MovedFromExtractor Library/Bee/artifacts/mvdfrm/UnityEngine.InputModule.dll_0D5B8EEFE5B034A7.mvfrm
[ 99/245    0s] MovedFromExtractor Library/Bee/artifacts/mvdfrm/UnityEngine.ImageConversionModule.dll_E70A13E5002BF9FE.mvfrm
[100/245    0s] MovedFromExtractor Library/Bee/artifacts/mvdfrm/UnityEngine.InputForUIModule.dll_8D8D05D040A2980A.mvfrm
[101/245    0s] MovedFromExtractor Library/Bee/artifacts/mvdfrm/UnityEngine.GridModule.dll_11A1CDAEB1637F4D.mvfrm
[102/245    0s] MovedFromExtractor Library/Bee/artifacts/mvdfrm/UnityEngine.HierarchyCoreModule.dll_1DA119A298023861.mvfrm
[103/245    0s] MovedFromExtractor Library/Bee/artifacts/mvdfrm/UnityEngine.IMGUIModule.dll_DF4566A635A9A3E4.mvfrm
[104/245    0s] MovedFromExtractor Library/Bee/artifacts/mvdfrm/UnityEngine.HotReloadModule.dll_7F31FDA14B3286D3.mvfrm
[105/245    0s] MovedFromExtractor Library/Bee/artifacts/mvdfrm/UnityEngine.IdentifiersModule.dll_A664436D94A154B7.mvfrm
[106/245    0s] MovedFromExtractor Library/Bee/artifacts/mvdfrm/UnityEngine.GraphicsStateCollectionSerializerModule.dll_25639CE0A2C90F53.mvfrm
[107/245    0s] MovedFromExtractor Library/Bee/artifacts/mvdfrm/UnityEngine.GameCenterModule.dll_8ADAABB6E081FB4E.mvfrm
[108/245    0s] MovedFromExtractor Library/Bee/artifacts/mvdfrm/UnityEngine.GIModule.dll_CDF89AABAEBD9D39.mvfrm
[109/245    0s] MovedFromExtractor Library/Bee/artifacts/mvdfrm/UnityEngine.CrashReportingModule.dll_BF9A67A1BAA1AEAE.mvfrm
[110/245    0s] MovedFromExtractor Library/Bee/artifacts/mvdfrm/UnityEngine.DirectorModule.dll_521961B02AE9DCF3.mvfrm
[111/245    0s] MovedFromExtractor Library/Bee/artifacts/mvdfrm/UnityEngine.DSPGraphModule.dll_576AC3199D4AAE14.mvfrm
[112/245    0s] MovedFromExtractor Library/Bee/artifacts/mvdfrm/UnityEngine.CoreModule.dll_3430B1C0990EE956.mvfrm
[113/245    0s] MovedFromExtractor Library/Bee/artifacts/mvdfrm/UnityEngine.ClusterRendererModule.dll_7B1816347E07420A.mvfrm
[114/245    0s] MovedFromExtractor Library/Bee/artifacts/mvdfrm/UnityEngine.ContentLoadModule.dll_66F114B8A0AB2E8C.mvfrm
[115/245    0s] MovedFromExtractor Library/Bee/artifacts/mvdfrm/UnityEngine.ClothModule.dll_0DCE243A4994EEE7.mvfrm
[116/245    0s] MovedFromExtractor Library/Bee/artifacts/mvdfrm/UnityEngine.AdaptivePerformanceModule.dll_9B2B4ABBE6E1C457.mvfrm
[117/245    0s] MovedFromExtractor Library/Bee/artifacts/mvdfrm/UnityEngine.AndroidJNIModule.dll_608D619C1A410A5D.mvfrm
[118/245    0s] MovedFromExtractor Library/Bee/artifacts/mvdfrm/UnityEngine.AssetBundleModule.dll_CDDABB77D228869F.mvfrm
[119/245    0s] MovedFromExtractor Library/Bee/artifacts/mvdfrm/UnityEngine.AnimationModule.dll_FDE93F9B6FFF6B51.mvfrm
[120/245    0s] MovedFromExtractor Library/Bee/artifacts/mvdfrm/UnityEngine.ClusterInputModule.dll_8C7794CE45621527.mvfrm
[121/245    0s] MovedFromExtractor Library/Bee/artifacts/mvdfrm/UnityEngine.AccessibilityModule.dll_A6867CC82954DF6B.mvfrm
[122/245    0s] MovedFromExtractor Library/Bee/artifacts/mvdfrm/UnityEngine.AudioModule.dll_A6E5C73F6F781003.mvfrm
[123/245    0s] MovedFromExtractor Library/Bee/artifacts/mvdfrm/UnityEditor.dll_2DDD9BA3FDC7B37A.mvfrm
[124/245    0s] MovedFromExtractor Library/Bee/artifacts/mvdfrm/UnityEngine.ARModule.dll_EF2F16A1702C13E8.mvfrm
[125/245    0s] MovedFromExtractor Library/Bee/artifacts/mvdfrm/UnityEngine.AIModule.dll_35BC519E130EB51F.mvfrm
[126/245    0s] MovedFromExtractor Library/Bee/artifacts/mvdfrm/UnityEditor.VideoModule.dll_05C28F46008CFB03.mvfrm
[127/245    0s] MovedFromExtractor Library/Bee/artifacts/mvdfrm/UnityEditor.XRModule.dll_785247C62ECD59D6.mvfrm
[128/245    0s] MovedFromExtractor Library/Bee/artifacts/mvdfrm/UnityEditor.VectorGraphicsModule.dll_EECF85879ECD1C7A.mvfrm
[129/245    0s] MovedFromExtractor Library/Bee/artifacts/mvdfrm/UnityEditor.VFXModule.dll_E1DFEC55215A6870.mvfrm
[130/245    0s] MovedFromExtractor Library/Bee/artifacts/mvdfrm/UnityEditor.UnityConnectModule.dll_0CDB1FB893DA4261.mvfrm
[131/245    0s] MovedFromExtractor Library/Bee/artifacts/mvdfrm/UnityEditor.UmbraModule.dll_5B8DB6F3CB218AD1.mvfrm
[132/245    0s] MovedFromExtractor Library/Bee/artifacts/mvdfrm/UnityEditor.U2DModule.dll_0DB8973856F6C8CF.mvfrm
[133/245    0s] MovedFromExtractor Library/Bee/artifacts/mvdfrm/UnityEditor.UIBuilderModule.dll_83EC708F085B0FDF.mvfrm
[134/245    0s] MovedFromExtractor Library/Bee/artifacts/mvdfrm/UnityEditor.TreeModule.dll_6EBBD37C78CF136A.mvfrm
[135/245    0s] MovedFromExtractor Library/Bee/artifacts/mvdfrm/UnityEditor.UIElementsSamplesModule.dll_C70108981EDCBB56.mvfrm
[136/245    0s] MovedFromExtractor Library/Bee/artifacts/mvdfrm/UnityEditor.UIToolkitAuthoringModule.dll_23198F648C894709.mvfrm
[137/245    0s] MovedFromExtractor Library/Bee/artifacts/mvdfrm/UnityEditor.UIAutomationModule.dll_C24201330B6A2607.mvfrm
[138/245    0s] MovedFromExtractor Library/Bee/artifacts/mvdfrm/UnityEditor.UIElementsModule.dll_E24478C8D1219B87.mvfrm
[139/245    0s] MovedFromExtractor Library/Bee/artifacts/mvdfrm/UnityEditor.TextRenderingModule.dll_BD84336C7B3B6927.mvfrm
[140/245    0s] MovedFromExtractor Library/Bee/artifacts/mvdfrm/UnityEditor.TextCoreTextEngineModule.dll_37AB3148FD867C67.mvfrm
[141/245    0s] WriteText Library/Bee/artifacts/200b0aE.dag/UnityEngine.UI.dll.mvfrm.rsp
[142/245    0s] WriteText Library/Bee/artifacts/200b0aE.dag/UnityEngine.UI.rsp
[143/245    0s] WriteText Library/Bee/artifacts/200b0aE.dag/UnityEditor.UI.UnityAdditionalFile.txt
[144/245    0s] WriteText Library/Bee/artifacts/200b0aE.dag/UnityEditor.UI.rsp2
[145/245    0s] MovedFromExtractor Library/Bee/artifacts/mvdfrm/UnityEditor.TilemapModule.dll_ED16B86E24BA6BE6.mvfrm
[146/245    0s] MovedFromExtractor Library/Bee/artifacts/mvdfrm/UnityEditor.TextCoreFontEngineModule.dll_EFC2FAD76E02C349.mvfrm
[147/245    0s] MovedFromExtractor Library/Bee/artifacts/mvdfrm/UnityEditor.TerrainModule.dll_4E1A50ED0CFD8ADD.mvfrm
[148/245    0s] WriteText Library/Bee/artifacts/200b0aE.dag/UnityEditor.UI.dll.mvfrm.rsp
[149/245    0s] WriteText Library/Bee/artifacts/200b0aE.dag/UnityEditor.UI.rsp
[150/245    0s] WriteText Library/Bee/artifacts/200b0aE.dag/Unity.InternalAPIEngineBridge.004.UnityAdditionalFile.txt
[151/245    0s] WriteText Library/Bee/artifacts/200b0aE.dag/Unity.InternalAPIEngineBridge.004.rsp2
[152/245    0s] WriteText Library/Bee/artifacts/200b0aE.dag/Unity.InternalAPIEngineBridge.004.dll.mvfrm.rsp
[153/245    0s] WriteText Library/Bee/artifacts/200b0aE.dag/Unity.InternalAPIEngineBridge.004.rsp
[154/245    0s] WriteText Library/Bee/artifacts/200b0aE.dag/Unity.TextMeshPro.UnityAdditionalFile.txt
[155/245    0s] WriteText Library/Bee/artifacts/200b0aE.dag/Unity.TextMeshPro.rsp2
[156/245    0s] WriteText Library/Bee/artifacts/200b0aE.dag/Unity.Multiplayer.Center.Common.UnityAdditionalFile.txt
[157/245    0s] WriteText Library/Bee/artifacts/200b0aE.dag/Unity.Multiplayer.Center.Common.rsp2
[158/245    0s] WriteText Library/Bee/artifacts/200b0aE.dag/Unity.TextMeshPro.dll.mvfrm.rsp
[159/245    0s] WriteText Library/Bee/artifacts/200b0aE.dag/Unity.TextMeshPro.rsp
[160/245    0s] WriteText Library/Bee/artifacts/200b0aE.dag/Unity.Multiplayer.Center.Common.dll.mvfrm.rsp
[161/245    0s] WriteText Library/Bee/artifacts/200b0aE.dag/Unity.Multiplayer.Center.Common.rsp
[162/245    0s] WriteText Library/Bee/artifacts/200b0aE.dag/Unity.Multiplayer.Center.Editor.UnityAdditionalFile.txt
[163/245    0s] WriteText Library/Bee/artifacts/200b0aE.dag/Unity.Multiplayer.Center.Editor.rsp2
[164/245    0s] WriteText Library/Bee/artifacts/200b0aE.dag/Unity.TextMeshPro.Editor.UnityAdditionalFile.txt
[165/245    0s] WriteText Library/Bee/artifacts/200b0aE.dag/Unity.TextMeshPro.Editor.rsp2
[166/245    0s] WriteText Library/Bee/artifacts/200b0aE.dag/UnityEditor.UI.Analytics.UnityAdditionalFile.txt
[167/245    0s] WriteText Library/Bee/artifacts/200b0aE.dag/UnityEditor.UI.Analytics.rsp2
[168/245    0s] WriteText Library/Bee/artifacts/200b0aE.dag/Unity.Multiplayer.Center.Editor.dll.mvfrm.rsp
[169/245    0s] WriteText Library/Bee/artifacts/200b0aE.dag/Unity.TextMeshPro.Editor.dll.mvfrm.rsp
[170/245    0s] WriteText Library/Bee/artifacts/200b0aE.dag/UnityEditor.UI.Analytics.dll.mvfrm.rsp
[171/245    0s] WriteText Library/Bee/artifacts/200b0aE.dag/Unity.Multiplayer.Center.Editor.rsp
[172/245    0s] WriteText Library/Bee/artifacts/200b0aE.dag/Unity.TextMeshPro.Editor.rsp
[173/245    0s] WriteText Library/Bee/artifacts/200b0aE.dag/UnityEditor.UI.Analytics.rsp
[174/245    0s] WriteText Library/Bee/artifacts/200b0aE.dag/Assembly-CSharp.UnityAdditionalFile.txt
[175/245    0s] WriteText Library/Bee/artifacts/200b0aE.dag/Assembly-CSharp.rsp2
[176/245    0s] WriteText Library/Bee/artifacts/200b0aE.dag/Assembly-CSharp.dll.mvfrm.rsp
[177/245    0s] WriteText Library/Bee/artifacts/200b0aE.dag/Assembly-CSharp.rsp
[178/245    0s] WriteText Library/Bee/artifacts/200b0aE.dag/Assembly-CSharp-Editor.UnityAdditionalFile.txt
[179/245    0s] WriteText Library/Bee/artifacts/200b0aE.dag/Assembly-CSharp-Editor.rsp2
[180/245    0s] WriteText Library/Bee/artifacts/200b0aE.dag/Assembly-CSharp-Editor.dll.mvfrm.rsp
[181/245    0s] WriteText Library/Bee/artifacts/200b0aE.dag/Assembly-CSharp-Editor.rsp
[182/245    0s] MovedFromExtractor Library/Bee/artifacts/mvdfrm/UnityEditor.SubstanceModule.dll_D943504C255A6EB8.mvfrm
[183/245    0s] MovedFromExtractor Library/Bee/artifacts/mvdfrm/UnityEditor.SpriteMaskModule.dll_7358B0FEFFAD777D.mvfrm
[184/245    0s] MovedFromExtractor Library/Bee/artifacts/mvdfrm/UnityEditor.SpriteShapeModule.dll_E17619437590AE24.mvfrm
[185/245    0s] MovedFromExtractor Library/Bee/artifacts/mvdfrm/UnityEditor.ShaderBuildSettingsModule.dll_E2C1FCAE7E9BA294.mvfrm
[186/245    0s] MovedFromExtractor Library/Bee/artifacts/mvdfrm/UnityEditor.ShaderCompilationModule.dll_D2CF6B1001E0B026.mvfrm
[187/245    0s] MovedFromExtractor Library/Bee/artifacts/mvdfrm/UnityEditor.SketchUpModule.dll_3F17847FF250A183.mvfrm
[188/245    0s] MovedFromExtractor Library/Bee/artifacts/mvdfrm/UnityEditor.ShaderFoundryModule.dll_B2C0E1744B8E345C.mvfrm
[189/245    0s] MovedFromExtractor Library/Bee/artifacts/mvdfrm/UnityEditor.Graphs.dll_76CDE359714C1D5D.mvfrm
[190/245    0s] MovedFromExtractor Library/Bee/artifacts/mvdfrm/UnityEditor.iOS.Extensions.dll_170B3556448ADDD1.mvfrm
[191/245    0s] MovedFromExtractor Library/Bee/artifacts/mvdfrm/UnityEditor.SceneViewModule.dll_6E13A67A8AC563B9.mvfrm
[192/245    0s] MovedFromExtractor Library/Bee/artifacts/mvdfrm/UnityEditor.WebGL.Extensions.dll_8D0D003EFE711FF1.mvfrm
[193/245    0s] MovedFromExtractor Library/Bee/artifacts/mvdfrm/UnityEditor.OSXStandalone.Extensions.dll_422578B06E86D98C.mvfrm
[194/245    0s] MovedFromExtractor Library/Bee/artifacts/mvdfrm/UnityEngine.AMDModule.dll_6E9332D4936C91B5.mvfrm
[195/245    0s] MovedFromExtractor Library/Bee/artifacts/mvdfrm/UnityEngine.HierarchyModule.dll_D2BDBB3739018752.mvfrm
[196/245    0s] MovedFromExtractor Library/Bee/artifacts/mvdfrm/UnityEngine.NVIDIAModule.dll_FC8DA38F8F544482.mvfrm
[197/245    0s] MovedFromExtractor-Combine Library/Bee/artifacts/200b0aE.dag/UnityEngine.UI.dll.mvfrm
[197/245    0s] Csc Library/Bee/artifacts/200b0aE.dag/UnityEngine.UI.dll (+2 others) [CacheHit f22acbbac8656b3da28ef5ef8bdad75900000000000000000000000000000006]
[198/245    0s] Csc Library/Bee/artifacts/200b0aE.dag/UnityEngine.UI.dll (+2 others)
[200/245    0s] CopyFiles Library/ScriptAssemblies/UnityEngine.UI.pdb
[201/245    0s] CopyFiles Library/ScriptAssemblies/UnityEngine.UI.dll
[202/245    0s] MovedFromExtractor Library/Bee/artifacts/mvdfrm/UnityEngine.UI.ref.dll_79746E5030301F94.mvfrm
[203/245    0s] MovedFromExtractor-Combine Library/Bee/artifacts/200b0aE.dag/UnityEditor.UI.dll.mvfrm
[202/245    0s] Csc Library/Bee/artifacts/200b0aE.dag/UnityEditor.UI.dll (+2 others) [CacheHit 2701920e455c0bab98f893e8d5cd13cc00000000000000000000000000000006]
[204/245    0s] Csc Library/Bee/artifacts/200b0aE.dag/UnityEditor.UI.dll (+2 others)
[206/245    0s] CopyFiles Library/ScriptAssemblies/UnityEditor.UI.pdb
[207/245    0s] CopyFiles Library/ScriptAssemblies/UnityEditor.UI.dll
[208/245    0s] MovedFromExtractor Library/Bee/artifacts/mvdfrm/UnityEditor.UI.ref.dll_BD0E97F52A0DF729.mvfrm
[209/245    0s] MovedFromExtractor-Combine Library/Bee/artifacts/200b0aE.dag/Unity.InternalAPIEngineBridge.004.dll.mvfrm
[210/245    0s] MovedFromExtractor-Combine Library/Bee/artifacts/200b0aE.dag/Unity.Multiplayer.Center.Common.dll.mvfrm
[208/245    0s] Csc Library/Bee/artifacts/200b0aE.dag/Unity.Multiplayer.Center.Common.dll (+2 others) [CacheHit 73b6034faecd8b2e0e2783d7277ccb1100000000000000000000000000000006]
[211/245    0s] Csc Library/Bee/artifacts/200b0aE.dag/Unity.Multiplayer.Center.Common.dll (+2 others)
[209/245    0s] Csc Library/Bee/artifacts/200b0aE.dag/Unity.InternalAPIEngineBridge.004.dll (+2 others) [CacheHit 7cc191210b2e7a0232a66fc5bc229c5100000000000000000000000000000006]
[213/245    0s] Csc Library/Bee/artifacts/200b0aE.dag/Unity.InternalAPIEngineBridge.004.dll (+2 others)
[215/245    0s] CopyFiles Library/ScriptAssemblies/Unity.InternalAPIEngineBridge.004.dll
[216/245    0s] CopyFiles Library/ScriptAssemblies/Unity.Multiplayer.Center.Common.pdb
[217/245    0s] CopyFiles Library/ScriptAssemblies/Unity.Multiplayer.Center.Common.dll
[218/245    0s] CopyFiles Library/ScriptAssemblies/Unity.InternalAPIEngineBridge.004.pdb
[219/245    0s] MovedFromExtractor Library/Bee/artifacts/mvdfrm/Unity.InternalAPIEngineBridge.004.ref.dll_B056A82D7D167432.mvfrm
[220/245    0s] MovedFromExtractor Library/Bee/artifacts/mvdfrm/Unity.Multiplayer.Center.Common.ref.dll_70C63ADD63245F54.mvfrm
[221/245    0s] MovedFromExtractor-Combine Library/Bee/artifacts/200b0aE.dag/Unity.Multiplayer.Center.Editor.dll.mvfrm
[222/245    0s] MovedFromExtractor-Combine Library/Bee/artifacts/200b0aE.dag/Unity.TextMeshPro.dll.mvfrm
[218/245    0s] Csc Library/Bee/artifacts/200b0aE.dag/Unity.Multiplayer.Center.Editor.dll (+2 others) [CacheHit d15022020e82a3e0050f3c5a07457efc00000000000000000000000000000006]
[223/245    0s] Csc Library/Bee/artifacts/200b0aE.dag/Unity.Multiplayer.Center.Editor.dll (+2 others)
[225/245    0s] CopyFiles Library/ScriptAssemblies/Unity.Multiplayer.Center.Editor.dll
[226/245    0s] CopyFiles Library/ScriptAssemblies/Unity.Multiplayer.Center.Editor.pdb
[221/245    0s] Csc Library/Bee/artifacts/200b0aE.dag/Unity.TextMeshPro.dll (+2 others) [CacheHit 687e3d6a91ee9d13da87403e5acd18a100000000000000000000000000000006]
[227/245    0s] Csc Library/Bee/artifacts/200b0aE.dag/Unity.TextMeshPro.dll (+2 others)
[229/245    0s] CopyFiles Library/ScriptAssemblies/Unity.TextMeshPro.pdb
[230/245    0s] CopyFiles Library/ScriptAssemblies/Unity.TextMeshPro.dll
[231/245    0s] MovedFromExtractor Library/Bee/artifacts/mvdfrm/Unity.TextMeshPro.ref.dll_EA61D4CF7C90DCE7.mvfrm
[232/245    0s] MovedFromExtractor Library/Bee/artifacts/mvdfrm/Unity.Multiplayer.Center.Editor.ref.dll_6DAF32D8644B89D6.mvfrm
[233/245    0s] MovedFromExtractor-Combine Library/Bee/artifacts/200b0aE.dag/UnityEditor.UI.Analytics.dll.mvfrm
[234/245    0s] MovedFromExtractor-Combine Library/Bee/artifacts/200b0aE.dag/Unity.TextMeshPro.Editor.dll.mvfrm
[228/245    0s] Csc Library/Bee/artifacts/200b0aE.dag/UnityEditor.UI.Analytics.dll (+2 others) [CacheHit 98493847b6307efff07067e7004c342c00000000000000000000000000000006]
[235/245    0s] Csc Library/Bee/artifacts/200b0aE.dag/UnityEditor.UI.Analytics.dll (+2 others)
[237/245    0s] CopyFiles Library/ScriptAssemblies/UnityEditor.UI.Analytics.pdb
[238/245    0s] CopyFiles Library/ScriptAssemblies/UnityEditor.UI.Analytics.dll
[231/245    0s] Csc Library/Bee/artifacts/200b0aE.dag/Unity.TextMeshPro.Editor.dll (+2 others) [CacheHit 8b81bef4b64c1595f7b0e21ee65942b600000000000000000000000000000006]
[239/245    0s] Csc Library/Bee/artifacts/200b0aE.dag/Unity.TextMeshPro.Editor.dll (+2 others)
[241/245    0s] CopyFiles Library/ScriptAssemblies/Unity.TextMeshPro.Editor.pdb
[242/245    0s] CopyFiles Library/ScriptAssemblies/Unity.TextMeshPro.Editor.dll
[243/245    0s] MovedFromExtractor Library/Bee/artifacts/mvdfrm/UnityEditor.UI.Analytics.ref.dll_EB7E26C292B13811.mvfrm
[244/245    0s] MovedFromExtractor Library/Bee/artifacts/mvdfrm/Unity.TextMeshPro.Editor.ref.dll_C5B7873C632B963A.mvfrm
[245/245    0s] MovedFromExtractor-Combine Library/Bee/artifacts/200b0aE.dag/Assembly-CSharp-Editor.dll.mvfrm
[246/245    0s] MovedFromExtractor-Combine Library/Bee/artifacts/200b0aE.dag/Assembly-CSharp.dll.mvfrm
[247/245    1s] Csc Library/Bee/artifacts/200b0aE.dag/Assembly-CSharp.dll (+2 others)
Assets/Scripts/Runtime/Ui/UiController.cs(63,14): warning CS0414: The field 'UiController.joystickActive' is assigned but its value is never used
Assets/Scripts/Runtime/Inputs/InputService.cs(22,21): warning UAC1001: Field 'HotbarPressed' type 'int?' is skipped by serialization (missing the [Serializable] attribute). Refer to the Serialization rules analyzer reference. (https://docs.unity3d.com/6000.5/Documentation/Manual/script-serialization-analyzer.html#uac1001)
Assets/Scripts/Runtime/Inputs/InputService.cs(23,21): warning UAC1001: Field 'TapTileX' type 'int?' is skipped by serialization (missing the [Serializable] attribute). Refer to the Serialization rules analyzer reference. (https://docs.unity3d.com/6000.5/Documentation/Manual/script-serialization-analyzer.html#uac1001)
Assets/Scripts/Runtime/Inputs/InputService.cs(23,31): warning UAC1001: Field 'TapTileY' type 'int?' is skipped by serialization (missing the [Serializable] attribute). Refer to the Serialization rules analyzer reference. (https://docs.unity3d.com/6000.5/Documentation/Manual/script-serialization-analyzer.html#uac1001)
[248/245    0s] CopyFiles Library/ScriptAssemblies/Assembly-CSharp.pdb
[249/245    0s] CopyFiles Library/ScriptAssemblies/Assembly-CSharp.dll
[250/245    0s] Csc Library/Bee/artifacts/200b0aE.dag/Assembly-CSharp-Editor.dll (+2 others)
Assets/Scripts/Editor/BuildScript.cs(34,17): warning CS0618: 'PlayerSettings.SetArchitecture(BuildTargetGroup, int)' is obsolete: 'Use SetArchitecture(NamedBuildTarget buildTarget, int architecture) instead'
Assets/Scripts/Editor/BuildScript.cs(74,13): warning CS0618: 'PlayerSettings.SetScriptingBackend(BuildTargetGroup, ScriptingImplementation)' is obsolete: 'Use SetScriptingBackend(NamedBuildTarget buildTarget, ScriptingImplementation backend) instead'
[251/245    0s] CopyFiles Library/ScriptAssemblies/Assembly-CSharp-Editor.pdb
[252/245    0s] CopyFiles Library/ScriptAssemblies/Assembly-CSharp-Editor.dll
*** Tundra build success (3.00 seconds), 236 items updated, 245 evaluated
Assets/Scripts/Runtime/Ui/UiController.cs(63,14): warning CS0414: The field 'UiController.joystickActive' is assigned but its value is never used
Assets/Scripts/Runtime/Inputs/InputService.cs(22,21): warning UAC1001: Field 'HotbarPressed' type 'int?' is skipped by serialization (missing the [Serializable] attribute). Refer to the Serialization rules analyzer reference. (https://docs.unity3d.com/6000.5/Documentation/Manual/script-serialization-analyzer.html#uac1001)
Assets/Scripts/Runtime/Inputs/InputService.cs(23,21): warning UAC1001: Field 'TapTileX' type 'int?' is skipped by serialization (missing the [Serializable] attribute). Refer to the Serialization rules analyzer reference. (https://docs.unity3d.com/6000.5/Documentation/Manual/script-serialization-analyzer.html#uac1001)
Assets/Scripts/Runtime/Inputs/InputService.cs(23,31): warning UAC1001: Field 'TapTileY' type 'int?' is skipped by serialization (missing the [Serializable] attribute). Refer to the Serialization rules analyzer reference. (https://docs.unity3d.com/6000.5/Documentation/Manual/script-serialization-analyzer.html#uac1001)
Assets/Scripts/Editor/BuildScript.cs(34,17): warning CS0618: 'PlayerSettings.SetArchitecture(BuildTargetGroup, int)' is obsolete: 'Use SetArchitecture(NamedBuildTarget buildTarget, int architecture) instead'
Assets/Scripts/Editor/BuildScript.cs(74,13): warning CS0618: 'PlayerSettings.SetScriptingBackend(BuildTargetGroup, ScriptingImplementation)' is obsolete: 'Use SetScriptingBackend(NamedBuildTarget buildTarget, ScriptingImplementation backend) instead'
Assets/Scripts/Runtime/Inputs/InputService.cs(23,21): warning UAC1001: Field 'TapTileX' type 'int?' is skipped by serialization (missing the [Serializable] attribute). Refer to the Serialization rules analyzer reference. (https://docs.unity3d.com/6000.5/Documentation/Manual/script-serialization-analyzer.html#uac1001)
Assets/Scripts/Runtime/Inputs/InputService.cs(23,31): warning UAC1001: Field 'TapTileY' type 'int?' is skipped by serialization (missing the [Serializable] attribute). Refer to the Serialization rules analyzer reference. (https://docs.unity3d.com/6000.5/Documentation/Manual/script-serialization-analyzer.html#uac1001)
AssetDatabase: script compilation time: 3.693640s
Begin MonoManager ReloadAssembly
<CFData 0x8f90815e0 [0x1f80dd3c8]>{length = 6, capacity = 6, bytes = 0x708cf2b1efe1}
Total cache size 74232226
Total cache size after purge 74232226, took 00:00:00.0427085
Importing 'GUID: 00000000000000001000000000000000 - Path: Assets' with importer (DefaultImporter)
Imported 'GUID: 00000000000000001000000000000000' -> (Import Result ID: 'd4b99c274a2bfd195a0fab07a219813d') in 0.006 seconds [static dependencies only]. Details - ImportResultOutputID=931399766a3d35f20ee4474945b75a67 DependenciesID=b70de132a7282aafa7414a97dcffc9e1 StaticDependenciesID=f5f353ad10b41c84dbd766055d9989c6 
Importing 'GUID: 00000000000000002000000000000000 - Path: ProjectSettings/InputManager.asset' with importer (LibraryAssetImporter)
Imported 'GUID: 00000000000000002000000000000000' -> (Import Result ID: '122dd9edfa1375de805a66904857642d') in 0.001 seconds [static dependencies only]. Details - ImportResultOutputID=0290babc70dea6fa2c98f564a251f1f8 DependenciesID=e13aed5572a9dfc6d157cca70707a022 StaticDependenciesID=233ebbccf2adc0a5c1ca8885eb2bc052 
Importing 'GUID: 00000000000000003000000000000000 - Path: ProjectSettings/TagManager.asset' with importer (LibraryAssetImporter)
Imported 'GUID: 00000000000000003000000000000000' -> (Import Result ID: 'e7f16330ab18354fa5c6c22588bd6b9e') in 0.000 seconds [static dependencies only]. Details - ImportResultOutputID=fd6696bcbef029973bb12ace65e33982 DependenciesID=f35365170e5d58c444badbe1c8e8a4fc StaticDependenciesID=bcd866a7c3956a26e77b74cfbc6210b0 
Importing 'GUID: 00000000000000004000000000000000 - Path: ProjectSettings/ProjectSettings.asset' with importer (LibraryAssetImporter)
Imported 'GUID: 00000000000000004000000000000000' -> (Import Result ID: '9cb26759192e952b04428a1e4f1cd84a') in 0.000 seconds [static dependencies only]. Details - ImportResultOutputID=276a810dac73e1f29404d5e5f692e214 DependenciesID=c3fd80267dc716a7297da584f8f46515 StaticDependenciesID=7163f11036292cf24de2385a32e9d7bd 
Importing 'GUID: 00000000000000006000000000000000 - Path: ProjectSettings/AudioManager.asset' with importer (LibraryAssetImporter)
Imported 'GUID: 00000000000000006000000000000000' -> (Import Result ID: '222655a7ee09c701162a4a03301f329d') in 0.000 seconds [static dependencies only]. Details - ImportResultOutputID=acca44841ee8003c72d524064efb6e35 DependenciesID=1c867fc2eb1e33cbab379e9914026e24 StaticDependenciesID=c60a58a77039892abca1222b4524d2f6 
Importing 'GUID: 00000000000000007000000000000000 - Path: ProjectSettings/TimeManager.asset' with importer (LibraryAssetImporter)
Imported 'GUID: 00000000000000007000000000000000' -> (Import Result ID: 'b7cea43959c5a70f6cafb9d7bbf07204') in 0.000 seconds [static dependencies only]. Details - ImportResultOutputID=bcbe57e6eed4f14d697ceae3e9a4ee48 DependenciesID=b41fcbca90521a4ef76dc45abd5ee30f StaticDependenciesID=de80ff743d967013c06205e8643638c7 
Importing 'GUID: 00000000000000008000000000000000 - Path: ProjectSettings/DynamicsManager.asset' with importer (LibraryAssetImporter)
Imported 'GUID: 00000000000000008000000000000000' -> (Import Result ID: '01117e187546a80035e1d4d46e76d0d3') in 0.000 seconds [static dependencies only]. Details - ImportResultOutputID=af765d07e318cf68f695edacf91778bd DependenciesID=a72988d2a4e3c003a30c86e53a954198 StaticDependenciesID=7292a8773e09fece8a4831b39fe2006c 
Importing 'GUID: 00000000000000009000000000000000 - Path: ProjectSettings/QualitySettings.asset' with importer (LibraryAssetImporter)
Imported 'GUID: 00000000000000009000000000000000' -> (Import Result ID: '88b1caad7788adf2b3f6920226537fe1') in 0.000 seconds [static dependencies only]. Details - ImportResultOutputID=7b12711da11c94ad897442b4820d3f7b DependenciesID=253c850b96121a2945831e0885510615 StaticDependenciesID=3c048ebdf1fe67a565e3878bb03d32b6 
Importing 'GUID: 0000000000000000b000000000000000 - Path: ProjectSettings/EditorBuildSettings.asset' with importer (LibraryAssetImporter)
Imported 'GUID: 0000000000000000b000000000000000' -> (Import Result ID: '6a270bb35d5872c0a1960440b38e0e12') in 0.000 seconds [static dependencies only]. Details - ImportResultOutputID=4647dd083cfc32cebcd7526e8846440c DependenciesID=d3b9d7e17db07e64046289a01077780a StaticDependenciesID=0bd4a4ffa0ed898563607deb28215f75 
Importing 'GUID: 0000000000000000c000000000000000 - Path: ProjectSettings/EditorSettings.asset' with importer (LibraryAssetImporter)
Imported 'GUID: 0000000000000000c000000000000000' -> (Import Result ID: '93f1bc7c7140748e4a7321935b79dc34') in 0.000 seconds [static dependencies only]. Details - ImportResultOutputID=fc08cc28cef36a03227c22ef67b54535 DependenciesID=8078c99c18770556d1591ca1b0894991 StaticDependenciesID=22679ec3dbe4c06bbf8f5992886e8cb4 
Importing 'GUID: 00000000000000004100000000000000 - Path: ProjectSettings/NavMeshAreas.asset' with importer (LibraryAssetImporter)
Imported 'GUID: 00000000000000004100000000000000' -> (Import Result ID: '46b5ec913a38468a6faec06896eae508') in 0.000 seconds [static dependencies only]. Details - ImportResultOutputID=90afd57cd2fd79df9534381ff5673272 DependenciesID=45d1aa60824ee9d69c2ca37e825a726b StaticDependenciesID=768cfffea40bf388eb2d762e3a890cea 
Importing 'GUID: 00000000000000005100000000000000 - Path: ProjectSettings/Physics2DSettings.asset' with importer (LibraryAssetImporter)
Imported 'GUID: 00000000000000005100000000000000' -> (Import Result ID: 'f668ca342e7e36520c736e6ebc6d382e') in 0.000 seconds [static dependencies only]. Details - ImportResultOutputID=51a8098361d5b0c1ab07bfc06e51f152 DependenciesID=cd9e79e3e3be26effd12085751c8f2bc StaticDependenciesID=4736f57993cccbae888eab25ec373e17 
Importing 'GUID: 00000000000000006100000000000000 - Path: ProjectSettings/GraphicsSettings.asset' with importer (LibraryAssetImporter)
Imported 'GUID: 00000000000000006100000000000000' -> (Import Result ID: '5bb79f5634c411213397437dc71f837f') in 0.000 seconds [static dependencies only]. Details - ImportResultOutputID=f9600466f06a676b7a4f639f6629ea48 DependenciesID=472884dae36dd4fa4029e0bfee54bb70 StaticDependenciesID=ce3f9b9b0558aee0455f15fbe1679d2d 
Importing 'GUID: 00000000000000007100000000000000 - Path: ProjectSettings/ClusterInputManager.asset' with importer (LibraryAssetImporter)
Imported 'GUID: 00000000000000007100000000000000' -> (Import Result ID: '6012ce5603f09e577aed0b98e99b19f6') in 0.000 seconds [static dependencies only]. Details - ImportResultOutputID=8ce0cedd10b8cd8471ed9838bfc872ed DependenciesID=2eeb3818bb72d92466f5f953bb62736b StaticDependenciesID=c84399ef936c24c7ddc46cfba0d9b6f9 
Importing 'GUID: 0000000000000000a100000000000000 - Path: ProjectSettings/UnityConnectSettings.asset' with importer (LibraryAssetImporter)
Imported 'GUID: 0000000000000000a100000000000000' -> (Import Result ID: '33ae2595f4bf6fdbcda99d991731ec59') in 0.000 seconds [static dependencies only]. Details - ImportResultOutputID=1989c27f310e62ee2c72d63f16a698d0 DependenciesID=95e5490b10cfbf0a98389d7a454554a7 StaticDependenciesID=e5799262eb4150d572a91320e9a15e14 
Importing 'GUID: 0000000000000000b100000000000000 - Path: ProjectSettings/PresetManager.asset' with importer (LibraryAssetImporter)
Imported 'GUID: 0000000000000000b100000000000000' -> (Import Result ID: '28ecaa07aa0626f067ead5bd138d0a69') in 0.000 seconds [static dependencies only]. Details - ImportResultOutputID=d271a469f14af9d29dbd89abc966f7ef DependenciesID=8e056439a10f7126afa94c46042b091c StaticDependenciesID=7b53acc339a522b0da4196921a41418e 
Importing 'GUID: 0000000000000000c100000000000000 - Path: ProjectSettings/VFXManager.asset' with importer (LibraryAssetImporter)
Imported 'GUID: 0000000000000000c100000000000000' -> (Import Result ID: '500a0c5a3eb90d0a1d5ec47a16bbfe30') in 0.000 seconds [static dependencies only]. Details - ImportResultOutputID=d5b1cc1b236d3087c4a5fc9e9cb18618 DependenciesID=ffec35c0b81aa3428ad4fd0a1cdbca40 StaticDependenciesID=73a7f55396d42bbd23b84f522c611c91 
Importing 'GUID: 0000000000000000d100000000000000 - Path: ProjectSettings/VersionControlSettings.asset' with importer (LibraryAssetImporter)
Imported 'GUID: 0000000000000000d100000000000000' -> (Import Result ID: '81e35fcbfa4800506724c99876c7088b') in 0.000 seconds [static dependencies only]. Details - ImportResultOutputID=0a19189542c4b1aa9afad4d76b36cbef DependenciesID=29b26ee47832bf1b39596302c61ef4b2 StaticDependenciesID=b5510de9c562b6e15681a7bd79c2c32e 
Importing 'GUID: 0000000000000000f100000000000000 - Path: ProjectSettings/MemorySettings.asset' with importer (LibraryAssetImporter)
Imported 'GUID: 0000000000000000f100000000000000' -> (Import Result ID: '0f1581ae83325c6e5d0e8c4cb170be96') in 0.000 seconds [static dependencies only]. Details - ImportResultOutputID=078c9215d0d3f7dcc6c2ea9c2e21e93e DependenciesID=bb7f7f7d6491522ddc09486deb395807 StaticDependenciesID=38dc31482a1c8109a46f25220dfbe454 
Importing 'GUID: 00000000000000000200000000000000 - Path: ProjectSettings/MultiplayerManager.asset' with importer (LibraryAssetImporter)
Imported 'GUID: 00000000000000000200000000000000' -> (Import Result ID: '6e3bb7f61b2e132c4c79fbeb19a1d328') in 0.000 seconds [static dependencies only]. Details - ImportResultOutputID=cc8bc420ff0fb13a9534be625b324364 DependenciesID=64d1db0c7eff66154c45d867da4ad13d StaticDependenciesID=5a00061f5d03ec70885cdd29485be38f 
Importing 'GUID: 00000000000000001200000000000000 - Path: ProjectSettings/PhysicsCoreProjectSettings2D.asset' with importer (LibraryAssetImporter)
Imported 'GUID: 00000000000000001200000000000000' -> (Import Result ID: '7db99f4ef78df8eea254cce16e190be4') in 0.000 seconds [static dependencies only]. Details - ImportResultOutputID=07b8874da21d0d67c4347d012422ba62 DependenciesID=c35a41b4dbc5a4a21cd219ec06d595b2 StaticDependenciesID=d7f6b6ebc14df93041ab7a97c0c9c64b 
Importing 'GUID: 00000000000000002300000000000000 - Path: Library/BuildInstructions' with importer (DefaultImporter)
Imported 'GUID: 00000000000000002300000000000000' -> (Import Result ID: 'd414f514f549833c39aae7152c59aeb3') in 0.000 seconds [static dependencies only]. Details - ImportResultOutputID=d2da4dbe7433590953d90148eb4e1f22 DependenciesID=f91b153018f3a82b66ea2319cf957f42 StaticDependenciesID=ef352f98b66d8f5b312774c3ee71f599 
Importing 'GUID: 008e7778c97c438fb8d38f44ce069567 - Path: Packages/com.unity.ugui' with importer (DefaultImporter)
Imported 'GUID: 008e7778c97c438fb8d38f44ce069567' -> (Import Result ID: '0024557e616c3526fb7cf08d0ddf88d6') in 0.000 seconds [static dependencies only]. Details - ImportResultOutputID=26a682fd92d2c4f28b36789e635e981f DependenciesID=4aa29b4476a473f4ef296a28c95571dd StaticDependenciesID=462f4e34e326dfe3cf9b99f178db20ac 
Importing 'GUID: c060426bfd6e82575228df6656368eaa - Path: Packages/com.unity.modules.imgui' with importer (DefaultImporter)
Imported 'GUID: c060426bfd6e82575228df6656368eaa' -> (Import Result ID: 'cf02847ceec7d2872cfd3abefa14549b') in 0.000 seconds [static dependencies only]. Details - ImportResultOutputID=dcc23da4b16b268ee6e83200b7ebb805 DependenciesID=2086ddccde2e6fbd24cff6207f712388 StaticDependenciesID=dcfbfa33c460c8bce2fbeaa89284fa4b 
Importing 'GUID: 1158e311a3101950348dcecb1bebc42d - Path: Packages/com.unity.modules.animation' with importer (DefaultImporter)
Imported 'GUID: 1158e311a3101950348dcecb1bebc42d' -> (Import Result ID: 'e37b81a46bcef9cbe7d6da2c7722799c') in 0.000 seconds [static dependencies only]. Details - ImportResultOutputID=7f760e80e4376f4e2af6163c51483957 DependenciesID=33f806035b03395b7cd71586c052efa7 StaticDependenciesID=d58e4e925b4477ec3fc56266dda92cb7 
Importing 'GUID: 515638b803bef8599dbd6d5c8bdaa53e - Path: Packages/com.unity.modules.xr' with importer (DefaultImporter)
Imported 'GUID: 515638b803bef8599dbd6d5c8bdaa53e' -> (Import Result ID: 'f58d699fd78b48df6f7b684ee0fec26b') in 0.000 seconds [static dependencies only]. Details - ImportResultOutputID=4287b6c9de175897d57f5d0f89be5f52 DependenciesID=70fc0679b0d07239c2400ea969970978 StaticDependenciesID=14dc3a32c9be63acfb43cbd973f867b9 
Importing 'GUID: b219c86ce508e478367c0a46e1aa9fe4 - Path: Packages/com.unity.modules.assetbundle' with importer (DefaultImporter)
Imported 'GUID: b219c86ce508e478367c0a46e1aa9fe4' -> (Import Result ID: 'e407681b1bca06d4ee80ffd67027d990') in 0.000 seconds [static dependencies only]. Details - ImportResultOutputID=89494b4b6b631d330268aeb9dacd9e16 DependenciesID=49321cd40391b47dca923c46a0b51cd4 StaticDependenciesID=f0921b01574508825a731309420aac3e 
Importing 'GUID: 04c6898809c37620ac863cc2a5d7c4d0 - Path: Packages/com.unity.modules.vectorgraphics' with importer (DefaultImporter)
Imported 'GUID: 04c6898809c37620ac863cc2a5d7c4d0' -> (Import Result ID: '7bdc20d0b18267a5e9124ff29a87609f') in 0.001 seconds [static dependencies only]. Details - ImportResultOutputID=3855432a71b0a738524e2b907e4a06f1 DependenciesID=c7668d1b1f42ace2a16d41bf0365eaac StaticDependenciesID=db47898b496856ae70e47157d5480627 
Importing 'GUID: 5469ef0820152a4ae45d400fdc4626e4 - Path: Packages/com.unity.modules.screencapture' with importer (DefaultImporter)
Imported 'GUID: 5469ef0820152a4ae45d400fdc4626e4' -> (Import Result ID: '1e9d2faeef0c157dc048cd69028c8f55') in 0.000 seconds [static dependencies only]. Details - ImportResultOutputID=883c2ddc1cc8ab47552769d7d10ec20e DependenciesID=e8d1b1ac77d92bb2a277bde4b7864921 StaticDependenciesID=2d36e1f7d4053f2b93ff7495a5c1dde9 
Importing 'GUID: c4df1124e2787ee0c8d1a911de17ee73 - Path: Packages/com.unity.modules.cloth' with importer (DefaultImporter)
Imported 'GUID: c4df1124e2787ee0c8d1a911de17ee73' -> (Import Result ID: 'f703972abcd8febed3f7f9df75e5b803') in 0.001 seconds [static dependencies only]. Details - ImportResultOutputID=02c3e07e14f3716325ca51811cb4ad59 DependenciesID=2a5f4431052ca721706216f2f8a6ee32 StaticDependenciesID=b75deedee1f8f832d07395b027bce037 
Importing 'GUID: 850c54ee0b9e1aa740b1c67792eb1f26 - Path: Packages/com.unity.modules.imageconversion' with importer (DefaultImporter)
Imported 'GUID: 850c54ee0b9e1aa740b1c67792eb1f26' -> (Import Result ID: '2973994bee36aa97d9443168268f47e9') in 0.000 seconds [static dependencies only]. Details - ImportResultOutputID=5e29084e34474b819d3f42b6f87fa2f1 DependenciesID=d080164e34df1d295815550b352c546e StaticDependenciesID=ead3b0fca67d215d683803a221eebd27 
Importing 'GUID: 95f85adeda79e994f011eb2152cf4fc9 - Path: Packages/com.unity.modules.terrainphysics' with importer (DefaultImporter)
Imported 'GUID: 95f85adeda79e994f011eb2152cf4fc9' -> (Import Result ID: '6b3d168146bf8e99412fa9e0055a7282') in 0.000 seconds [static dependencies only]. Details - ImportResultOutputID=066c7237bacce3d1fed9fa88ce895dc2 DependenciesID=e017dd36d9f1bed8083509adb3604cab StaticDependenciesID=d0d45621b6c1d9f84f4da190cee09523 
Importing 'GUID: c522a644a29fcab2eaf63298c118a65b - Path: Packages/com.unity.modules.unitywebrequest' with importer (DefaultImporter)
Imported 'GUID: c522a644a29fcab2eaf63298c118a65b' -> (Import Result ID: '6f13bdefcd37409ac301686699b63ea3') in 0.000 seconds [static dependencies only]. Details - ImportResultOutputID=bd84e5c0828c0c958fda12361a6931c4 DependenciesID=b06d11930b7a96881eb3a24d68d1c685 StaticDependenciesID=7c352e29047f83b2302c120040a82237 
Importing 'GUID: d5f0b0adc6826e9dd3b72e292e8438be - Path: Packages/com.unity.modules.unitywebrequestassetbundle' with importer (DefaultImporter)
Imported 'GUID: d5f0b0adc6826e9dd3b72e292e8438be' -> (Import Result ID: 'ccae98511501a3691a4f28c9305395d0') in 0.000 seconds [static dependencies only]. Details - ImportResultOutputID=28545450f0f8fe7184e75065d2eaebce DependenciesID=40d41d9cefabd5f5eb8b5cfd4ef24fd9 StaticDependenciesID=d6e47b92f5e066bd6d04c17b2d205096 
Importing 'GUID: 56b94a5b6990c879bb0f057719d1064b - Path: Packages/com.unity.modules.subsystems' with importer (DefaultImporter)
Imported 'GUID: 56b94a5b6990c879bb0f057719d1064b' -> (Import Result ID: '529ebfa03ce4541f897f33e6f5074f1d') in 0.000 seconds [static dependencies only]. Details - ImportResultOutputID=0e619aa1d83b61217ae2e97dfc45d4e9 DependenciesID=925e5732c1c98f399754db5bb23eb76d StaticDependenciesID=6c3bc4fc02fdaa9feb3eece9fe8a9cec 
Importing 'GUID: d6c6a000a805f00649b36b542e8426c2 - Path: Packages/com.unity.modules.unityanalytics' with importer (DefaultImporter)
Imported 'GUID: d6c6a000a805f00649b36b542e8426c2' -> (Import Result ID: '1c0e803e42edb58e775fdf8c1ada7c9a') in 0.000 seconds [static dependencies only]. Details - ImportResultOutputID=bf660bcbf114683b66648691531e6d07 DependenciesID=89197de4bd5cc31d5c7bae3fe24cbcde StaticDependenciesID=3a4a7534c9788a0496ca97804124d881 
Importing 'GUID: d6db7caf2e852b75ebb9c6098418179c - Path: Packages/com.unity.modules.physics' with importer (DefaultImporter)
Imported 'GUID: d6db7caf2e852b75ebb9c6098418179c' -> (Import Result ID: '17efe42b4d253215f7ce1c4062aa0c38') in 0.000 seconds [static dependencies only]. Details - ImportResultOutputID=ca9e398e0fe23d8852b03b4ef733b883 DependenciesID=e2c39f0a5de8ad2594cb338b7658e6b8 StaticDependenciesID=c62fb84fdcd1e94d00277c1c40c3739f 
Importing 'GUID: 376c84ea405e0f2b80562c23bb977216 - Path: Packages/com.unity.modules.physics2d' with importer (DefaultImporter)
Imported 'GUID: 376c84ea405e0f2b80562c23bb977216' -> (Import Result ID: 'e16f02c29d3dea367ecb900153c73915') in 0.000 seconds [static dependencies only]. Details - ImportResultOutputID=3c523e0fa92287aeca10533038c4ad8c DependenciesID=6bb4f8083248eac4b0dc6f99b652bbce StaticDependenciesID=f9ac984a12928ed37980ddae896e5092 
Importing 'GUID: b77b1ad9c05af0412725856c6c53b037 - Path: Packages/com.unity.modules.wind' with importer (DefaultImporter)
Imported 'GUID: b77b1ad9c05af0412725856c6c53b037' -> (Import Result ID: '694b941601afae996ece1a250d52d92b') in 0.000 seconds [static dependencies only]. Details - ImportResultOutputID=20914c3eb4d4a40f977811ac372be123 DependenciesID=d21b8e17cfb8e89fe6ce6b17ce9c8244 StaticDependenciesID=46ac7d1af46c22898a1232f313b934ef 
Importing 'GUID: 2808ba6bccb2478ec9c7209d8bf1f3cc - Path: Packages/com.unity.modules.uielements' with importer (DefaultImporter)
Imported 'GUID: 2808ba6bccb2478ec9c7209d8bf1f3cc' -> (Import Result ID: '5e5dfe08c6a00c900cfe4fcfce3b78a1') in 0.000 seconds [static dependencies only]. Details - ImportResultOutputID=43ac9c1bd0c2e88ddb17cc3ac3d457f4 DependenciesID=6331dea1aa9bb31237c64de3af52db43 StaticDependenciesID=59202ada8d9ed2d8790f39d1af247fa9 
Importing 'GUID: 38e3a8976f0b9c586b6dfbcef4e4066c - Path: Packages/com.unity.modules.unitywebrequestaudio' with importer (DefaultImporter)
Imported 'GUID: 38e3a8976f0b9c586b6dfbcef4e4066c' -> (Import Result ID: 'c54f3cdcd0a0a53c728a8f6a4bf8e805') in 0.000 seconds [static dependencies only]. Details - ImportResultOutputID=fa5586dfb87647a6c685707600b86782 DependenciesID=d3b8e77c9c0813b337d35585e0cd8dac StaticDependenciesID=48a2720e21e8eb8eca255939c5f3eb1d 
Importing 'GUID: 48b10b41f58d5b49717f376cda59eeb8 - Path: Packages/com.unity.modules.particlesystem' with importer (DefaultImporter)
Imported 'GUID: 48b10b41f58d5b49717f376cda59eeb8' -> (Import Result ID: '2ca99f43dcc60f64cbde6b09dd836276') in 0.000 seconds [static dependencies only]. Details - ImportResultOutputID=bbc465d3d6faacd80c5d2d6b9e298635 DependenciesID=c5895581a6d08af4451e2d20e825f0d5 StaticDependenciesID=81558f2015053653d61c0994543e82b3 
Importing 'GUID: 783ee1c8fd4414848db1be97aacf44fb - Path: Packages/com.unity.modules.accessibility' with importer (DefaultImporter)
Imported 'GUID: 783ee1c8fd4414848db1be97aacf44fb' -> (Import Result ID: '22792940adc4c731e445dc78eb9fe3fd') in 0.000 seconds [static dependencies only]. Details - ImportResultOutputID=9ceb99a21b9f1e61183206a57a741925 DependenciesID=c59f06feebd4b2d44b2d489c588f040a StaticDependenciesID=0c3b582cc644fab2b6544ebc50675bbc 
Importing 'GUID: 09e28640d754a611467eebfb261ed749 - Path: Packages/com.unity.modules.tilemap' with importer (DefaultImporter)
Imported 'GUID: 09e28640d754a611467eebfb261ed749' -> (Import Result ID: '56df1fb7932ed758e22709161024465f') in 0.000 seconds [static dependencies only]. Details - ImportResultOutputID=84462fd97657c416dad9f0a01ba73192 DependenciesID=09aca3cc367571eb90d49da11da39372 StaticDependenciesID=f2c3c73202e22cf06daeb9dd58ae6eae 
Importing 'GUID: 39728903e57c60021f80449a8bbc0096 - Path: Packages/com.unity.modules.ui' with importer (DefaultImporter)
Imported 'GUID: 39728903e57c60021f80449a8bbc0096' -> (Import Result ID: 'aafd74a4e55e642d1ea0f795f6444b28') in 0.000 seconds [static dependencies only]. Details - ImportResultOutputID=d7a4a57fb3c24edd8687328a72cff587 DependenciesID=5ad4483b2dacaca3bc3cdbfd4283033a StaticDependenciesID=6f9d30d0da8c720154437b2dbfc538a9 
Importing 'GUID: 995c08a3305ff9f0dab5e86f340bd9a7 - Path: Packages/com.unity.modules.androidjni' with importer (DefaultImporter)
Imported 'GUID: 995c08a3305ff9f0dab5e86f340bd9a7' -> (Import Result ID: '701f2d40c085a88e5be25bb90837fc1e') in 0.000 seconds [static dependencies only]. Details - ImportResultOutputID=30c3e7dc197ceabd471c943bc8eba608 DependenciesID=425c20ce60374642a724cdff7fd24253 StaticDependenciesID=ad97d0fc3477242b18c560757f4d1e58 
Importing 'GUID: b975297a992381c1f3257d0e96892c8a - Path: Packages/com.unity.modules.adaptiveperformance' with importer (DefaultImporter)
Imported 'GUID: b975297a992381c1f3257d0e96892c8a' -> (Import Result ID: 'a2e6bef6ef548c7d281ffe438d4bf9e6') in 0.000 seconds [static dependencies only]. Details - ImportResultOutputID=7f7b3e23eb4697a89925ff793958e5e5 DependenciesID=704994437ad72b75b63f683e3e2c8b77 StaticDependenciesID=7c76e8507c36e23af3851bdc0b54b4ca 
Importing 'GUID: e9a46d0940097b5c2c483622a7effc59 - Path: Packages/com.unity.multiplayer.center' with importer (DefaultImporter)
Imported 'GUID: e9a46d0940097b5c2c483622a7effc59' -> (Import Result ID: 'f7ec3aed5a8d9d5c70e3654fc2a88a73') in 0.000 seconds [static dependencies only]. Details - ImportResultOutputID=f3046c93bbe9d773216fbea661ffa254 DependenciesID=54b960739866031de6bdfbe96a52d173 StaticDependenciesID=b2e1c9948d369bc0141389d8e41ae6ea 
Importing 'GUID: 5a805abafb5ba4ea890105514f9a2eec - Path: Assets/Scripts' with importer (DefaultImporter)
Imported 'GUID: 5a805abafb5ba4ea890105514f9a2eec' -> (Import Result ID: 'd2d52e5746f0a93bf28414d03ea43d7b') in 0.000 seconds [static dependencies only]. Details - ImportResultOutputID=3b20859c1d08acd4e37c398cf33cd3f9 DependenciesID=05c42c9c67f81ee8b7e68f3606753d1b StaticDependenciesID=dec86fd9a05fcd2a33d7ec1cafc4f1cf 
Importing 'GUID: 6b81377a4453ba7362eb3322f9bcc6c6 - Path: Packages/com.unity.modules.hierarchycore' with importer (DefaultImporter)
Imported 'GUID: 6b81377a4453ba7362eb3322f9bcc6c6' -> (Import Result ID: 'd64e3c92d05cb8ab57cf9c34e8c0ee27') in 0.000 seconds [static dependencies only]. Details - ImportResultOutputID=75a6fa83ac96f5339da373cd4f5c6e37 DependenciesID=6193b8beab5ea5a327f9266eedb6d024 StaticDependenciesID=ffdda4d53d222e5716e68e647a732ae5 
Importing 'GUID: cbdfee452f6ee499085c7e90722ed1e7 - Path: Assets/Scenes' with importer (DefaultImporter)
Imported 'GUID: cbdfee452f6ee499085c7e90722ed1e7' -> (Import Result ID: '08e35200f18bc017bfcda277fbba5bb1') in 0.000 seconds [static dependencies only]. Details - ImportResultOutputID=4d734bf5ace8c4778f25528de40e0673 DependenciesID=72737edf7030388736d4273bbb872b89 StaticDependenciesID=e31cea7002a9d9b5613c1d47a763dcd3 
Importing 'GUID: 1cf2469083ffa484da4d78dd70d708e8 - Path: Packages/com.unity.modules.vehicles' with importer (DefaultImporter)
Imported 'GUID: 1cf2469083ffa484da4d78dd70d708e8' -> (Import Result ID: '2e9fd9e9a5feffab1804123071ae561d') in 0.000 seconds [static dependencies only]. Details - ImportResultOutputID=62c710cd8c5682c589eec3677adcbda2 DependenciesID=e94622adfb7f30fcccb41278fb8cae22 StaticDependenciesID=1bd9500d6d7a6d96ac8ece40c813da97 
Importing 'GUID: 9c7c268fa6492449654839df69f2a2f4 - Path: Packages/com.unity.modules.umbra' with importer (DefaultImporter)
Imported 'GUID: 9c7c268fa6492449654839df69f2a2f4' -> (Import Result ID: 'c7c253ce33f96826bbf020e0df6ad6fb') in 0.000 seconds [static dependencies only]. Details - ImportResultOutputID=bf70ea01e70089eaf818b9fb19bb1807 DependenciesID=c796db5b8e8e1a9c947b5787f1a433df StaticDependenciesID=4ba5eab75bdc6e2df485b4ad7729e499 
Importing 'GUID: dcc8c6e92b172a65719af5ddf47dd968 - Path: Packages/com.unity.modules.unitywebrequestwww' with importer (DefaultImporter)
Imported 'GUID: dcc8c6e92b172a65719af5ddf47dd968' -> (Import Result ID: 'a3ca17c250abe56342bc7797897bf6a5') in 0.000 seconds [static dependencies only]. Details - ImportResultOutputID=1475fc509da6d933479c8ee5d6c4eeff DependenciesID=1ec5b0b7427f7eeba4f1c41dd9bc4cfe StaticDependenciesID=00265576cf1e789283eaa13f6ba70983 
Importing 'GUID: fc3a810351931f5e6183e16b9beb5563 - Path: Packages/com.unity.modules.jsonserialize' with importer (DefaultImporter)
Imported 'GUID: fc3a810351931f5e6183e16b9beb5563' -> (Import Result ID: 'f04351d90ee6b1c15aa201371d89b674') in 0.000 seconds [static dependencies only]. Details - ImportResultOutputID=65186f4186bf0f33d3946d1d6d75958c DependenciesID=fbc4bd1e3869dc653079edeac718e537 StaticDependenciesID=c1a4d4946c0840cd0516fcb984a36b78 
Importing 'GUID: 2d142b475fbfb8cf12ba3a795194300a - Path: Packages/com.unity.modules.director' with importer (DefaultImporter)
Imported 'GUID: 2d142b475fbfb8cf12ba3a795194300a' -> (Import Result ID: 'f82206d58857516a2f7d10df0de25ca9') in 0.000 seconds [static dependencies only]. Details - ImportResultOutputID=ba08ff1508e195419df3d8b0ff8d3bd4 DependenciesID=cb7a2942f5dee664122b699c70fb1a1e StaticDependenciesID=e5174e6782a309cc2e662ba686aba5d3 
Importing 'GUID: 2d6ba5cbe47e6ad3c87474c56174d4e0 - Path: Packages/com.unity.modules.audio' with importer (DefaultImporter)
Imported 'GUID: 2d6ba5cbe47e6ad3c87474c56174d4e0' -> (Import Result ID: '3234866a3fa377a9f9a0ce8dd981be90') in 0.000 seconds [static dependencies only]. Details - ImportResultOutputID=8643a11ddcb415e1ae77356bdcd0e31f DependenciesID=3297e30e726f0a1e5ba9c81d00653637 StaticDependenciesID=0c545176e25f7b531d70d9899c8b8ef9 
Importing 'GUID: ede0462698a4a5643aa9872c074acd38 - Path: Packages/com.unity.modules.video' with importer (DefaultImporter)
Imported 'GUID: ede0462698a4a5643aa9872c074acd38' -> (Import Result ID: '4a9e59f79bcbaddc73d6ed9b1cb022ad') in 0.000 seconds [static dependencies only]. Details - ImportResultOutputID=f060305cf9a7601b6327f110dec53cf0 DependenciesID=2eb252c728b0513f8a06cb80138758c9 StaticDependenciesID=9adc8e4bff2d24a6cd335db28a76c689 
Importing 'GUID: fd871a8be47119612f7c254e96a822b7 - Path: Packages/com.unity.modules.ai' with importer (DefaultImporter)
Imported 'GUID: fd871a8be47119612f7c254e96a822b7' -> (Import Result ID: '9a8589b3beb3a049c84630a73f6ad835') in 0.000 seconds [static dependencies only]. Details - ImportResultOutputID=0bf4624736b8f9ba8d25427695ddd8c6 DependenciesID=00785bf0aee44637bb0bb65f025524ad StaticDependenciesID=025eb2cbf874ac313592e4ff09b996f2 
Importing 'GUID: 5e22a8d6e557a1b3cae09054b0b5f9d8 - Path: Packages/com.unity.modules.physicscore2d' with importer (DefaultImporter)
Imported 'GUID: 5e22a8d6e557a1b3cae09054b0b5f9d8' -> (Import Result ID: 'e0e8f312b2fe13782c9caa272b2c9c39') in 0.000 seconds [static dependencies only]. Details - ImportResultOutputID=8aeec98806d48c587b06189bc919a668 DependenciesID=32fd957f9eeccda095201a26672be198 StaticDependenciesID=7ff60e0e23b48986f2028c36c5321a4f 
Importing 'GUID: 6e1c8b97ec8aa0464e92506ffe099558 - Path: Packages/com.unity.modules.terrain' with importer (DefaultImporter)
Imported 'GUID: 6e1c8b97ec8aa0464e92506ffe099558' -> (Import Result ID: 'e2b6838e2ec31f4ed09302d8afc94b5d') in 0.000 seconds [static dependencies only]. Details - ImportResultOutputID=81f0943dd12638364c9481b7c44326f7 DependenciesID=86c234645905e553a0c1d2c0171e06cb StaticDependenciesID=dfd1b763e9befbb4d593a41aecf32557 
Importing 'GUID: 6f1c7ebc8ac78cb951be24c238cbd3ba - Path: Packages/com.unity.modules.unitywebrequesttexture' with importer (DefaultImporter)
Imported 'GUID: 6f1c7ebc8ac78cb951be24c238cbd3ba' -> (Import Result ID: 'dc5a6902bac92eaeb7da79a7ee7c0445') in 0.000 seconds [static dependencies only]. Details - ImportResultOutputID=f756e1201c1cee903471ba41f17534ce DependenciesID=9c3425c6cf7e4c1387cd8661023d2522 StaticDependenciesID=baf7643e8208e171f7d2f4245768752b 
Importing 'GUID: d04879db0494e4c86a10df78fc044714 - Path: Assets/Scripts/Editor' with importer (DefaultImporter)
Imported 'GUID: d04879db0494e4c86a10df78fc044714' -> (Import Result ID: '06c07b924b35dbb741ad3ebba18890e1') in 0.000 seconds [static dependencies only]. Details - ImportResultOutputID=147b63b5ab3cd2b58e5fd56ee11aec8e DependenciesID=77677960ecacaf0582155dd860239502 StaticDependenciesID=489bf03c41e278e1bf726ea05123c90d 
Importing 'GUID: d1a0a27327b54c3bac52a08929c33f81 - Path: Packages/com.unity.ugui/Editor Resources' with importer (DefaultImporter)
Imported 'GUID: d1a0a27327b54c3bac52a08929c33f81' -> (Import Result ID: 'c8594df9513a5d315bedbe6a279cbb67') in 0.000 seconds [static dependencies only]. Details - ImportResultOutputID=695664e202fc795a75462811fbd33121 DependenciesID=7dc300761164794dffe273ba2100a826 StaticDependenciesID=7ea3273ac4b7c5d6b29f4d7e252f84e3 
Importing 'GUID: 72aad6ae0dafb492cbf852432441bb38 - Path: Packages/com.unity.multiplayer.center/Editor' with importer (DefaultImporter)
Imported 'GUID: 72aad6ae0dafb492cbf852432441bb38' -> (Import Result ID: 'd544db8e635d7b45b55c750ef4a1709d') in 0.000 seconds [static dependencies only]. Details - ImportResultOutputID=fd813adfe6f53e0e5a3fd1bde50dd9b3 DependenciesID=bda332fa8d13046d94ce23fbe4e373fe StaticDependenciesID=2e5ad470682bc241fa1aea1ca4f583a5 
Importing 'GUID: f247964bd405431fbd31840f97bef608 - Path: Packages/com.unity.multiplayer.center/Common' with importer (DefaultImporter)
Imported 'GUID: f247964bd405431fbd31840f97bef608' -> (Import Result ID: '109c822527fb283013d9061a8493a91d') in 0.000 seconds [static dependencies only]. Details - ImportResultOutputID=758923f3b917a744e934a49667168e4f DependenciesID=bd38b39f570e1522dd16e75ac8e0cc4e StaticDependenciesID=ffea94c4ea4c461cb0813b37eb337d4c 
Importing 'GUID: d850db319a63d2546932ff76fe55a498 - Path: Packages/com.unity.ugui/Tests' with importer (DefaultImporter)
Imported 'GUID: d850db319a63d2546932ff76fe55a498' -> (Import Result ID: '24fbd7bf45f5cf5d9407164e20e7cc95') in 0.000 seconds [static dependencies only]. Details - ImportResultOutputID=abceecebbc57ab2f2a42971575985de8 DependenciesID=9bd6f7c16c68b8435916b31a6632f172 StaticDependenciesID=38b6693519d5119b672b7d854b395148 
Importing 'GUID: aa14b70e6a58c5b4fa6663623e3dca91 - Path: Packages/com.unity.ugui/Runtime' with importer (DefaultImporter)
Imported 'GUID: aa14b70e6a58c5b4fa6663623e3dca91' -> (Import Result ID: '8428c6c5266f7742a3f2fe55c2b4a334') in 0.000 seconds [static dependencies only]. Details - ImportResultOutputID=edf2cf7cc75f9be7b59d1670d0b363e4 DependenciesID=056fd7b55a5b78cdef62c10253bb8684 StaticDependenciesID=1f81a0b04c93f0d55246fe6de435717f 
Importing 'GUID: baf75c9d3de4941df9ee5f3dd1d3bc34 - Path: Packages/com.unity.multiplayer.center/Tests' with importer (DefaultImporter)
Imported 'GUID: baf75c9d3de4941df9ee5f3dd1d3bc34' -> (Import Result ID: 'a4508947fb65bf2a108807c970601f09') in 0.000 seconds [static dependencies only]. Details - ImportResultOutputID=472be40ede228cb93594a902416e88d6 DependenciesID=bccfaf786bfd27efe69476880f4fff0a StaticDependenciesID=a53a72b999cd3da2d73e422a72b6bc28 
Importing 'GUID: ddfb10247e4274f37a3eaa9b33ece6ed - Path: Assets/Scripts/Runtime' with importer (DefaultImporter)
Imported 'GUID: ddfb10247e4274f37a3eaa9b33ece6ed' -> (Import Result ID: 'b3533d4ccf1fde277e7999e7767e1d31') in 0.000 seconds [static dependencies only]. Details - ImportResultOutputID=50eee932df6455637851c0ea9033108d DependenciesID=1b8a89ddce684aa68fccee45265d322a StaticDependenciesID=3a9630fa0296ec5b709fd1929948e4b2 
Importing 'GUID: 5ec95f4d5b2d1f14e9ff8682562553f9 - Path: Packages/com.unity.ugui/Package Resources' with importer (DefaultImporter)
Imported 'GUID: 5ec95f4d5b2d1f14e9ff8682562553f9' -> (Import Result ID: '2c4f790782f0dee2152bbd8316b38539') in 0.000 seconds [static dependencies only]. Details - ImportResultOutputID=37d5f8fa3807d672ce79f5e231dfd943 DependenciesID=e26e49837d4ba5874f07a386d0030930 StaticDependenciesID=5d5ba411eb5334c77509fd23ab213a01 
Importing 'GUID: bee384ad5b4d1a843a018082e7db53cd - Path: Packages/com.unity.ugui/Editor' with importer (DefaultImporter)
Imported 'GUID: bee384ad5b4d1a843a018082e7db53cd' -> (Import Result ID: 'c60ec454c7da2e9991bf58686821666c') in 0.000 seconds [static dependencies only]. Details - ImportResultOutputID=42520d36d104454aa16867d8198eb466 DependenciesID=bae207ee02f7432fba538123cb6c2440 StaticDependenciesID=d53a19a9a2f0585bb461cd60db8116f7 
Importing 'GUID: 10d1425d9e87841d9a9deafe9e93a6f2 - Path: Packages/com.unity.ugui/Editor/TMP' with importer (DefaultImporter)
Imported 'GUID: 10d1425d9e87841d9a9deafe9e93a6f2' -> (Import Result ID: '8708328cbf28df61684caa55623b3885') in 0.000 seconds [static dependencies only]. Details - ImportResultOutputID=fcd24172dfd83eb509fc77e803a18eea DependenciesID=118ebc83ee37102a1f28b70c5c580676 StaticDependenciesID=cf920a545198a55e0504ecae22d62c7e 
Importing 'GUID: 21f32d2f4add49b3b11fadb6889a2156 - Path: Packages/com.unity.multiplayer.center/Editor/Analytics' with importer (DefaultImporter)
Imported 'GUID: 21f32d2f4add49b3b11fadb6889a2156' -> (Import Result ID: 'a77d95b141ede6a5414a9e2eddbadace') in 0.000 seconds [static dependencies only]. Details - ImportResultOutputID=7627045f4445b3bccda132ac184a65c4 DependenciesID=b914b512b239e5cc4658c8f67a171ad6 StaticDependenciesID=91df97da6beb6f55a84b3dae8cae5ffd 
Importing 'GUID: 619aadd8f276341ca84d7ad5a9c6db21 - Path: Packages/com.unity.ugui/Runtime/TMP' with importer (DefaultImporter)
Imported 'GUID: 619aadd8f276341ca84d7ad5a9c6db21' -> (Import Result ID: 'afb8719eeeb003e025df5e618692349c') in 0.000 seconds [static dependencies only]. Details - ImportResultOutputID=8ba3c278c33727d9fc8cf73ab4ee1324 DependenciesID=63a75bcf16d77c4b39c71a99c1b125a8 StaticDependenciesID=849fa23fe9b8eb9d1eb8c132ba321c8f 
Importing 'GUID: 22d3dbf8d488d49d2b1130d698010dee - Path: Packages/com.unity.multiplayer.center/Editor/Features' with importer (DefaultImporter)
Imported 'GUID: 22d3dbf8d488d49d2b1130d698010dee' -> (Import Result ID: '8f2a6acf8bd149afa0ff4a220df80e81') in 0.000 seconds [static dependencies only]. Details - ImportResultOutputID=fb074caa7d2abd29e270db3a9b71e3a9 DependenciesID=ba5e61c294467286e03f6ea9a7246714 StaticDependenciesID=c18103a73fe9079eeb1f700f43a6d5b2 
Importing 'GUID: 936bea4b2545c4a4fad2e623b0f6371f - Path: Packages/com.unity.ugui/Tests/Editor' with importer (DefaultImporter)
Imported 'GUID: 936bea4b2545c4a4fad2e623b0f6371f' -> (Import Result ID: '489a415b65543260db8816a2405f4e13') in 0.000 seconds [static dependencies only]. Details - ImportResultOutputID=6e7dd9e2a1aa209ff560d6a592335c7c DependenciesID=96876c122ea12289e5e0c1336f87f38a StaticDependenciesID=00ae24ed86af455e34712638ec067ccb 
Importing 'GUID: d3562676ddb6c4e34b08907712752606 - Path: Assets/Scripts/Runtime/Audio' with importer (DefaultImporter)
Imported 'GUID: d3562676ddb6c4e34b08907712752606' -> (Import Result ID: 'a427016630d57f5ac95374a381bc8781') in 0.000 seconds [static dependencies only]. Details - ImportResultOutputID=772402189ab7f8a74aa3bc6d1a9c9e41 DependenciesID=17885aa678dc2d24a27286fa625e9235 StaticDependenciesID=7c23f853f3ac0c1df6bdb6592d94d0e5 
Importing 'GUID: b4ed1f73465924e1eaa8ea2257b0281b - Path: Assets/Scripts/Runtime/Inputs' with importer (DefaultImporter)
Imported 'GUID: b4ed1f73465924e1eaa8ea2257b0281b' -> (Import Result ID: 'fe7d7e6d9302d4a264de4891340b48ca') in 0.000 seconds [static dependencies only]. Details - ImportResultOutputID=306314ff1a71859b024201dbec38f12a DependenciesID=06cb1ee9293a86624482e48276287e23 StaticDependenciesID=e25e388cc29b44fdb309556882bb5c46 
Importing 'GUID: c545241cf2e56ec4997d7677f01ef43d - Path: Packages/com.unity.ugui/Tests/Runtime' with importer (DefaultImporter)
Imported 'GUID: c545241cf2e56ec4997d7677f01ef43d' -> (Import Result ID: '4b7a46e9e596a421617e46154b84b315') in 0.000 seconds [static dependencies only]. Details - ImportResultOutputID=23714be275632e43abe8c1d7b3185e3f DependenciesID=6f01f94e4e627b8fd790d2b830445c21 StaticDependenciesID=2330112c48250f877137c194ed6c2987 
Importing 'GUID: c52726d811a9f66459355df6b0c3977b - Path: Packages/com.unity.ugui/Editor/Analytics' with importer (DefaultImporter)
Imported 'GUID: c52726d811a9f66459355df6b0c3977b' -> (Import Result ID: '4f5f2630b61ed6fd54ce8df0429a158d') in 0.000 seconds [static dependencies only]. Details - ImportResultOutputID=a4fcbdcd7e8b14801fa5403679319dc4 DependenciesID=66691aa143e1c309cf0dfeb6b593a764 StaticDependenciesID=2cadf9ba87d96ceec4063ee823508c48 
Importing 'GUID: 96c71b811fa50403690b154e216fe217 - Path: Packages/com.unity.multiplayer.center/Tests/Editor' with importer (DefaultImporter)
Imported 'GUID: 96c71b811fa50403690b154e216fe217' -> (Import Result ID: '14ac7904047ddd2cfbfdf1651649cfdf') in 0.000 seconds [static dependencies only]. Details - ImportResultOutputID=c9c8f2de7834bb2ffb0da4bb4f2955fa DependenciesID=6bcb6dd62fb9a72a8f4df030dfea25dc StaticDependenciesID=b03f0c3af7ff39d2dea96f113c952c6d 
Importing 'GUID: 1726448925bf4bd1af6ca883bae8ff3f - Path: Packages/com.unity.multiplayer.center/Editor/OnBoarding' with importer (DefaultImporter)
Imported 'GUID: 1726448925bf4bd1af6ca883bae8ff3f' -> (Import Result ID: '18163f018dea809ea51f345717b65aa2') in 0.000 seconds [static dependencies only]. Details - ImportResultOutputID=14950a62abf6548e54801ab788e1f49c DependenciesID=d0590ceb4857f99b30a1f301ee701372 StaticDependenciesID=e3d00d36fdf0be4c57a0e78a8650ae47 
Importing 'GUID: 278b6073a5bdd4362acd72ca43ff9e0d - Path: Packages/com.unity.ugui/Editor/UGUI' with importer (DefaultImporter)
Imported 'GUID: 278b6073a5bdd4362acd72ca43ff9e0d' -> (Import Result ID: 'b65c3fbcff3f2a14e2f7fc9703277489') in 0.000 seconds [static dependencies only]. Details - ImportResultOutputID=32981cfd7c53e5ac7cdf5f6f6552ea5d DependenciesID=3158490c12981d4b8b82d60c75011fa9 StaticDependenciesID=a8ddf4853bba96bb18566ecdc9aa49c9 
Importing 'GUID: 57598fd4458804883ad2f0d84cc56d63 - Path: Assets/Scripts/Runtime/Core' with importer (DefaultImporter)
Imported 'GUID: 57598fd4458804883ad2f0d84cc56d63' -> (Import Result ID: '278f92c2140cbf78a87706df450b4a7a') in 0.000 seconds [static dependencies only]. Details - ImportResultOutputID=9a66a1215927c18e62362d7a54e5ef12 DependenciesID=b8a52c5929edb7cf4d2a5afaf2532ea8 StaticDependenciesID=c24625131b5653b70f9e3a9e9cbdac38 
Importing 'GUID: 97646f506bf040e9bd4568124c8b425e - Path: Packages/com.unity.multiplayer.center/Editor/Recommendations' with importer (DefaultImporter)
Imported 'GUID: 97646f506bf040e9bd4568124c8b425e' -> (Import Result ID: 'cc248bd01438e442e9b8f5146f177bb0') in 0.000 seconds [static dependencies only]. Details - ImportResultOutputID=56d8246ba8918c014e8884d34d60ce31 DependenciesID=92925428a0398750964272fed67fd056 StaticDependenciesID=c9e57a3d54cd35ff5ecb38a752f6c0ce 
Importing 'GUID: a7f089ed51c2345ffb7ac0bc3562453f - Path: Packages/com.unity.multiplayer.center/Editor/Questionnaire' with importer (DefaultImporter)
Imported 'GUID: a7f089ed51c2345ffb7ac0bc3562453f' -> (Import Result ID: '0b1a1139265754ccc16fbd866ddae770') in 0.000 seconds [static dependencies only]. Details - ImportResultOutputID=961ee9ffe5dc2d5b9b5d9f6c51e99710 DependenciesID=4a5feade6cc74bd66ea11eaf1bfd50a8 StaticDependenciesID=8758ac2ff21b659dacf635dafd267164 
Importing 'GUID: 1817d28a5343b4ec19b4ec7903730e2c - Path: Packages/com.unity.ugui/Runtime/UGUI' with importer (DefaultImporter)
Imported 'GUID: 1817d28a5343b4ec19b4ec7903730e2c' -> (Import Result ID: '28ebe7ffdaa10980bfe22f5670b8a4b1') in 0.000 seconds [static dependencies only]. Details - ImportResultOutputID=b06f593c5ff66d4aa68f7839745ff577 DependenciesID=6b4d9364fca287ded8f93a91c9fbcd0e StaticDependenciesID=ac0a7978296cd6fe55a7d82dd0fe4c72 
Importing 'GUID: f8e6a2d47aba4c6c9b3c5a72d9f48da5 - Path: Packages/com.unity.ugui/Editor Resources/Textures' with importer (DefaultImporter)
Imported 'GUID: f8e6a2d47aba4c6c9b3c5a72d9f48da5' -> (Import Result ID: '52d9ab64b9a3f22a5ea240dfdf324a7c') in 0.000 seconds [static dependencies only]. Details - ImportResultOutputID=8cf7045d5f9dd1aae7326268b1ec842f DependenciesID=36fa6da8cf08cd3160341693e05f43c7 StaticDependenciesID=1d6448a96cd7fb81b60cff7cfdbb610f 
Importing 'GUID: e93ec7eb6de342aabd156833e253f838 - Path: Packages/com.unity.ugui/Editor Resources/Gizmos' with importer (DefaultImporter)
Imported 'GUID: e93ec7eb6de342aabd156833e253f838' -> (Import Result ID: 'a825ea787b94e1a5aad4839e56fd9275') in 0.000 seconds [static dependencies only]. Details - ImportResultOutputID=743817b4d4f54461c188b303660a9ff3 DependenciesID=9dc64382e6298cecf715a1d520f0895f StaticDependenciesID=889636ac9c73449dd87eb57f6e0cae09 
Importing 'GUID: 7a7dcde6448847648629a13d746ce966 - Path: Packages/com.unity.multiplayer.center/Editor/MultiplayerCenterWindow' with importer (DefaultImporter)
Imported 'GUID: 7a7dcde6448847648629a13d746ce966' -> (Import Result ID: '98d6fd46b98428ec34e67aaadecfbc6c') in 0.000 seconds [static dependencies only]. Details - ImportResultOutputID=f055dd0afc5a900e3f0e5d75be0487c5 DependenciesID=814fecef7b81af7f651ae388265aa55d StaticDependenciesID=28cd004e7ab0081fe5892fea98e65fbf 
Importing 'GUID: bab3a29ab4f214742a44add41efffb7d - Path: Packages/com.unity.ugui/Runtime/InternalBridge' with importer (DefaultImporter)
Imported 'GUID: bab3a29ab4f214742a44add41efffb7d' -> (Import Result ID: '7a8135d849742846d2c2fd2c9d683a5f') in 0.000 seconds [static dependencies only]. Details - ImportResultOutputID=86a5c7933efe546e3f374d55a299b47f DependenciesID=fbdd678a7e56a422ed1a029d38692264 StaticDependenciesID=c54241660f7fb8b0a39aa26a88fd783c 
Importing 'GUID: fb62e3f75d092480aba1891721fbe63a - Path: Assets/Scripts/Runtime/Ui' with importer (DefaultImporter)
Imported 'GUID: fb62e3f75d092480aba1891721fbe63a' -> (Import Result ID: '6ca91c9271be5fe496cc984e238b3a08') in 0.000 seconds [static dependencies only]. Details - ImportResultOutputID=47c29da9d045cf495398dfa7056b16f1 DependenciesID=6c3dae97b429ef0a5497a2710fadd35c StaticDependenciesID=ab3552e21d02c4005ae7bca38f442ffe 
Importing 'GUID: 9c9e3667f0cb949b4a8d271a31160be7 - Path: Assets/Scripts/Runtime/Game' with importer (DefaultImporter)
Imported 'GUID: 9c9e3667f0cb949b4a8d271a31160be7' -> (Import Result ID: '0b1c9f3e3be7572e3196f94875f0408f') in 0.000 seconds [static dependencies only]. Details - ImportResultOutputID=93831fad8a0b5c60f1f7bd0861bdbbef DependenciesID=7bac1e791cd9c8a4c2383e324e7e3102 StaticDependenciesID=89c723687dd4a1286fba123bc27cc47b 
Importing 'GUID: 2da27f5fe80a3a549ac7331d9f52f5f0 - Path: Packages/com.unity.ugui/Editor Resources/Shaders' with importer (DefaultImporter)
Imported 'GUID: 2da27f5fe80a3a549ac7331d9f52f5f0' -> (Import Result ID: 'f3ae55d11bc2bf7631c36ed2dfeab4ac') in 0.000 seconds [static dependencies only]. Details - ImportResultOutputID=c5ee6abea7cc760dbb172bf171dd2a5a DependenciesID=eb224ceb427fcbbd494162630dbd7db6 StaticDependenciesID=fc4539bc273b607a15ebd20d93ae802c 
Importing 'GUID: 8e4d240cf158245a9945c4df01d83bc1 - Path: Packages/com.unity.multiplayer.center/Tests/Runtime' with importer (DefaultImporter)
Imported 'GUID: 8e4d240cf158245a9945c4df01d83bc1' -> (Import Result ID: 'c26908bd6f3348bd96d3a1aa86f92e90') in 0.000 seconds [static dependencies only]. Details - ImportResultOutputID=8d471bf8668065aa423a9a6138166117 DependenciesID=57ae9c80888174121ff54d12b032787b StaticDependenciesID=9754452aef8d924eb569d1ea3f5a9074 
Importing 'GUID: ffa085937c6b44c6c8304b0dc74a6e90 - Path: Assets/Scripts/Runtime/Art' with importer (DefaultImporter)
Imported 'GUID: ffa085937c6b44c6c8304b0dc74a6e90' -> (Import Result ID: '3cd526e517024623fa14ffb0b68a25f3') in 0.000 seconds [static dependencies only]. Details - ImportResultOutputID=f31ed04f760174ed60c69fdd0741b58c DependenciesID=b0dd05d627ca30377533a76fb2848c90 StaticDependenciesID=33dd7575b9343529d03bb88658897647 
Importing 'GUID: 914613548ded44a43a59eb9852503f18 - Path: Packages/com.unity.ugui/Tests/Runtime/TMP' with importer (DefaultImporter)
Imported 'GUID: 914613548ded44a43a59eb9852503f18' -> (Import Result ID: 'ab4eb136a67929844ae678c0056a7e0d') in 0.000 seconds [static dependencies only]. Details - ImportResultOutputID=b500f95098bd8afbc140ba73b7eb0a49 DependenciesID=ceb46fe92538201783cbe7f7ec6c26b8 StaticDependenciesID=ef8f54fc47ae79c233e1da19053fc0ff 
Importing 'GUID: 32e2186f4598cff489784aae586f2215 - Path: Packages/com.unity.ugui/Runtime/UGUI/Properties' with importer (DefaultImporter)
Imported 'GUID: 32e2186f4598cff489784aae586f2215' -> (Import Result ID: 'a4fa8a202089e4e38ffd35b2aceba9f2') in 0.000 seconds [static dependencies only]. Details - ImportResultOutputID=a60620db748042d095a7e923ff9e81ec DependenciesID=29abe4d5c70a3cab55780be7afc28651 StaticDependenciesID=37e028ebbafd218ea2f48481c017692c 
Importing 'GUID: 53caebc5909234b4ebe1fcaf3dc913a5 - Path: Packages/com.unity.ugui/Tests/Runtime/UGUI' with importer (DefaultImporter)
Imported 'GUID: 53caebc5909234b4ebe1fcaf3dc913a5' -> (Import Result ID: 'c5a38f6efe47a9180c9ed0b3265e6686') in 0.000 seconds [static dependencies only]. Details - ImportResultOutputID=95ad371b8cdb9a294da03dc87e76abaf DependenciesID=355a254e9fdaad40d70546ab11032fd5 StaticDependenciesID=58aee7bc5c02ad394f86c10b00d0e208 
Importing 'GUID: 742654cad2425334696ba6ed4495cfef - Path: Packages/com.unity.ugui/Runtime/UGUI/UI' with importer (DefaultImporter)
Imported 'GUID: 742654cad2425334696ba6ed4495cfef' -> (Import Result ID: '214963f89d2c98a4d47a96da00523865') in 0.000 seconds [static dependencies only]. Details - ImportResultOutputID=8f485f614be7a5de5c0d226177544e64 DependenciesID=b92a948bb9194529100be37b103ec974 StaticDependenciesID=cd1ff474f988f20490826137cffb5f24 
Importing 'GUID: 853edc343b78a7c4c81cbb3851d48c0a - Path: Packages/com.unity.ugui/Editor/UGUI/UI' with importer (DefaultImporter)
Imported 'GUID: 853edc343b78a7c4c81cbb3851d48c0a' -> (Import Result ID: 'ec9e20b1ea9a49f658d9fa6c6962d32e') in 0.000 seconds [static dependencies only]. Details - ImportResultOutputID=817852a677c79b120ebfea9b2a6e2b87 DependenciesID=79f97859125414c29c6ba9a4e653b8ce StaticDependenciesID=4aaf54f230fccba85ce7d11d2062e4c6 
Importing 'GUID: f525580684527b147b70cf94aaa70dbc - Path: Packages/com.unity.ugui/Editor/UGUI/EventSystem' with importer (DefaultImporter)
Imported 'GUID: f525580684527b147b70cf94aaa70dbc' -> (Import Result ID: '503dae1663cf62a77e97545d7d89784f') in 0.000 seconds [static dependencies only]. Details - ImportResultOutputID=edff13cc3063d13a3ad3adc5db6eeaf3 DependenciesID=bb59f4f82082c110cf9ccd41ed4faff6 StaticDependenciesID=aa14fb5c00f4da727b0cdd162f3814d5 
Importing 'GUID: 77417b0f4cf6d334f916c64448d24133 - Path: Packages/com.unity.ugui/Editor/Analytics/IAnalytic' with importer (DefaultImporter)
Imported 'GUID: 77417b0f4cf6d334f916c64448d24133' -> (Import Result ID: '8577b055294de718e077383bddee17e1') in 0.000 seconds [static dependencies only]. Details - ImportResultOutputID=ece3f7a2bcd50b0789c1d53c4fb48926 DependenciesID=48f07f911ef7b8c497ceb42169e65e23 StaticDependenciesID=34e127aa7aad971e092343ad35b3295a 
Importing 'GUID: ea7c31b5b377c314db28ad3fabbbd38d - Path: Packages/com.unity.ugui/Editor/TMP/PropertyDrawers' with importer (DefaultImporter)
Imported 'GUID: ea7c31b5b377c314db28ad3fabbbd38d' -> (Import Result ID: '1253449bde90abcb05a4b2b14a2f40f0') in 0.000 seconds [static dependencies only]. Details - ImportResultOutputID=95a87702fc86b39cbacf451c7f177369 DependenciesID=82670ba9e873d0176b45fff0c6a3db52 StaticDependenciesID=73c20b06169bd391f900a2de2b544a5f 
Importing 'GUID: fae3ac1997e164d1eba5fa5c417cbefd - Path: Packages/com.unity.ugui/Tests/Editor/UGUI' with importer (DefaultImporter)
Imported 'GUID: fae3ac1997e164d1eba5fa5c417cbefd' -> (Import Result ID: 'cd79e88f7b82f6782b41ecdcf235bc06') in 0.000 seconds [static dependencies only]. Details - ImportResultOutputID=f15c9f61e52059636fa1bfea359a8585 DependenciesID=d0a13936bbe379d43d45a784db7f2343 StaticDependenciesID=03872b4617e4955335d3f209f3f4ef90 
Importing 'GUID: 9bd34ec3fe8f4aed936c3a0cf2f32e56 - Path: Packages/com.unity.multiplayer.center/Editor/MultiplayerCenterWindow/UI' with importer (DefaultImporter)
Imported 'GUID: 9bd34ec3fe8f4aed936c3a0cf2f32e56' -> (Import Result ID: '12802fda37706c0e2a26dfd050555474') in 0.000 seconds [static dependencies only]. Details - ImportResultOutputID=ccc1a09d4a030f52c953d2f3937aac55 DependenciesID=edd3d46d24ac0b48686a6331d44ba3ed StaticDependenciesID=118c9915218bd0cdd9cea484a34a1c77 
Importing 'GUID: 3ddaad49a7bcb4087b403f2225d54840 - Path: Packages/com.unity.ugui/Tests/Editor/TMP' with importer (DefaultImporter)
Imported 'GUID: 3ddaad49a7bcb4087b403f2225d54840' -> (Import Result ID: 'c14c32389c7eee264ed1a9b95d861196') in 0.000 seconds [static dependencies only]. Details - ImportResultOutputID=e22ab0a25656273b62edba6142a39ddb DependenciesID=042d83283db6157290b78b72214f3988 StaticDependenciesID=4a01e5b8c512b1ad6c754c37cbb8f64f 
Importing 'GUID: cd9c8fc1c8d64d54ab1e22aae9678d84 - Path: Packages/com.unity.ugui/Tests/Editor/Common' with importer (DefaultImporter)
Imported 'GUID: cd9c8fc1c8d64d54ab1e22aae9678d84' -> (Import Result ID: 'd92b8171eb135618ba7f86520cfb2c4a') in 0.000 seconds [static dependencies only]. Details - ImportResultOutputID=ee82f341fd2cc14f6f5c118dd6183bd9 DependenciesID=27f132da0c8d316c7a69577343d20dbd StaticDependenciesID=6d44b6f5ff007c3e17f5e1ac087b28ad 
Importing 'GUID: eecc124dc0b994047aac97ccf8c8ed0a - Path: Packages/com.unity.ugui/Editor/TMP/HDRP' with importer (DefaultImporter)
Imported 'GUID: eecc124dc0b994047aac97ccf8c8ed0a' -> (Import Result ID: '68fe675c6c7da0c40da5c8706557562c') in 0.000 seconds [static dependencies only]. Details - ImportResultOutputID=1fe5e75746ef34eb01ea21b850a03ce1 DependenciesID=5e117309c233aeb39a66001d65bf9818 StaticDependenciesID=e1242befd0cb0c1458957540299bc7d8 
Importing 'GUID: 7f27709c942d91541be1fd6aa5cb3d78 - Path: Packages/com.unity.ugui/Runtime/UGUI/EventSystem' with importer (DefaultImporter)
Imported 'GUID: 7f27709c942d91541be1fd6aa5cb3d78' -> (Import Result ID: 'e3e5447bc814225c9ffb86fec055295e') in 0.000 seconds [static dependencies only]. Details - ImportResultOutputID=43bd66607a2454aa18f8b68ac3e488a7 DependenciesID=38f074c914d00cf0e16df398572c98ad StaticDependenciesID=76f7efdd162f1762cf9a2584070abad1 
Importing 'GUID: cf97e54bcd5479a46bdbade48da047cc - Path: Packages/com.unity.ugui/Editor/UGUI/Properties' with importer (DefaultImporter)
Imported 'GUID: cf97e54bcd5479a46bdbade48da047cc' -> (Import Result ID: 'd1aaaaae6281709961ec0689d01960ac') in 0.000 seconds [static dependencies only]. Details - ImportResultOutputID=4d90aedc7e855070ad84cb498caa8788 DependenciesID=1cc5983ced7537ebf9cc500ee6e7c8a4 StaticDependenciesID=b242d281c1355d98c02cd733912256d3 
Importing 'GUID: 1091bc2ad06e3234aac2b2fa2841c09d - Path: Packages/com.unity.ugui/Tests/Runtime/UGUI/Image' with importer (DefaultImporter)
Imported 'GUID: 1091bc2ad06e3234aac2b2fa2841c09d' -> (Import Result ID: '08bae953346677639932e5edcd6f89a3') in 0.000 seconds [static dependencies only]. Details - ImportResultOutputID=ab87c4a4643da9977eacf38a9ec170a3 DependenciesID=2ce2755a3f148f8c7c7432128364a189 StaticDependenciesID=2c7054851c1f7157b40ecf9b6366e3be 
Importing 'GUID: 305ca32be1aa5504aa182f583895dfe4 - Path: Packages/com.unity.ugui/Tests/Editor/UGUI/RectMask2D' with importer (DefaultImporter)
Imported 'GUID: 305ca32be1aa5504aa182f583895dfe4' -> (Import Result ID: '1faf2ac7c544da2665f6121f6a818630') in 0.000 seconds [static dependencies only]. Details - ImportResultOutputID=178aea4244a57395a1fc2ea9c0b74bc4 DependenciesID=294119334e8305f2caccfdfa6ffabdc2 StaticDependenciesID=f88826a7684d07fcb973a2eebabca0e5 
Importing 'GUID: c16c54fe03afb5740bcc0a2a295cb79d - Path: Packages/com.unity.ugui/Tests/Editor/UGUI/InputField' with importer (DefaultImporter)
Imported 'GUID: c16c54fe03afb5740bcc0a2a295cb79d' -> (Import Result ID: '61db95d6e4e34915eff04d23718eaa5c') in 0.000 seconds [static dependencies only]. Details - ImportResultOutputID=8074335b50bd51817a71966b5917dc8c DependenciesID=79346dbb378c87b2ca1465b98daf3337 StaticDependenciesID=53e17552ee37e28642c2d7be97350073 
Importing 'GUID: 12c42068351bb084abde965d725b9887 - Path: Packages/com.unity.ugui/Runtime/UGUI/UI/Core' with importer (DefaultImporter)
Imported 'GUID: 12c42068351bb084abde965d725b9887' -> (Import Result ID: '43fd6240606946e2492936009901c803') in 0.000 seconds [static dependencies only]. Details - ImportResultOutputID=317bf4c76346e7a88f5e1b45cd3b91f9 DependenciesID=db02f20422bff5d8649b71d222a5ae0d StaticDependenciesID=3d9382640805ecc8a05d7ec47b298d54 
Importing 'GUID: e210c8bf2e9c6514d90a1bd77586af1f - Path: Packages/com.unity.ugui/Tests/Runtime/UGUI/Toggle' with importer (DefaultImporter)
Imported 'GUID: e210c8bf2e9c6514d90a1bd77586af1f' -> (Import Result ID: '675298a1b8e682c3a13f64b6939c702a') in 0.000 seconds [static dependencies only]. Details - ImportResultOutputID=9448b0e9da76256a2e2f124cd7e1a042 DependenciesID=79461917e26fcbc4c789a986cd9ff868 StaticDependenciesID=8076765f1f0d28d855a083e34378b65c 
Importing 'GUID: 239dd6edc8e5cd14585c03e09e86a747 - Path: Packages/com.unity.ugui/Tests/Runtime/UGUI/Button' with importer (DefaultImporter)
Imported 'GUID: 239dd6edc8e5cd14585c03e09e86a747' -> (Import Result ID: 'c9b62f11bcf5172573bdab521ce1ee68') in 0.000 seconds [static dependencies only]. Details - ImportResultOutputID=2fbb41bc5748889d5aef3498cb1ad9a7 DependenciesID=c1ca0a7f9ba05923527590160924d34f StaticDependenciesID=d7ce1c881959f169cd7be71947f9a185 
Importing 'GUID: 43b1467da3d29ae4597a733828cdd84a - Path: Packages/com.unity.ugui/Tests/Runtime/UGUI/ScrollBar' with importer (DefaultImporter)
Imported 'GUID: 43b1467da3d29ae4597a733828cdd84a' -> (Import Result ID: '337384a9a998cbe7bd0542d7918be2e1') in 0.000 seconds [static dependencies only]. Details - ImportResultOutputID=3580236fa0b2481d906e782a804543f1 DependenciesID=c30f6648331af198fe93c9e35206bb75 StaticDependenciesID=32bde9278f74c4b403812747d80963c4 
Importing 'GUID: 8313ea704470a264295ec9e09aec6ebc - Path: Packages/com.unity.ugui/Tests/Runtime/UGUI/Graphic' with importer (DefaultImporter)
Imported 'GUID: 8313ea704470a264295ec9e09aec6ebc' -> (Import Result ID: 'b9a78443ea67e40e8ba97c0b64dbe8df') in 0.000 seconds [static dependencies only]. Details - ImportResultOutputID=1d33c468ea3c9340793582932e6840f7 DependenciesID=fc31929495d0af9caa6456e143bb4b4c StaticDependenciesID=df0595160196d1f9935f8148aa44cbc2 
Importing 'GUID: b3cdabf2f1e76854d8aab5930305d70d - Path: Packages/com.unity.ugui/Runtime/UGUI/EventSystem/EventData' with importer (DefaultImporter)
Imported 'GUID: b3cdabf2f1e76854d8aab5930305d70d' -> (Import Result ID: '2769feb38e095a7e8741f930116edadd') in 0.000 seconds [static dependencies only]. Details - ImportResultOutputID=c9d722ac87bb07ad64c80480bc0c3487 DependenciesID=c2c94e50f2eef08ed7216716ae5da0d5 StaticDependenciesID=a3ddf1f5a18f02bb8a5d178d57319c19 
Importing 'GUID: 34a09eb4d6e8d44989194a25525c5147 - Path: Packages/com.unity.multiplayer.center/Editor/MultiplayerCenterWindow/UI/Icons' with importer (DefaultImporter)
Imported 'GUID: 34a09eb4d6e8d44989194a25525c5147' -> (Import Result ID: '4497b0f944c6387a72be21d4dbdd613c') in 0.000 seconds [static dependencies only]. Details - ImportResultOutputID=09fc5dce3344b58f3587b00bf4b13d7d DependenciesID=27cb1beb948d38490010ecdc74c4f083 StaticDependenciesID=b54ef10dcdbf9713e68405bc9a24b45a 
Importing 'GUID: 5472815444de2ce45bf2053a4af04b9d - Path: Packages/com.unity.ugui/Runtime/UGUI/UI/Animation' with importer (DefaultImporter)
Imported 'GUID: 5472815444de2ce45bf2053a4af04b9d' -> (Import Result ID: 'b00c9ce455c1feded3dc09b5a6648967') in 0.000 seconds [static dependencies only]. Details - ImportResultOutputID=02387668f373194356ec29799a11d5d0 DependenciesID=3e78464c4375c97f6c00defadac231b1 StaticDependenciesID=b08420d2c64702a8652bdf526e342560 
Importing 'GUID: 850af9f3bf6d14143baf2ecfbf25db52 - Path: Packages/com.unity.ugui/Tests/Runtime/UGUI/Slider' with importer (DefaultImporter)
Imported 'GUID: 850af9f3bf6d14143baf2ecfbf25db52' -> (Import Result ID: 'a5f277b7eb8f27833a23f35ec5b5f7bb') in 0.000 seconds [static dependencies only]. Details - ImportResultOutputID=417451072301af04851224ed30accd20 DependenciesID=5d558863492f30232b16ccd86e7e607d StaticDependenciesID=782b43253d3cfd1e77ef43318354b8a0 
Importing 'GUID: 46646a5562f14984690c85ee7b946bc9 - Path: Packages/com.unity.ugui/Runtime/UGUI/EventSystem/Raycasters' with importer (DefaultImporter)
Imported 'GUID: 46646a5562f14984690c85ee7b946bc9' -> (Import Result ID: '234f92b0e3cf2df4dd5492ac443c1f5c') in 0.000 seconds [static dependencies only]. Details - ImportResultOutputID=db9398800965861d01f2bd43cf496132 DependenciesID=6dfaf08a49bb0163ce0509362c703f2b StaticDependenciesID=3f8792b1f1ac78c435ccfb1fb64aeabb 
Importing 'GUID: a69b08936f9f74179ae333a4bebe7c54 - Path: Packages/com.unity.ugui/Tests/Runtime/UGUI/CanvasRenderer' with importer (DefaultImporter)
Imported 'GUID: a69b08936f9f74179ae333a4bebe7c54' -> (Import Result ID: '2c5dee467700f3c33fc46b25f946c139') in 0.000 seconds [static dependencies only]. Details - ImportResultOutputID=efdc4229cbf0a99a099ceae7028c9b0e DependenciesID=526e8de7b00dedb1f10ff86b8233f729 StaticDependenciesID=e14569bf6110e04d937c0b9b2315b92b 
Importing 'GUID: e7689eda3a8b1a847a8b197dbe90d9a6 - Path: Packages/com.unity.ugui/Tests/Editor/UGUI/UI' with importer (DefaultImporter)
Imported 'GUID: e7689eda3a8b1a847a8b197dbe90d9a6' -> (Import Result ID: 'd1d1a6c22da494d24d28abe99c9ce57b') in 0.000 seconds [static dependencies only]. Details - ImportResultOutputID=0619e96954c1117a1ee94a507e80202d DependenciesID=c6207d987734cfb017c02a806f24e195 StaticDependenciesID=7e2ac50389897e89dfd339f750b21e75 
Importing 'GUID: 98d14ab1acf42df4f88a0561822ac807 - Path: Packages/com.unity.ugui/Tests/Editor/UGUI/EventSystem' with importer (DefaultImporter)
Imported 'GUID: 98d14ab1acf42df4f88a0561822ac807' -> (Import Result ID: '77e6774a906df4abe4451b2497a00093') in 0.000 seconds [static dependencies only]. Details - ImportResultOutputID=6603dd8da4d7905c6bd3055da0051439 DependenciesID=3b8f2168cedad2138bd4746f61ccf437 StaticDependenciesID=e2612729251b5b82bf7ba26d947983bb 
Importing 'GUID: b86b117346968ac4d9cc63e4385becb7 - Path: Packages/com.unity.ugui/Tests/Editor/UGUI/Canvas' with importer (DefaultImporter)
Imported 'GUID: b86b117346968ac4d9cc63e4385becb7' -> (Import Result ID: 'abfc4e25fc4bcb196a6b161f32067343') in 0.000 seconds [static dependencies only]. Details - ImportResultOutputID=8e476afd0593550eb88e8c6624d87515 DependenciesID=877f057cf3e4b633e0c71c551b791af1 StaticDependenciesID=b7832171fbca6c06f6be994e5156c219 
Importing 'GUID: e90cc37a5ccf4a44dbecc5b7172ec512 - Path: Packages/com.unity.ugui/Tests/Editor/UGUI/UnityEvent' with importer (DefaultImporter)
Imported 'GUID: e90cc37a5ccf4a44dbecc5b7172ec512' -> (Import Result ID: 'cde0220ef807c353e41e788af94ac458') in 0.000 seconds [static dependencies only]. Details - ImportResultOutputID=a0bc94d63c9e6f6a4b020ee487fe309b DependenciesID=45c7b73f494615e9b2a7e5aa7f607d05 StaticDependenciesID=ebe26c080430ce70dc04ce90c2a84dac 
Importing 'GUID: 2a28c2fab6b1bb745a844ef6b908e7ee - Path: Packages/com.unity.ugui/Tests/Runtime/UGUI/InputField' with importer (DefaultImporter)
Imported 'GUID: 2a28c2fab6b1bb745a844ef6b908e7ee' -> (Import Result ID: 'e19cd6063a525fa66ec6d63085128f57') in 0.000 seconds [static dependencies only]. Details - ImportResultOutputID=e58836774379c95673eb78fae8afcfc0 DependenciesID=80628ccd12ddd2f94ec083d525d9a9ab StaticDependenciesID=c65b7afb8092863076808e4bf6ae8427 
Importing 'GUID: 9a3557da07c729b4eb774b8e30e157a4 - Path: Packages/com.unity.ugui/Tests/Runtime/UGUI/Canvas' with importer (DefaultImporter)
Imported 'GUID: 9a3557da07c729b4eb774b8e30e157a4' -> (Import Result ID: '1d249d6e40778354a987a6fcb192c906') in 0.000 seconds [static dependencies only]. Details - ImportResultOutputID=7d088037bf937e0424a9d6b638c327bc DependenciesID=41dad57d6012744c15a40fcaeea4407c StaticDependenciesID=4e86fe4ece9cd37a029e157d3e105e51 
Importing 'GUID: bae197be297529d4fa735fbe7c91828d - Path: Packages/com.unity.ugui/Tests/Runtime/UGUI/Dropdown' with importer (DefaultImporter)
Imported 'GUID: bae197be297529d4fa735fbe7c91828d' -> (Import Result ID: '5e3bc459916388cb419c01133fdf71b5') in 0.000 seconds [static dependencies only]. Details - ImportResultOutputID=6965364a0d1585b32a69589405f69568 DependenciesID=0f01d54a900122b1b9268796394d561d StaticDependenciesID=f6979298c434fcac3eab6e2a6f28d882 
Importing 'GUID: eab7f42d361b483aaa760c5909002312 - Path: Packages/com.unity.multiplayer.center/Editor/MultiplayerCenterWindow/UI/RecommendationView' with importer (DefaultImporter)
Imported 'GUID: eab7f42d361b483aaa760c5909002312' -> (Import Result ID: '0085aaed1f64d854252dc470bde24ca5') in 0.000 seconds [static dependencies only]. Details - ImportResultOutputID=378cb1e8c5b18b814304dca778da9b61 DependenciesID=f43d09e2a49a84ffca6b90eb1526d3a1 StaticDependenciesID=5f479f26982f2640c26d8560c7c132a1 
Importing 'GUID: 2bc8a181dfd9de24388de89bb8db7713 - Path: Packages/com.unity.ugui/Tests/Runtime/UGUI/MaskClipping' with importer (DefaultImporter)
Imported 'GUID: 2bc8a181dfd9de24388de89bb8db7713' -> (Import Result ID: '9852a04d0c1c2c7f4eb843f22fc6ee3b') in 0.000 seconds [static dependencies only]. Details - ImportResultOutputID=cf24f9eca233f2ba4f2d58fafaa1207b DependenciesID=81d17dddb222b3420f97299907fad188 StaticDependenciesID=6a1c237633df10eb57dda2ae6b8a2a66 
Importing 'GUID: 9bedab6f9886aee42b33e424bffdb640 - Path: Packages/com.unity.ugui/Tests/Runtime/UGUI/ScrollRect' with importer (DefaultImporter)
Imported 'GUID: 9bedab6f9886aee42b33e424bffdb640' -> (Import Result ID: '35be4c3e6713de16b5d00f4bbd266953') in 0.000 seconds [static dependencies only]. Details - ImportResultOutputID=1e1e42b1ee74118f6935739ac2a182ad DependenciesID=dfd6e8e800abc6fff15f84984c140c39 StaticDependenciesID=5da55679819c88cddee1108bf2fe2e60 
Importing 'GUID: ab93e1a81defc3243a6e9cd0df3cb443 - Path: Packages/com.unity.ugui/Tests/Runtime/UGUI/EventSystem' with importer (DefaultImporter)
Imported 'GUID: ab93e1a81defc3243a6e9cd0df3cb443' -> (Import Result ID: 'e71948e5e25e2dfd7b129abeb5f90abf') in 0.000 seconds [static dependencies only]. Details - ImportResultOutputID=b30f8b8e5eb481e24f93b908a7a0420f DependenciesID=d5ef749c21096e9dc9c4f62024f1f498 StaticDependenciesID=b3a3d429314049c0781aedacf9c24a39 
Importing 'GUID: eb7e44c5cec24463ab95d52834898a3b - Path: Packages/com.unity.ugui/Tests/Runtime/UGUI/RawImage' with importer (DefaultImporter)
Imported 'GUID: eb7e44c5cec24463ab95d52834898a3b' -> (Import Result ID: 'e5171864f5e9d44c630929fa7290a51b') in 0.000 seconds [static dependencies only]. Details - ImportResultOutputID=5f3dd41893760011c03943e595e0e2b9 DependenciesID=4609bdcad0f058fdf8179ecc0d03b1ae StaticDependenciesID=d71de07129330d4161d834c15e52c1be 
Importing 'GUID: 4cfe5ade9a1375e40aed87618b92bd12 - Path: Packages/com.unity.ugui/Tests/Editor/UGUI/Slider' with importer (DefaultImporter)
Imported 'GUID: 4cfe5ade9a1375e40aed87618b92bd12' -> (Import Result ID: '0713d7a6198169bcd51a451723559aea') in 0.000 seconds [static dependencies only]. Details - ImportResultOutputID=e22ecf5b6dbe3e62a296c4d455bdc050 DependenciesID=f5cc6dfa6c2c0479f8183aa4a1994ad8 StaticDependenciesID=f14609ee3d652a87f460678e619f3145 
Importing 'GUID: bc9aa6d5a7945f34882c442e9e201537 - Path: Packages/com.unity.ugui/Editor/UGUI/UI/PropertyDrawers' with importer (DefaultImporter)
Imported 'GUID: bc9aa6d5a7945f34882c442e9e201537' -> (Import Result ID: '94372a17ac65b19103079fbf3702a0f3') in 0.000 seconds [static dependencies only]. Details - ImportResultOutputID=63c8cf390e7a4e4d540c9298ab92bed8 DependenciesID=e9d3255755d48a582380248eee29bc66 StaticDependenciesID=e65079aa78b0d8572706e586ccb74e7c 
Importing 'GUID: cc313cc004395df4a9884390556690a5 - Path: Packages/com.unity.ugui/Tests/Runtime/UGUI/Layout' with importer (DefaultImporter)
Imported 'GUID: cc313cc004395df4a9884390556690a5' -> (Import Result ID: '7b531e27c78f080820cdd4562cff96f6') in 0.000 seconds [static dependencies only]. Details - ImportResultOutputID=60415242162df86570f1c45c1cd3de97 DependenciesID=1a988c880bf84369175e13e8392194f1 StaticDependenciesID=787e244eb5981d4e5359cbc5817d693a 
Importing 'GUID: cce7e34ecb3cc43ebabe7154ebe11414 - Path: Packages/com.unity.ugui/Tests/Runtime/UGUI/RaycastReceiver' with importer (DefaultImporter)
Imported 'GUID: cce7e34ecb3cc43ebabe7154ebe11414' -> (Import Result ID: 'fb513d187e2933bc1e8518cb4da14cae') in 0.000 seconds [static dependencies only]. Details - ImportResultOutputID=93b7fb6b6bb40adb488bc0f68fc48255 DependenciesID=345a6564439896cb277d31e66a5fe157 StaticDependenciesID=f39f00894393480c7d44a7fb13c75fc3 
Importing 'GUID: 2d9b6ff056b6f484ba6500aa8e06bcf3 - Path: Packages/com.unity.ugui/Tests/Runtime/UGUI/LayoutGroup' with importer (DefaultImporter)
Imported 'GUID: 2d9b6ff056b6f484ba6500aa8e06bcf3' -> (Import Result ID: '83b2ac34e2e10e7c7de216d6cc8ac0c4') in 0.000 seconds [static dependencies only]. Details - ImportResultOutputID=c2f016a97ca6b758214e30a50ac04dd1 DependenciesID=de71756809ad47ef30b5882c6aaeed74 StaticDependenciesID=34f68bd890f5c3b4d7f781c3b44f0029 
Importing 'GUID: 5dc64c943466a44498be3b620c743b45 - Path: Packages/com.unity.ugui/Runtime/UGUI/EventSystem/UIElements' with importer (DefaultImporter)
Imported 'GUID: 5dc64c943466a44498be3b620c743b45' -> (Import Result ID: 'e8f42d2f31626690f13bb80841a54921') in 0.000 seconds [static dependencies only]. Details - ImportResultOutputID=fd828e0499fcd47e19fa0a0b494b1491 DependenciesID=79127338a5c13fa84cf39a5414d22fc8 StaticDependenciesID=fcd90f5b321b599c1ac520201a4a1839 
Importing 'GUID: 8e78f8a8575e4a04f8337a54e241cdc5 - Path: Packages/com.unity.ugui/Runtime/UGUI/EventSystem/InputModules' with importer (DefaultImporter)
Imported 'GUID: 8e78f8a8575e4a04f8337a54e241cdc5' -> (Import Result ID: '03651eafc1f7b167f217a7b9d542a0c6') in 0.000 seconds [static dependencies only]. Details - ImportResultOutputID=84df937fc484b7ab7b594c4d33eb072c DependenciesID=8ac3493bfa914af1e8d3f01878fa297c StaticDependenciesID=eadc370d854c330f337eb1b7a7be66db 
Importing 'GUID: ae242449e9279d44789513b922d3178a - Path: Packages/com.unity.ugui/Tests/Editor/UGUI/CanvasRenderer' with importer (DefaultImporter)
Imported 'GUID: ae242449e9279d44789513b922d3178a' -> (Import Result ID: 'a716104b625670cc7aecdea1c534d772') in 0.000 seconds [static dependencies only]. Details - ImportResultOutputID=e5bf496d94443ae3ec9c556233743fcb DependenciesID=eceaba14f7ddf17b74125422e00f0b18 StaticDependenciesID=eef29d039ef4cfceb88a8eee3c804f26 
Importing 'GUID: 1f71aeacc4a9f1a40b22a1a590331f6b - Path: Packages/com.unity.ugui/Tests/Editor/UGUI/Dropdown' with importer (DefaultImporter)
Imported 'GUID: 1f71aeacc4a9f1a40b22a1a590331f6b' -> (Import Result ID: '5cdafdf18ddd9f62223761591d1d9fa5') in 0.000 seconds [static dependencies only]. Details - ImportResultOutputID=9c7b3a89084fcba7d2db4de1536c8b5e DependenciesID=ff92cb98b85f870b67c50e316f7cfd35 StaticDependenciesID=1b82cc936954c9e9a65d3ef2769217fe 
Importing 'GUID: 4f9ac6e545d53f94b9f09c85b9576f36 - Path: Packages/com.unity.ugui/Tests/Editor/UGUI/Text' with importer (DefaultImporter)
Imported 'GUID: 4f9ac6e545d53f94b9f09c85b9576f36' -> (Import Result ID: 'e98648bd66940b6a132be651d2420fb6') in 0.000 seconds [static dependencies only]. Details - ImportResultOutputID=0a6c93c4388846596449e13fb9ee76e4 DependenciesID=e53ff11c940a19efb0773a66a6f23adc StaticDependenciesID=e28c688a242fa2ecb59ea4a56173efa2 
Importing 'GUID: af30a361ab68260438b6ec3fb7e64500 - Path: Packages/com.unity.ugui/Tests/Runtime/UGUI/Util' with importer (DefaultImporter)
Imported 'GUID: af30a361ab68260438b6ec3fb7e64500' -> (Import Result ID: 'aa376b6d0e325f33c19475de00160cf5') in 0.000 seconds [static dependencies only]. Details - ImportResultOutputID=62ba854b2b9d1dd6ed122b47ebaa7e4a DependenciesID=16e5086e837bf6d99be4855116cfe93a StaticDependenciesID=ddd6ba8589c95d651a2b2f5c6bdac46e 
Importing 'GUID: efad3ddb7270ac241b9b1357ec5ee2f2 - Path: Packages/com.unity.ugui/Tests/Runtime/UGUI/NestedLayout' with importer (DefaultImporter)
Imported 'GUID: efad3ddb7270ac241b9b1357ec5ee2f2' -> (Import Result ID: '302644d2a6c11c2840be61820d8adbd5') in 0.000 seconds [static dependencies only]. Details - ImportResultOutputID=6ea828bc1b4844d62080f5a23272f6ef DependenciesID=2ca3c70dc54d7a1c69a63616b2ff9cd1 StaticDependenciesID=7c045ecfde023df1d2f5ff37c1c0863f 
Importing 'GUID: 24333a116497b144f9782b1160984b57 - Path: Packages/com.unity.ugui/Tests/Editor/UGUI/UI/PropertyDrawers' with importer (DefaultImporter)
Imported 'GUID: 24333a116497b144f9782b1160984b57' -> (Import Result ID: '2dc7399091e0517b2a785c08354a7c03') in 0.000 seconds [static dependencies only]. Details - ImportResultOutputID=ecae9bd5d0156d4f227ceb9a1d09b3a1 DependenciesID=0bda6461a458d12ad016ef9565e75c17 StaticDependenciesID=bb6c56836df00b4929f99e101b1619dd 
Importing 'GUID: d63dd1a776d383248a21ec2a8a6e7868 - Path: Packages/com.unity.ugui/Runtime/UGUI/UI/Core/Utility' with importer (DefaultImporter)
Imported 'GUID: d63dd1a776d383248a21ec2a8a6e7868' -> (Import Result ID: '2eb8e9a16f13731db9e2d1fe4c3c981f') in 0.000 seconds [static dependencies only]. Details - ImportResultOutputID=c238abcbd70b2a0dc4dc3ba9d2c6093d DependenciesID=daabe81c4c44caa35dd0f26b2b867364 StaticDependenciesID=4ad9b6f4d006a5cf2c8e26f8661c2294 
Importing 'GUID: 27ed3e221887b3544bd9d6505d4a789f - Path: Packages/com.unity.ugui/Runtime/UGUI/UI/Core/Culling' with importer (DefaultImporter)
Imported 'GUID: 27ed3e221887b3544bd9d6505d4a789f' -> (Import Result ID: 'd3e8f7d9175a68d933e1a16b315c4fc1') in 0.000 seconds [static dependencies only]. Details - ImportResultOutputID=56abe916306638a477b6ac3ba6307677 DependenciesID=9605105849fdfbc010a50f08324266eb StaticDependenciesID=4be71aedc9e6a448655fec461112fcee 
Importing 'GUID: f8ed4321a98682942b9980996131cf26 - Path: Packages/com.unity.ugui/Runtime/UGUI/UI/Core/SpecializedCollections' with importer (DefaultImporter)
Imported 'GUID: f8ed4321a98682942b9980996131cf26' -> (Import Result ID: '739cbc192ac13cdfd02051b52853b92a') in 0.000 seconds [static dependencies only]. Details - ImportResultOutputID=d35aeaf4a8cadeb54cb7cfa1c1e01dd1 DependenciesID=c1d197430a25d7f437fef8bed3d924c0 StaticDependenciesID=d3973a57dd2d15ea2774273df9650488 
Importing 'GUID: 1999349e7f492c947bb6eb70f624382e - Path: Packages/com.unity.ugui/Runtime/UGUI/UI/Core/Layout' with importer (DefaultImporter)
Imported 'GUID: 1999349e7f492c947bb6eb70f624382e' -> (Import Result ID: '3c555a5a1eccc9e0d8ee3c0113267dc2') in 0.000 seconds [static dependencies only]. Details - ImportResultOutputID=1a984b17ea58808f819e522d983d3a34 DependenciesID=97fbc89ae918130132616e3b3b10bcf2 StaticDependenciesID=3ded4312b59864ab02f8ba2d119ec79c 
Importing 'GUID: 7a892c920c8ad2848b469ec9579c5219 - Path: Packages/com.unity.ugui/Tests/Runtime/UGUI/EventSystem/InputModuleTests' with importer (DefaultImporter)
Imported 'GUID: 7a892c920c8ad2848b469ec9579c5219' -> (Import Result ID: '802cc4431449fddf7007e24fe27b1336') in 0.000 seconds [static dependencies only]. Details - ImportResultOutputID=65fc0fa1452fdf4535fd027d3e85177b DependenciesID=46d7167f0e8e2ea036fc41066557dee8 StaticDependenciesID=bf2cff228dfdc2c43f81045caaed2601 
Importing 'GUID: 7c6295db74da28645bf49db58b7c9c65 - Path: Packages/com.unity.ugui/Runtime/UGUI/UI/Core/MaterialModifiers' with importer (DefaultImporter)
Imported 'GUID: 7c6295db74da28645bf49db58b7c9c65' -> (Import Result ID: 'e7736ac374982290b6ce0837b3f8a0a3') in 0.000 seconds [static dependencies only]. Details - ImportResultOutputID=d3c51eb5e7281175d51c01db2a8fe935 DependenciesID=9ef00a23da818626df348df6075d3c35 StaticDependenciesID=eb6fa335f0837c7f9b2fc3b2d0155f21 
Importing 'GUID: cfa73a847eeff06448bb50a8ac6a94e0 - Path: Packages/com.unity.ugui/Runtime/UGUI/UI/Core/VertexModifiers' with importer (DefaultImporter)
Imported 'GUID: cfa73a847eeff06448bb50a8ac6a94e0' -> (Import Result ID: '9585c6555567fbf62cab3e462f0922ae') in 0.000 seconds [static dependencies only]. Details - ImportResultOutputID=ba0a329ea4dd35886e4a78d8110278b1 DependenciesID=d0c7fdf14efce3b29cba5c29a597b0d1 StaticDependenciesID=7dcbf999d7268fbe4858fb3ff5e69080 
Importing 'GUID: 6055be8ebefd69e48b49212b09b47b2f - Path: Packages/com.unity.ugui/Runtime/TMP/Unity.TextMeshPro.asmdef' with importer (AssemblyDefinitionImporter)
Imported 'GUID: 6055be8ebefd69e48b49212b09b47b2f' -> (Import Result ID: 'b15424de3bf38202fb082181c8731844') in 0.000 seconds [static dependencies only]. Details - ImportResultOutputID=541b2a82a300c713c8a02120fb24a4f9 DependenciesID=cccdcc6e91e1806decf5c7d40956e288 StaticDependenciesID=fc0f2a0a28c6982ce4ecc9b407800a0e 
Importing 'GUID: 43b111c4a445f446abd2c02e77750ff5 - Path: Packages/com.unity.ugui/Runtime/InternalBridge/Unity.InternalAPIEngineBridge.004.asmdef' with importer (AssemblyDefinitionImporter)
Imported 'GUID: 43b111c4a445f446abd2c02e77750ff5' -> (Import Result ID: '401de1f962a758d51a1de08c81f6cd9a') in 0.000 seconds [static dependencies only]. Details - ImportResultOutputID=8c3a5df3965578a47b17aa72b16192f2 DependenciesID=63b4212e711f01176c8ecfb680875160 StaticDependenciesID=c272e23e455befebe93940c729d11737 
Importing 'GUID: 8394c018a82352f41ae354f7bdad54e3 - Path: Packages/com.unity.ugui/Editor/Analytics/UnityEditor.UI.Analytics.asmdef' with importer (AssemblyDefinitionImporter)
Imported 'GUID: 8394c018a82352f41ae354f7bdad54e3' -> (Import Result ID: '5f23c95933e2e72847752f1975b01fdb') in 0.000 seconds [static dependencies only]. Details - ImportResultOutputID=6d32872d2527bee86ba217c72ed92cc2 DependenciesID=fefff6fa5f4f9e5d88eea5e19c987a42 StaticDependenciesID=c4c76dd520faf1acd3fa0386fe926c3d 
Importing 'GUID: 343deaaf83e0cee4ca978e7df0b80d21 - Path: Packages/com.unity.ugui/Editor/UGUI/UnityEditor.UI.asmdef' with importer (AssemblyDefinitionImporter)
Imported 'GUID: 343deaaf83e0cee4ca978e7df0b80d21' -> (Import Result ID: 'cbca1c363850f7944b9325b3690199e1') in 0.000 seconds [static dependencies only]. Details - ImportResultOutputID=80f05667bf02ba97735e00fb392e42b7 DependenciesID=212dc8266471c80a18f9ed01e6c15a3b StaticDependenciesID=4d18829651646562fe653ae47bdfb838 
Importing 'GUID: 84abd2ab34a74600a33a3bb9d72859fe - Path: Packages/com.unity.multiplayer.center/Common/Unity.Multiplayer.Center.Common.asmdef' with importer (AssemblyDefinitionImporter)
Imported 'GUID: 84abd2ab34a74600a33a3bb9d72859fe' -> (Import Result ID: 'f89618a79a93a73a49d308209c4c25b9') in 0.000 seconds [static dependencies only]. Details - ImportResultOutputID=ac464dd06d5a61d0a978410378529929 DependenciesID=af696ac2b963465e752aa7759edd3606 StaticDependenciesID=c8e2c5d4ebab5c3329cf298460da67c5 
Importing 'GUID: 05242c3d99f24a74f99cc20369fcb344 - Path: Packages/com.unity.ugui/Tests/Editor/Common/UnityEditor.UI.Common.Tests.asmdef' with importer (AssemblyDefinitionImporter)
Imported 'GUID: 05242c3d99f24a74f99cc20369fcb344' -> (Import Result ID: '411078353c21a9dc0f08b98dab728422') in 0.000 seconds [static dependencies only]. Details - ImportResultOutputID=13355475c8cf726890e4967ddaff5c0e DependenciesID=b61199a2ddd008bef28cb6fd3383e619 StaticDependenciesID=b0e9ed9b1a013087770c88e0f15302f7 
Importing 'GUID: 6546d7765b4165b40850b3667f981c26 - Path: Packages/com.unity.ugui/Editor/TMP/Unity.TextMeshPro.Editor.asmdef' with importer (AssemblyDefinitionImporter)
Imported 'GUID: 6546d7765b4165b40850b3667f981c26' -> (Import Result ID: '7f3a17455aca231f3d6b2ff2591ed346') in 0.000 seconds [static dependencies only]. Details - ImportResultOutputID=36008b569067be9a06f56cb2b5d49597 DependenciesID=fa6f3ced3bcb67023f3172d7f6c027f3 StaticDependenciesID=503ae92566f2bccec93afe511fb64823 
Importing 'GUID: 656e461844099ae43a609ff6109b0877 - Path: Packages/com.unity.ugui/Tests/Editor/TMP/Unity.TextMeshPro.Editor.Tests.asmdef' with importer (AssemblyDefinitionImporter)
Imported 'GUID: 656e461844099ae43a609ff6109b0877' -> (Import Result ID: '8bd7b8742ca2e96ae64c8902d8c5ccc1') in 0.000 seconds [static dependencies only]. Details - ImportResultOutputID=167b54fc7ec77217dc4d1af00b101ec3 DependenciesID=09af9f93edddde64cc3ffb208a851f18 StaticDependenciesID=27c4ae2558764017965997b41cfcef68 
Importing 'GUID: 2664430aff4254d79887d32c3fc1e221 - Path: Packages/com.unity.multiplayer.center/Tests/Runtime/Unity.Multiplayer.Center.Tests.asmdef' with importer (AssemblyDefinitionImporter)
Imported 'GUID: 2664430aff4254d79887d32c3fc1e221' -> (Import Result ID: 'a11eedb1d3b3e4096fe2710093e7cf88') in 0.000 seconds [static dependencies only]. Details - ImportResultOutputID=95a86e32d35475cb5d001317bedd07f9 DependenciesID=de1ba7a375ac689391697901c16b4616 StaticDependenciesID=9befd1f6202b62f76859bc688011f0f8 
Importing 'GUID: 787ec048daec145b580d1134da5dd278 - Path: Packages/com.unity.multiplayer.center/Tests/Editor/Unity.Multiplayer.Center.Editor.Tests.asmdef' with importer (AssemblyDefinitionImporter)
Imported 'GUID: 787ec048daec145b580d1134da5dd278' -> (Import Result ID: 'bbe717dc8d533b7470f24301b5cc9c42') in 0.000 seconds [static dependencies only]. Details - ImportResultOutputID=5633ff3ec6bb0acbf28d7a77a2b8f7bf DependenciesID=bc5d900284f0df0231a3b606e0193b1d StaticDependenciesID=4255616505a6c5bd1c7ac30b4332d8b4 
Importing 'GUID: e9745f6a32442194c8dc5a43e9ab86f9 - Path: Packages/com.unity.ugui/Tests/Runtime/UGUI/UnityEngine.UI.Tests.asmdef' with importer (AssemblyDefinitionImporter)
Imported 'GUID: e9745f6a32442194c8dc5a43e9ab86f9' -> (Import Result ID: 'da2219b3b25ed3e68e28f444bbb415ce') in 0.000 seconds [static dependencies only]. Details - ImportResultOutputID=f1b7fc1b8a4bb998167ba402c64af205 DependenciesID=8c8f86d305e9a085bde72558d537064a StaticDependenciesID=352b8c8e28c9ab6f58adc4ea8b14e157 
Importing 'GUID: 2bafac87e7f4b9b418d9448d219b01ab - Path: Packages/com.unity.ugui/Runtime/UGUI/UnityEngine.UI.asmdef' with importer (AssemblyDefinitionImporter)
Imported 'GUID: 2bafac87e7f4b9b418d9448d219b01ab' -> (Import Result ID: '62385ad23dd14ebb9d732e67873dddcd') in 0.000 seconds [static dependencies only]. Details - ImportResultOutputID=7ddcc014db2fd7397dc46e3d6a9725db DependenciesID=9cc5c23ae6c1b1374c68dccc88a16fd6 StaticDependenciesID=8a0cc998de3ecaeff5e2afffeac520e4 
Importing 'GUID: bb05cab7d802aa5468f8f2f86840d984 - Path: Packages/com.unity.ugui/Tests/Runtime/TMP/Unity.TextMeshPro.Tests.asmdef' with importer (AssemblyDefinitionImporter)
Imported 'GUID: bb05cab7d802aa5468f8f2f86840d984' -> (Import Result ID: '10c0c6c14be8916e1f56b5dc2d3269fa') in 0.000 seconds [static dependencies only]. Details - ImportResultOutputID=e9011f648514f8bbd4c94ddd8d1d1122 DependenciesID=b46828b37faff1886916ca57b4cebd87 StaticDependenciesID=09de94775eb3569b420df037cc948e5a 
Importing 'GUID: 7c04f0dfa9243c04681a55d90d3ff3fc - Path: Packages/com.unity.ugui/Tests/Editor/UGUI/UnityEditor.UI.EditorTests.asmdef' with importer (AssemblyDefinitionImporter)
Imported 'GUID: 7c04f0dfa9243c04681a55d90d3ff3fc' -> (Import Result ID: 'e3572490cb4777d2102c5083b6503ec2') in 0.000 seconds [static dependencies only]. Details - ImportResultOutputID=718332123925c2264ef1b92f2b680e79 DependenciesID=b669a45ca472d2904202851223e01d45 StaticDependenciesID=ec83a9d78c9432ef932d964fff6cac52 
Importing 'GUID: be17709716f1648caa5de6d0c38103ed - Path: Packages/com.unity.multiplayer.center/Editor/Unity.Multiplayer.Center.Editor.asmdef' with importer (AssemblyDefinitionImporter)
Imported 'GUID: be17709716f1648caa5de6d0c38103ed' -> (Import Result ID: '0948e38ad23ca75da83bd15011262fd8') in 0.000 seconds [static dependencies only]. Details - ImportResultOutputID=10fe3792e6d1c78b2e7ea8dd1292fc3b DependenciesID=539fe8f05cbb283f3d3ab470ef0bef6d StaticDependenciesID=85f90e9d9ed2135368d3728f28639b9e 
Importing 'GUID: 51fa60bb2bd1e5bc74e8cc95a7bfd5b7 - Path: Packages/com.unity.modules.ui/package.ModuleCompilationTrigger' with importer (DefaultImporter)
Imported 'GUID: 51fa60bb2bd1e5bc74e8cc95a7bfd5b7' -> (Import Result ID: 'be512cbaf64ea92a8c61a9860d5593e0') in 0.327 seconds [static dependencies only]. Details - ImportResultOutputID=97b097896283fafd162f5103b6da9350 DependenciesID=e379836f04c341386ee5af5817637ee4 StaticDependenciesID=c2aff6c152a6da981347289118cef558 
Importing 'GUID: 71136fc5cf34f2cc10be0e33c0b08019 - Path: Packages/com.unity.modules.unityanalytics/package.ModuleCompilationTrigger' with importer (DefaultImporter)
Imported 'GUID: 71136fc5cf34f2cc10be0e33c0b08019' -> (Import Result ID: '4f553d0c7846bb8488f1e47c7cc378ed') in 0.000 seconds [static dependencies only]. Details - ImportResultOutputID=aad00463857b0f3e239972e5a10e3f79 DependenciesID=6ac68746640fd51569a9c6747167e4b7 StaticDependenciesID=0a465c3a9c3618e9383ffbc63a09a41f 
Importing 'GUID: a1c42005fe7c5d78585a77ce396a5eea - Path: Packages/com.unity.modules.tilemap/package.ModuleCompilationTrigger' with importer (DefaultImporter)
Imported 'GUID: a1c42005fe7c5d78585a77ce396a5eea' -> (Import Result ID: '2f3b857d1b663667ca17da0ecdb9c8a1') in 0.000 seconds [static dependencies only]. Details - ImportResultOutputID=7c7d529048f5d74f6d499dae097a185f DependenciesID=b23b0d0112b94f64697303ce5948ec1a StaticDependenciesID=767d5c519e1f9c2aac9148aeb04fb657 
Importing 'GUID: d104359075a97392b803d3d5aebc77f7 - Path: Packages/com.unity.modules.hierarchycore/package.ModuleCompilationTrigger' with importer (DefaultImporter)
Imported 'GUID: d104359075a97392b803d3d5aebc77f7' -> (Import Result ID: '1104453536185676bc1678445bc2e5c2') in 0.000 seconds [static dependencies only]. Details - ImportResultOutputID=8ec3343e917ef007d455acfe45d3ee72 DependenciesID=11cd1d869703a14821f66523d31d6e31 StaticDependenciesID=9506762e0ca75dd852ab6d602f96658b 
Importing 'GUID: 222fc39b0c85d800342910da2cd64781 - Path: Packages/com.unity.modules.assetbundle/package.ModuleCompilationTrigger' with importer (DefaultImporter)
Imported 'GUID: 222fc39b0c85d800342910da2cd64781' -> (Import Result ID: 'dd36a5e01c8079a36a8e076f32ac9a85') in 0.000 seconds [static dependencies only]. Details - ImportResultOutputID=a4749f3da6b6adf8eaabf6e5477b2b7c DependenciesID=e7aef5b454539e843aea21afca7a9562 StaticDependenciesID=bf0185bce9c4f64f5de1111522b962c3 
Importing 'GUID: d2ec2d1228c8e67cdd913cb5609176a2 - Path: Packages/com.unity.modules.unitywebrequest/package.ModuleCompilationTrigger' with importer (DefaultImporter)
Imported 'GUID: d2ec2d1228c8e67cdd913cb5609176a2' -> (Import Result ID: 'cbae085591e1311e0426e2d013a8e2fc') in 0.000 seconds [static dependencies only]. Details - ImportResultOutputID=37747859ed12efda2a92d3d840e79b06 DependenciesID=91663d755e88c5ca08eaa9b698d477e1 StaticDependenciesID=f00cc25d0cb3d54a323605ed0b875d57 
Importing 'GUID: e2d09a26ce46dc617b54e49a534ace20 - Path: Packages/com.unity.modules.ai/package.ModuleCompilationTrigger' with importer (DefaultImporter)
Imported 'GUID: e2d09a26ce46dc617b54e49a534ace20' -> (Import Result ID: '5eb05f86d588fcb4411bf5d4cdb8633c') in 0.000 seconds [static dependencies only]. Details - ImportResultOutputID=01c973ad27769bdd61dcc3de2d8629ac DependenciesID=adc271351f3fc2b40d78b63d80ce5298 StaticDependenciesID=928a9e6f7cd68cf5304459597cf575cb 
Importing 'GUID: 23032f4383e95e772bce465c5896d0fd - Path: Packages/com.unity.modules.terrain/package.ModuleCompilationTrigger' with importer (DefaultImporter)
Imported 'GUID: 23032f4383e95e772bce465c5896d0fd' -> (Import Result ID: '14aae7ef45df2c6f8212b61023a52b4d') in 0.000 seconds [static dependencies only]. Details - ImportResultOutputID=43caf76539e87b0b5e506fce22b32e8c DependenciesID=f8228da4343e8fb110c89248206a7802 StaticDependenciesID=76c4c61aef8242e7484164b19d474b05 
Importing 'GUID: 830a36a23cf3ab1e61fa47940a6dc35e - Path: Packages/com.unity.modules.imageconversion/package.ModuleCompilationTrigger' with importer (DefaultImporter)
Imported 'GUID: 830a36a23cf3ab1e61fa47940a6dc35e' -> (Import Result ID: 'a49f3e2b08ded35f46967b1fd01ec880') in 0.000 seconds [static dependencies only]. Details - ImportResultOutputID=1312c79305670b6aa3bce9ff3efd03b9 DependenciesID=0d87bfc0d9d3dcf3dbb4416dbe071d2e StaticDependenciesID=56f9209b404ef1062f2d5b5c6a7566ff 
Importing 'GUID: a31a332ce3485f00f7df8d987302a29c - Path: Packages/com.unity.modules.unitywebrequesttexture/package.ModuleCompilationTrigger' with importer (DefaultImporter)
Imported 'GUID: a31a332ce3485f00f7df8d987302a29c' -> (Import Result ID: 'fc94c7b147a6b5694eda1349b0d7aabd') in 0.000 seconds [static dependencies only]. Details - ImportResultOutputID=54d1731c77f760b5355a2b1bfa92527b DependenciesID=5571910980b4cae5029e5ab40e2bcd2d StaticDependenciesID=6e49c3a187320488020f3989f8d20238 
Importing 'GUID: 042dc296246916648e55a43d0eeb2036 - Path: Packages/com.unity.modules.audio/package.ModuleCompilationTrigger' with importer (DefaultImporter)
Imported 'GUID: 042dc296246916648e55a43d0eeb2036' -> (Import Result ID: 'c4a0e5bbce453acc33a8bf9c7f8fd969') in 0.000 seconds [static dependencies only]. Details - ImportResultOutputID=ab0921e937c1d9c2d7fbdebe7091d6c2 DependenciesID=2fbfc3637758b4b1afbb879176065fd9 StaticDependenciesID=efa0e9a04fa05cb3d50f46a551bc8be8 
Importing 'GUID: 14e86f88e9a8c9c448d7e7df92f2aeec - Path: Packages/com.unity.modules.physicscore2d/package.ModuleCompilationTrigger' with importer (DefaultImporter)
Imported 'GUID: 14e86f88e9a8c9c448d7e7df92f2aeec' -> (Import Result ID: '286d0aaeea317716b6b387abae91239e') in 0.000 seconds [static dependencies only]. Details - ImportResultOutputID=94d25b776bc28f679880cb17bd31ec6c DependenciesID=1e2365107784a1b2d2eb507bd4923ea0 StaticDependenciesID=488aedf750fe121a67026d15356ece4f 
Importing 'GUID: 553737203d61a8109f9544a97201e1aa - Path: Packages/com.unity.modules.unitywebrequestaudio/package.ModuleCompilationTrigger' with importer (DefaultImporter)
Imported 'GUID: 553737203d61a8109f9544a97201e1aa' -> (Import Result ID: 'e6baa8215c97ef304366679935990995') in 0.000 seconds [static dependencies only]. Details - ImportResultOutputID=ab514c5cded186b91986c4c830fcf71c DependenciesID=e12ad54e4c4bfce446617e5e5004ec3d StaticDependenciesID=c4320a1c96db5a5f3ca135be31fdc3d7 
Importing 'GUID: e5c46c19ce0ce2e0103aa6f82df1043a - Path: Packages/com.unity.modules.vehicles/package.ModuleCompilationTrigger' with importer (DefaultImporter)
Imported 'GUID: e5c46c19ce0ce2e0103aa6f82df1043a' -> (Import Result ID: '4a095abfe18c178a6f1731a0aefa07f8') in 0.000 seconds [static dependencies only]. Details - ImportResultOutputID=7ed92368dde83c4f4274e94d1167c911 DependenciesID=b498a6771ad063decc4b2d9bca33701e StaticDependenciesID=90796e33c5799e26f385c4e10590db07 
Importing 'GUID: 7610600f5c83e01041a6fe849d39279f - Path: Packages/com.unity.modules.unitywebrequestassetbundle/package.ModuleCompilationTrigger' with importer (DefaultImporter)
Imported 'GUID: 7610600f5c83e01041a6fe849d39279f' -> (Import Result ID: '2ea50db261b98f391b66c8e2e2c09118') in 0.000 seconds [static dependencies only]. Details - ImportResultOutputID=8003247251fb87c113fccdf168b06d46 DependenciesID=ac0e2bdb486634d4b85bb1a604b63dc5 StaticDependenciesID=32f59c7b9032968cc025840700eddeb8 
Importing 'GUID: e6a135e3ea9cb46795d1b0e05ac3e1e5 - Path: Packages/com.unity.modules.jsonserialize/package.ModuleCompilationTrigger' with importer (DefaultImporter)
Imported 'GUID: e6a135e3ea9cb46795d1b0e05ac3e1e5' -> (Import Result ID: '1c57b55bcd4c8c6362ce51c0ebd7a821') in 0.000 seconds [static dependencies only]. Details - ImportResultOutputID=16fe18d7d4fb3289b89d1d866fdd26db DependenciesID=252a3b2725279cfc46d526136c580f21 StaticDependenciesID=0739be11007ee94595e2bc82ea98c6c4 
Importing 'GUID: f62135e79edb837b2d2ee3c524da864c - Path: Packages/com.unity.modules.video/package.ModuleCompilationTrigger' with importer (DefaultImporter)
Imported 'GUID: f62135e79edb837b2d2ee3c524da864c' -> (Import Result ID: '1872df6bc4628bb1a9ca29144f14611e') in 0.000 seconds [static dependencies only]. Details - ImportResultOutputID=f343425462c7ecc24009b61dff957b85 DependenciesID=abff74b8822e33abc9192cbad1ed91f1 StaticDependenciesID=e582a27c3a6fe23d6752fceeabe989f3 
Importing 'GUID: 17f093324b67f5bd57e55b546736750e - Path: Packages/com.unity.modules.particlesystem/package.ModuleCompilationTrigger' with importer (DefaultImporter)
Imported 'GUID: 17f093324b67f5bd57e55b546736750e' -> (Import Result ID: '6ff179a8a8c272aadee9696a75f4aebd') in 0.000 seconds [static dependencies only]. Details - ImportResultOutputID=0355b1352b2efc29f8c3d4c7ae63c7f1 DependenciesID=b614594b4860a97264debb13b5bea861 StaticDependenciesID=06ca6bb0312a01a92b0f116ae2bb5399 
Importing 'GUID: 4745d06d5a7ca576dcf9e5e67b417652 - Path: Packages/com.unity.modules.accessibility/package.ModuleCompilationTrigger' with importer (DefaultImporter)
Imported 'GUID: 4745d06d5a7ca576dcf9e5e67b417652' -> (Import Result ID: 'ed114151f06ade2551c6ef7d7e6b24b4') in 0.000 seconds [static dependencies only]. Details - ImportResultOutputID=532470ed0227c311b25c8c9e8ba79400 DependenciesID=59b38450ae3fc42412aae87c518b138e StaticDependenciesID=ba6a0791359df9525e03c096d26794d0 
Importing 'GUID: c7a8b0317f4e68556d7509828e9e211e - Path: Packages/com.unity.modules.xr/package.ModuleCompilationTrigger' with importer (DefaultImporter)
Imported 'GUID: c7a8b0317f4e68556d7509828e9e211e' -> (Import Result ID: '18c4edf952690bd95819244c11174a4d') in 0.000 seconds [static dependencies only]. Details - ImportResultOutputID=ae1b559a8646648d57c418658f22c1c3 DependenciesID=4e3e720b9d999aafecadb0f17c83e4a6 StaticDependenciesID=d031c78d05fe025f26315ce7900c9528 
Importing 'GUID: 082fbee38a82835433261a5e9c00e267 - Path: Packages/com.unity.modules.cloth/package.ModuleCompilationTrigger' with importer (DefaultImporter)
Imported 'GUID: 082fbee38a82835433261a5e9c00e267' -> (Import Result ID: 'bf1434c66533fc5ed20a95906c66351f') in 0.000 seconds [static dependencies only]. Details - ImportResultOutputID=4484322f1fd307127a580e9b17cedb30 DependenciesID=8ccefc550c79be7e16adf9d77ba5ddac StaticDependenciesID=6d0aacacd4e61cc36d0d9a05bdb20f7a 
Importing 'GUID: c82e859b16636ddd2ca4a1f63fd34938 - Path: Packages/com.unity.modules.androidjni/package.ModuleCompilationTrigger' with importer (DefaultImporter)
Imported 'GUID: c82e859b16636ddd2ca4a1f63fd34938' -> (Import Result ID: '96146a3272911c0c26faaa2f409eda38') in 0.000 seconds [static dependencies only]. Details - ImportResultOutputID=6a7f1eafcdb81a627586a74a505019b9 DependenciesID=52a090cc866c15018523ed746bf8807c StaticDependenciesID=ed6a528eff5f65055b00bedf58455228 
Importing 'GUID: c88e90bad18cceb5d182d0c805883056 - Path: Packages/com.unity.modules.director/package.ModuleCompilationTrigger' with importer (DefaultImporter)
Imported 'GUID: c88e90bad18cceb5d182d0c805883056' -> (Import Result ID: '88b56db61470ef8e5dee2598c8965f76') in 0.000 seconds [static dependencies only]. Details - ImportResultOutputID=5d286ef98cbac13e3d0e345aac901e4f DependenciesID=9fe04e6b981ac1886c519cc8508a5f5d StaticDependenciesID=34683c221800bed4b46509fdcd989f77 
Importing 'GUID: 1af35a910338381f753e8a985eb5daab - Path: Packages/com.unity.modules.adaptiveperformance/package.ModuleCompilationTrigger' with importer (DefaultImporter)
Imported 'GUID: 1af35a910338381f753e8a985eb5daab' -> (Import Result ID: '9d77377b2ec4e5d7ef14ed96e71fd63f') in 0.000 seconds [static dependencies only]. Details - ImportResultOutputID=949634ab36822f8ff6168fc8c25e1508 DependenciesID=229478d50bbba89d789649f693e68d89 StaticDependenciesID=b397d2b2d895f0686fbfe743749e652c 
Importing 'GUID: 2adec19fac7df68adf1fd6eb83197bb1 - Path: Packages/com.unity.modules.wind/package.ModuleCompilationTrigger' with importer (DefaultImporter)
Imported 'GUID: 2adec19fac7df68adf1fd6eb83197bb1' -> (Import Result ID: 'ccb5a51e42d25834969bc58f31c78812') in 0.000 seconds [static dependencies only]. Details - ImportResultOutputID=d94addc5fcd1dcd16d8a4aeff6e7315b DependenciesID=0b0bb029c12bc475b21befd144074eaf StaticDependenciesID=23ec4a64c7d5359b2f1c01ca01b0ee26 
Importing 'GUID: 8a752aaaadd2410dd9a84e01c1bace9f - Path: Packages/com.unity.modules.uielements/package.ModuleCompilationTrigger' with importer (DefaultImporter)
Imported 'GUID: 8a752aaaadd2410dd9a84e01c1bace9f' -> (Import Result ID: '9bbe79e6be23cf294a7e85a44717cd80') in 0.000 seconds [static dependencies only]. Details - ImportResultOutputID=f40b7d6a35d44b9d0813e881de9232d1 DependenciesID=75395805abf87b79b2479c000ddf866e StaticDependenciesID=dbfa668ffe7162da8bf99b5a155dcc22 
Importing 'GUID: 1b6246f2248883964991eac9e9b4817c - Path: Packages/com.unity.modules.umbra/package.ModuleCompilationTrigger' with importer (DefaultImporter)
Imported 'GUID: 1b6246f2248883964991eac9e9b4817c' -> (Import Result ID: '1fbaaab7c048f66010e34ddc1e69da1c') in 0.000 seconds [static dependencies only]. Details - ImportResultOutputID=007489b112d859d85ac111b51d2b96fd DependenciesID=03d8b6a5c0db90643ba251d3e7cbda0c StaticDependenciesID=4e6b9455dafa283cce58ae6ee8c0336c 
Importing 'GUID: cbb1a39d56ce4d9ac1a46ac505893fa7 - Path: Packages/com.unity.modules.terrainphysics/package.ModuleCompilationTrigger' with importer (DefaultImporter)
Imported 'GUID: cbb1a39d56ce4d9ac1a46ac505893fa7' -> (Import Result ID: 'e4f8a719d295c973f444c208f033cc38') in 0.000 seconds [static dependencies only]. Details - ImportResultOutputID=62cb9b240430335886efec9a08c66b57 DependenciesID=26627dc5fd7796c54cda83e17d601b53 StaticDependenciesID=5d175a533cd45da54a77351c373ccd17 
Importing 'GUID: db8e609a39b9b231fccc54e5fa4cbd1b - Path: Packages/com.unity.modules.animation/package.ModuleCompilationTrigger' with importer (DefaultImporter)
Imported 'GUID: db8e609a39b9b231fccc54e5fa4cbd1b' -> (Import Result ID: '1f5a4eb4c1bea2765a464e96476b9256') in 0.000 seconds [static dependencies only]. Details - ImportResultOutputID=288139cac869a1d040c89eaede133db4 DependenciesID=6a55271c2f8d6d1262fc99195f90c42b StaticDependenciesID=804c219e7325b6dbb8b72b358085a67b 
Importing 'GUID: 3cc1ebf2abb7fef6871ad48f499b6e21 - Path: Packages/com.unity.modules.vectorgraphics/package.ModuleCompilationTrigger' with importer (DefaultImporter)
Imported 'GUID: 3cc1ebf2abb7fef6871ad48f499b6e21' -> (Import Result ID: 'b692cc1bf42e93a6ba38bba605214b24') in 0.000 seconds [static dependencies only]. Details - ImportResultOutputID=a4c87958b226c4f900fbf4d18311cf6f DependenciesID=289c5a2805f5f3bd17f141d224ff3676 StaticDependenciesID=bcf2ae8a18bda4671185beb022fb4c8e 
Importing 'GUID: 5c1ee4056d0ac7ad3c5a16597fcaa38a - Path: Packages/com.unity.modules.physics/package.ModuleCompilationTrigger' with importer (DefaultImporter)
Imported 'GUID: 5c1ee4056d0ac7ad3c5a16597fcaa38a' -> (Import Result ID: 'da10249b72ef1938ae2817246359febc') in 0.000 seconds [static dependencies only]. Details - ImportResultOutputID=47c1ddfb4cd3ec43bc350d5b06504d59 DependenciesID=c1fdb786cfa5b8cd2458adb570b7e483 StaticDependenciesID=def7f60ed94eb1e3bf949e7a24d98b09 
Importing 'GUID: 8d4bc6bfa28760b29f13174d6b6ea710 - Path: Packages/com.unity.modules.subsystems/package.ModuleCompilationTrigger' with importer (DefaultImporter)
Imported 'GUID: 8d4bc6bfa28760b29f13174d6b6ea710' -> (Import Result ID: '9699ec2b1869b12b46d89bf5cdd7c9c4') in 0.000 seconds [static dependencies only]. Details - ImportResultOutputID=498ca2a2c24aa041ab5e98f608209a1b DependenciesID=f6fb4a8c9451e7fc50666daaaa63fcac StaticDependenciesID=b94d73de3d2db39dc94b181f5013b60b 
Importing 'GUID: cd561f5f687aed43bf280c27a84f79e3 - Path: Packages/com.unity.modules.screencapture/package.ModuleCompilationTrigger' with importer (DefaultImporter)
Imported 'GUID: cd561f5f687aed43bf280c27a84f79e3' -> (Import Result ID: 'fe6c3609632574e772751b1a1470e3ae') in 0.000 seconds [static dependencies only]. Details - ImportResultOutputID=3eb1964e8afbff2c421e099475927610 DependenciesID=187000d91108dd5733c47a4017161fe8 StaticDependenciesID=81108190fb4b408fcb20c546a76134da 
Importing 'GUID: ae87256f29d9c8b50490f4caf75b2c41 - Path: Packages/com.unity.modules.unitywebrequestwww/package.ModuleCompilationTrigger' with importer (DefaultImporter)
Imported 'GUID: ae87256f29d9c8b50490f4caf75b2c41' -> (Import Result ID: '48deca1ca5e5806fd98cb116530c8138') in 0.000 seconds [static dependencies only]. Details - ImportResultOutputID=79dda7a6ac07c59209ba94225ee33d24 DependenciesID=79391c27a28a0c4027778dc79f8b3d56 StaticDependenciesID=7dac5f7f16a9ff2c212f9c3517f83288 
Importing 'GUID: be13c398521e3c1ad21fb9da30ab2ab6 - Path: Packages/com.unity.modules.imgui/package.ModuleCompilationTrigger' with importer (DefaultImporter)
Imported 'GUID: be13c398521e3c1ad21fb9da30ab2ab6' -> (Import Result ID: '4bfb181c21f30d7fa0736cd84007b874') in 0.000 seconds [static dependencies only]. Details - ImportResultOutputID=68bbcc9e8372c6860b60d924cb4f595c DependenciesID=4bcf2bcb999c4f466f4fa1d587744998 StaticDependenciesID=b10ae4bbcc2865380adf6542439aaca3 
Importing 'GUID: fe6a6957b37b61417b457a1e0541791d - Path: Packages/com.unity.modules.physics2d/package.ModuleCompilationTrigger' with importer (DefaultImporter)
Imported 'GUID: fe6a6957b37b61417b457a1e0541791d' -> (Import Result ID: 'a0cc2b0b2fa3e4916c65d2e9c3d41a37') in 0.000 seconds [static dependencies only]. Details - ImportResultOutputID=007ff8c01aa675f4b695ba99a36210ad DependenciesID=0b3ab5f8d1990e5a76f706e63a612bc9 StaticDependenciesID=bf5244ee0a65aa31c2655bbde014baac 
Native extension for iOS target not found
Native extension for OSXStandalone target not found
Native extension for WebGL target not found
ScheduleIndexationOnStartup MainProcess:True IndexOnStartup:True
Mono: successfully reloaded assembly
- Finished resetting the current domain, in  0.207 seconds
Domain Reload Profiling: 381ms
	BeginReloadAssembly (88ms)
		DisableScriptedObjects (11ms)
		CreateAndSetChildDomain (21ms)
	RebuildCommonClasses (5ms)
	RebuildNativeTypeToScriptingClass (9ms)
	initialDomainReloadingComplete (14ms)
	LoadAllAssembliesAndSetupDomain (58ms)
		LoadAssemblies (35ms)
		AnalyzeDomain (13ms)
			TypeCache.Refresh (8ms)
				TypeCache.ScanAssembly (5ms)
			BuildScriptInfoCaches (3ms)
	FinalizeReload (207ms)
		SetupLoadedEditorAssemblies (0ms)
			InitializePlatformSupportModulesInManaged (8ms)
			BeforeProcessingInitializeOnLoad (43ms)
			ProcessInitializeOnLoadAttributes (34ms)
			ProcessInitializeOnLoadMethodAttributes (36ms)
		AwakeInstancesAfterBackupRestoration (8ms)
Importing 'GUID: 00000000000000005000000000000000 - Path: Library/BuildPlayer.prefs' with importer (DefaultImporter)
Imported 'GUID: 00000000000000005000000000000000' -> (Import Result ID: '968deb36040bbb7258278f93cba63355') in 0.003 seconds [static dependencies only]. Details - ImportResultOutputID=1f9c19b30680da8dab47159f77a4e657 DependenciesID=08a1ec4b674aa66bb1ce753815d843ed StaticDependenciesID=d072ca1f0d6ee50a54e7e140cc588a10 
Importing 'GUID: 39538e4ae4de347ca8feaff270326fe9 - Path: Assets/Scenes/MochiMeadows.unity' with importer (DefaultImporter)
Imported 'GUID: 39538e4ae4de347ca8feaff270326fe9' -> (Import Result ID: 'c805782b546630c4fc803fdfed505708') in 0.000 seconds [static dependencies only]. Details - ImportResultOutputID=ecbc3db96c56fef4d4877918b9fcf4d8 DependenciesID=4fb8231bcf7c140878a4dc4d7b47a907 StaticDependenciesID=a608fa2551275962ceae7d9e9fcb1a59 
Importing 'GUID: bc00e25696e4132499f56528d3fed2e3 - Path: Packages/com.unity.ugui/Package Resources/TMP Examples & Extras.unitypackage' with importer (DefaultImporter)
Imported 'GUID: bc00e25696e4132499f56528d3fed2e3' -> (Import Result ID: '6dcae046f07494bee394b871e9b82801') in 0.001 seconds [static dependencies only]. Details - ImportResultOutputID=5e64def7f760c9c68f91d0f7e63b32d7 DependenciesID=db2468517968ce15edb4741f341a05dd StaticDependenciesID=35a84fe4f568275afd52f175a747f5ad 
Importing 'GUID: ce4ff17ca867d2b48b5c8a4181611901 - Path: Packages/com.unity.ugui/Package Resources/TMP Essential Resources.unitypackage' with importer (DefaultImporter)
Imported 'GUID: ce4ff17ca867d2b48b5c8a4181611901' -> (Import Result ID: 'b6d3a4f2931c3309acda9e6087cb30c0') in 0.000 seconds [static dependencies only]. Details - ImportResultOutputID=1b08adab5828572d6bd38dd46d26db87 DependenciesID=e24db9db30cece926185571a75108bad StaticDependenciesID=058d155859b9d9e003cf501d09971076 
Importing 'GUID: a659150180ae3489ba41c71780ba3779 - Path: Packages/com.unity.multiplayer.center/Editor/Questionnaire/Questionnaire.questionnaire' with importer (DefaultImporter)
Imported 'GUID: a659150180ae3489ba41c71780ba3779' -> (Import Result ID: '580a350bdb2000c81a1c66bb21ce3dca') in 0.012 seconds [static dependencies only]. Details - ImportResultOutputID=d0013f3317022cee9d3e980e4260305c DependenciesID=785b553c754ad2f94817dbb8497fd5d3 StaticDependenciesID=1519a49eb17d574aabfa41609b605604 
Importing 'GUID: b66d076cdcfe3b14388de66307a0e7ff - Path: Packages/com.unity.multiplayer.center/Editor/Recommendations/RecommendationData_6000.0.recommendations' with importer (DefaultImporter)
Imported 'GUID: b66d076cdcfe3b14388de66307a0e7ff' -> (Import Result ID: '8199a959a6f41f9e9ba098e3cdd354c0') in 0.013 seconds [static dependencies only]. Details - ImportResultOutputID=c9abb0b20a8e8219707b06aa304df842 DependenciesID=815a25337000caa425885d51a35d1336 StaticDependenciesID=50828c83603ce93f6537cc98faaa9703 
Importing 'GUID: e05ace3bd15740cda0bad60d89092a5b - Path: Packages/com.unity.ugui/Editor Resources/Textures/btn_AlignRight_Light.psd' with importer (TextureImporter)
Imported 'GUID: e05ace3bd15740cda0bad60d89092a5b' -> (Import Result ID: '1cd93998edf8f18ee4c50981911cb51b') in 0.002 seconds [static and dynamic dependencies]. Details - ImportResultOutputID=05e0d3750bc835af56d86f2a67874479 DependenciesID=08fd252c552ae5ac26fca2ed768c02fa StaticDependenciesID=6e5acb023244c00d0a9c1f490771343a 
Importing 'GUID: 318df756abab5463e9aa361360784865 - Path: Packages/com.unity.multiplayer.center/Editor/MultiplayerCenterWindow/UI/Icons/d_PackageInstalled@2x.png' with importer (TextureImporter)
Imported 'GUID: 318df756abab5463e9aa361360784865' -> (Import Result ID: 'fe545fdec80c4456daac7118ef22f5a9') in 0.001 seconds [static and dynamic dependencies]. Details - ImportResultOutputID=ba38636897a6e3072dc186eaaae1afe3 DependenciesID=125a952a0372e8a00b8ef4b3445f351e StaticDependenciesID=994ddf3ed990fa83a870b19bab9ea288 
Importing 'GUID: 41b96614b2e6494ba995ddcd252d11ae - Path: Packages/com.unity.ugui/Editor Resources/Textures/btn_AlignMiddle.psd' with importer (TextureImporter)
Imported 'GUID: 41b96614b2e6494ba995ddcd252d11ae' -> (Import Result ID: '17a6e093489f14aa81d27f7214ba2676') in 0.001 seconds [static and dynamic dependencies]. Details - ImportResultOutputID=e685d2b3587be8403f0bf7797faec68e DependenciesID=ff3ea81955fd29eb7092782f99a00cbc StaticDependenciesID=6cfa7295cafa9f5e6bf37964c7eb2037 
Importing 'GUID: 81ed8c76d2bc4a4c95d092c98af4e58f - Path: Packages/com.unity.ugui/Editor Resources/Textures/btn_AlignCenter.psd' with importer (TextureImporter)
Imported 'GUID: 81ed8c76d2bc4a4c95d092c98af4e58f' -> (Import Result ID: '40f16652afb8966431bef733abc4481c') in 0.000 seconds [static and dynamic dependencies]. Details - ImportResultOutputID=54d393ce932cd94d4267c0456e75b057 DependenciesID=aa3145ed9ad916f691d8cbb33a2b100b StaticDependenciesID=606ef26b438ebb21d41c14a922153ee8 
Importing 'GUID: 12736c98af174f91827a26b66d2b01b9 - Path: Packages/com.unity.ugui/Editor Resources/Textures/btn_AlignLeft_Light.psd' with importer (TextureImporter)
Imported 'GUID: 12736c98af174f91827a26b66d2b01b9' -> (Import Result ID: '21014d9342266be4d93ab475fe95202d') in 0.000 seconds [static and dynamic dependencies]. Details - ImportResultOutputID=ce008e1872d5c32fe0fb780c011ed138 DependenciesID=3ee024de182ec5fb35039d0a74a3892f StaticDependenciesID=f1b3dea8c7fd308a24861c078b2523f7 
Importing 'GUID: 424a8de5def3b46dcb08edd00ad1c7bd - Path: Packages/com.unity.multiplayer.center/Editor/MultiplayerCenterWindow/UI/Icons/Loading.png' with importer (TextureImporter)
Imported 'GUID: 424a8de5def3b46dcb08edd00ad1c7bd' -> (Import Result ID: '38cf4623b7302248a6f9d1c3a802cd43') in 0.001 seconds [static and dynamic dependencies]. Details - ImportResultOutputID=275adfbb55090ae57cdb754c07b1edc1 DependenciesID=da18b5302e35ce8002c5bfa5ba5fef3d StaticDependenciesID=e7f8e6e0ca85f50a38335e04082f640c 
Importing 'GUID: 525a6cca8dd9a4d28875a8fe824710d9 - Path: Packages/com.unity.multiplayer.center/Editor/MultiplayerCenterWindow/UI/Icons/d_Package.png' with importer (TextureImporter)
Imported 'GUID: 525a6cca8dd9a4d28875a8fe824710d9' -> (Import Result ID: 'f4dcc428e33c4a1a36f085981aa31798') in 0.000 seconds [static and dynamic dependencies]. Details - ImportResultOutputID=19a8a4b7c70ce57de93d4b00deb23a03 DependenciesID=34a923043c605a83d375f86f5e2b7424 StaticDependenciesID=553cc11af2f1ff7b408e25c0bb279e58 
Importing 'GUID: 92027f7f8cfc4feaa477da0dc38d3d46 - Path: Packages/com.unity.ugui/Editor Resources/Textures/btn_AlignJustified.psd' with importer (TextureImporter)
Imported 'GUID: 92027f7f8cfc4feaa477da0dc38d3d46' -> (Import Result ID: '6cfb8db1e45c159ac938efcbe8c247c3') in 0.000 seconds [static and dynamic dependencies]. Details - ImportResultOutputID=a3c3b587311227b55445919fcf8c60c6 DependenciesID=6ce030255c1d0f9e622003a32c6c71c2 StaticDependenciesID=cafcef34478d9bfd767a55d24eed979c 
Importing 'GUID: 9288066c33474b94b6ee5465f4df1cc0 - Path: Packages/com.unity.ugui/Editor Resources/Textures/btn_AlignLeft.psd' with importer (TextureImporter)
Imported 'GUID: 9288066c33474b94b6ee5465f4df1cc0' -> (Import Result ID: '83f677c11e1ad71501a36e9e98e0ee98') in 0.000 seconds [static and dynamic dependencies]. Details - ImportResultOutputID=ed393ed30d5fb3cb278dde57dfc4158c DependenciesID=f5ce3c78760260a2bdc4861453e3686d StaticDependenciesID=8c4a4b2d86fc9cde6b38598cd04153b0 
Importing 'GUID: a23c0dd570fd44b57a03a8880002fcca - Path: Packages/com.unity.multiplayer.center/Editor/MultiplayerCenterWindow/UI/Icons/CloudCode@2x.png' with importer (TextureImporter)
Imported 'GUID: a23c0dd570fd44b57a03a8880002fcca' -> (Import Result ID: '005dd410c27d97157cf30832bcea30ac') in 0.001 seconds [static and dynamic dependencies]. Details - ImportResultOutputID=2b551c3a22e2a939792861a7532194a6 DependenciesID=9458037a08d939bf1612210556f80321 StaticDependenciesID=cd2c565f0bddc8807d22f0d55ee071b9 
Importing 'GUID: b2ce704e56cc84fb3b347499263c6244 - Path: Packages/com.unity.multiplayer.center/Editor/MultiplayerCenterWindow/UI/Icons/ClientHosted.png' with importer (TextureImporter)
Imported 'GUID: b2ce704e56cc84fb3b347499263c6244' -> (Import Result ID: 'd58810d7ec34a9b94ac3995f8a305933') in 0.001 seconds [static and dynamic dependencies]. Details - ImportResultOutputID=b0b5730e11f2d9c72edb83c0dd3560a5 DependenciesID=1f5d265af9127a576d62689dcbe972a2 StaticDependenciesID=a5c982f0566f7588ed06ff82e20583d9 
Importing 'GUID: c2f7f6a88b4c4f20a53deb72f3d9144c - Path: Packages/com.unity.ugui/Editor Resources/Textures/btn_AlignMidLine.psd' with importer (TextureImporter)
Imported 'GUID: c2f7f6a88b4c4f20a53deb72f3d9144c' -> (Import Result ID: '0389d5fdc5517ade4f8918c425825aa5') in 0.000 seconds [static and dynamic dependencies]. Details - ImportResultOutputID=80f530c4945351d03abdea71a50b9cea DependenciesID=155e300fa41234f08f741e60cfdac680 StaticDependenciesID=65014ad5ea680191bd0a8a454543f409 
Importing 'GUID: 0354877031b64465ea7e5cafea1a2653 - Path: Packages/com.unity.multiplayer.center/Editor/MultiplayerCenterWindow/UI/Icons/DistributedAuthority@2x.png' with importer (TextureImporter)
Imported 'GUID: 0354877031b64465ea7e5cafea1a2653' -> (Import Result ID: '33be0a0293365a9917a9e019e537d16d') in 0.001 seconds [static and dynamic dependencies]. Details - ImportResultOutputID=fd9a8d32b2363b04f0aed9906d0645ac DependenciesID=35edc040d03950bef72b114a7c21931d StaticDependenciesID=7a26d18c570496633d8416de9c0690d0 
Importing 'GUID: 83b28bcaaf34b4fd580114fb05d9f160 - Path: Packages/com.unity.multiplayer.center/Editor/MultiplayerCenterWindow/UI/Icons/NGO@2x.png' with importer (TextureImporter)
Imported 'GUID: 83b28bcaaf34b4fd580114fb05d9f160' -> (Import Result ID: 'edaf7147fca9a9ce9f0281ecd91e7776') in 0.001 seconds [static and dynamic dependencies]. Details - ImportResultOutputID=26d9fb61c80b89cd6968111efe85e8da DependenciesID=0605ea7032d06dd33d276214c6aff1d4 StaticDependenciesID=0c80a11316f1711d1708e29f31f0eb0d 
Importing 'GUID: e3b0f810fdea84e40ab4ba20f256f7e8 - Path: Packages/com.unity.ugui/Editor Resources/Textures/SectionHeader_Light.psd' with importer (TextureImporter)
Imported 'GUID: e3b0f810fdea84e40ab4ba20f256f7e8' -> (Import Result ID: '5ea96e1307634ea77164d9762f77aac8') in 0.000 seconds [static and dynamic dependencies]. Details - ImportResultOutputID=371339320d863fd9887ff79150ff24cd DependenciesID=95fb3403b42d59444ab22b85a319c4fd StaticDependenciesID=48bfd572d0fc30409086be0ca0ffe6d4 
Importing 'GUID: 0423146d9f51c4563a0f2a8200b6cd38 - Path: Packages/com.unity.multiplayer.center/Editor/MultiplayerCenterWindow/UI/Icons/PackageInstalled@2x.png' with importer (TextureImporter)
Imported 'GUID: 0423146d9f51c4563a0f2a8200b6cd38' -> (Import Result ID: '238c642da8792452aac38deb1f0e3df0') in 0.000 seconds [static and dynamic dependencies]. Details - ImportResultOutputID=f15ca54cbc208d132b229619d9587a4e DependenciesID=39e523f0401ecf71f82225e8fb9f369c StaticDependenciesID=0e797135db43cb7741aa130f58e2ca62 
Importing 'GUID: 342a0f8aca7f4f0691338912faec0494 - Path: Packages/com.unity.ugui/Editor Resources/Textures/btn_AlignRight.psd' with importer (TextureImporter)
Imported 'GUID: 342a0f8aca7f4f0691338912faec0494' -> (Import Result ID: 'b1582b2a2b73a1d4ebe9dc867ffef007') in 0.000 seconds [static and dynamic dependencies]. Details - ImportResultOutputID=aeba0fa95ca96c41028b1ef725b15b5e DependenciesID=4e094920d698e3176dada1306d6b7bfa StaticDependenciesID=56842705d1b7bfefc759cafff41e63fb 
Importing 'GUID: 64b9fad609434c489c32b1cdf2004a1c - Path: Packages/com.unity.ugui/Editor Resources/Textures/btn_AlignFlush_Light.psd' with importer (TextureImporter)
Imported 'GUID: 64b9fad609434c489c32b1cdf2004a1c' -> (Import Result ID: '385a8473d8db4f09e20b1870611275b0') in 0.000 seconds [static and dynamic dependencies]. Details - ImportResultOutputID=6f9bd8f18ba6d84311c61d43d4d97d02 DependenciesID=6a30d2a765c0ca46f75d297ceabed36f StaticDependenciesID=873f1977b22588c07245e470e6f251d5 
Importing 'GUID: 741761e72e6f24446bd8ba03ea3d0261 - Path: Packages/com.unity.multiplayer.center/Editor/MultiplayerCenterWindow/UI/Icons/d_Questionnaire.png' with importer (TextureImporter)
Imported 'GUID: 741761e72e6f24446bd8ba03ea3d0261' -> (Import Result ID: '547b18bd59fc21166194e9e1803a8e14') in 0.000 seconds [static and dynamic dependencies]. Details - ImportResultOutputID=af4b26ff4f287d5d9d0fb8949e789cce DependenciesID=867c5924523e156d8de695f084bd5a34 StaticDependenciesID=91f00ec7e32ded106f570485156ea0ea 
Importing 'GUID: 84e4bbd00035e4671bf14e0380a89001 - Path: Packages/com.unity.multiplayer.center/Editor/MultiplayerCenterWindow/UI/Icons/EmptyViewIcon.png' with importer (TextureImporter)
Imported 'GUID: 84e4bbd00035e4671bf14e0380a89001' -> (Import Result ID: '3d59c6224843f65d8f63525267f9ad5f') in 0.002 seconds [static and dynamic dependencies]. Details - ImportResultOutputID=3dc59b81e12322a27325ad92a42fef2d DependenciesID=c768a4b3dda513351a1b755cd094ddaf StaticDependenciesID=4e8b2bc13a3f2af4e692da90342930d6 
Importing 'GUID: 9431e8221045c4af189b2fa7174b9e9f - Path: Packages/com.unity.multiplayer.center/Editor/MultiplayerCenterWindow/UI/Icons/PackageManager@2x.png' with importer (TextureImporter)
Imported 'GUID: 9431e8221045c4af189b2fa7174b9e9f' -> (Import Result ID: '1188b438eac9a9850c68ccf2658c1e93') in 0.000 seconds [static and dynamic dependencies]. Details - ImportResultOutputID=3acaa6a77b3db0489222e43b9a06e598 DependenciesID=43435af6ed5c53ca9061fc6e739330c1 StaticDependenciesID=6aa2e2ba0d15d3a8665f77e7892bb597 
Importing 'GUID: 35ff0937876540d3bd4b6a941df62a92 - Path: Packages/com.unity.ugui/Editor Resources/Textures/btn_AlignCenterGeo_Light.psd' with importer (TextureImporter)
Imported 'GUID: 35ff0937876540d3bd4b6a941df62a92' -> (Import Result ID: '2baa1c37c9ab526abe318b9b8a971f79') in 0.000 seconds [static and dynamic dependencies]. Details - ImportResultOutputID=9108beb14644544e174c0ab441437275 DependenciesID=ac0ddb21a270badbf634aa99b1a22347 StaticDependenciesID=13c11de4347dbaa16668fc2813f85a60 
Importing 'GUID: b58a826ca804e4c67bab4283ad5a6102 - Path: Packages/com.unity.multiplayer.center/Editor/MultiplayerCenterWindow/UI/Icons/NoNetcode@2x.png' with importer (TextureImporter)
Imported 'GUID: b58a826ca804e4c67bab4283ad5a6102' -> (Import Result ID: 'f37dd68dff26303560befd9bf80028ee') in 0.001 seconds [static and dynamic dependencies]. Details - ImportResultOutputID=9459d7d80817f3ec9f7fbf66f2610eb3 DependenciesID=d4cc31c8c928d8ce9f6c8eb9bf79879c StaticDependenciesID=273d7b9c984888e87075ae09e06d38d0 
Importing 'GUID: 066619c9c9c84f89acb1b48c11a7efe2 - Path: Packages/com.unity.ugui/Editor Resources/Textures/btn_AlignMiddle_Light.psd' with importer (TextureImporter)
Imported 'GUID: 066619c9c9c84f89acb1b48c11a7efe2' -> (Import Result ID: '38c7adfbb33ce6aee72690413a3255e6') in 0.000 seconds [static and dynamic dependencies]. Details - ImportResultOutputID=f548a3ff5628bea7cb4690a8f3c959ec DependenciesID=dd9858673cffdc5d8639327862cb5e4b StaticDependenciesID=4bdad9f5071ddadc60126fb2c9858329 
Importing 'GUID: 4616b2fa4acd1429e931835b80966c2a - Path: Packages/com.unity.multiplayer.center/Editor/MultiplayerCenterWindow/UI/Icons/PackageInstalled.png' with importer (TextureImporter)
Imported 'GUID: 4616b2fa4acd1429e931835b80966c2a' -> (Import Result ID: 'ac3fd394395f48d8baa4136b7c69c2a4') in 0.000 seconds [static and dynamic dependencies]. Details - ImportResultOutputID=2cf427f66b271f203796b1685f11076a DependenciesID=f4f942bb1b3e33ea772b0e0bd86fd5dd StaticDependenciesID=bfcafe4a94b544a99142edc22ba0680a 
Importing 'GUID: a6fd0c627f5aa48fa81512221e70a11e - Path: Packages/com.unity.multiplayer.center/Editor/MultiplayerCenterWindow/UI/Icons/d_PackageManager@2x.png' with importer (TextureImporter)
Imported 'GUID: a6fd0c627f5aa48fa81512221e70a11e' -> (Import Result ID: '25cd9f1077e11442760894ff159d3e4b') in 0.000 seconds [static and dynamic dependencies]. Details - ImportResultOutputID=cbb15ab3fdff985ace1166728c563331 DependenciesID=4b71e4020f61c3e7f912996eaa3b71d9 StaticDependenciesID=49339ea4a8bc73fc38f8ff06cc204955 
Importing 'GUID: d63245ece6d8f476c8c7ca24da9937f6 - Path: Packages/com.unity.multiplayer.center/Editor/MultiplayerCenterWindow/UI/Icons/DistributedAuthority.png' with importer (TextureImporter)
Imported 'GUID: d63245ece6d8f476c8c7ca24da9937f6' -> (Import Result ID: '5d3ca23c5878400bbe6ebed6c4c563c3') in 0.000 seconds [static and dynamic dependencies]. Details - ImportResultOutputID=9c5ada154fa884db5190314d99ac9a58 DependenciesID=5ad4b387eaceeee5150d2b19b5693dcf StaticDependenciesID=815615f291ff0b00403c71876b8ae652 
Importing 'GUID: 679f9999c6f8f497e806a2d5d0511879 - Path: Packages/com.unity.multiplayer.center/Editor/MultiplayerCenterWindow/UI/Icons/PackageManager.png' with importer (TextureImporter)
Imported 'GUID: 679f9999c6f8f497e806a2d5d0511879' -> (Import Result ID: 'fd5d1a45102ab96359185845681dc9d0') in 0.000 seconds [static and dynamic dependencies]. Details - ImportResultOutputID=3538c4eba1050d1e55fdaee2c100d7cb DependenciesID=ad98944288b204be5fdd2e257d7a4322 StaticDependenciesID=caf791b4607267b5433f22958260ac87 
Importing 'GUID: 77be953cf28de42a4ad8532539fef3f5 - Path: Packages/com.unity.multiplayer.center/Editor/MultiplayerCenterWindow/UI/Icons/d_PackageInstalled.png' with importer (TextureImporter)
Imported 'GUID: 77be953cf28de42a4ad8532539fef3f5' -> (Import Result ID: 'ca37c4517b017b5b20841678125180fa') in 0.000 seconds [static and dynamic dependencies]. Details - ImportResultOutputID=c65a52918eff5fdf7bfb9897b6398854 DependenciesID=85226254770af10a85ef8513109c2ab1 StaticDependenciesID=a815c8f2fff6bd5194d23babb28ed5f2 
Importing 'GUID: a7ec9e7ad8b847b7ae4510af83c5d868 - Path: Packages/com.unity.ugui/Editor Resources/Gizmos/TMP - Dropdown Icon.psd' with importer (TextureImporter)
Imported 'GUID: a7ec9e7ad8b847b7ae4510af83c5d868' -> (Import Result ID: 'bac9f0d5c5aac10899c031820753bdb5') in 0.001 seconds [static and dynamic dependencies]. Details - ImportResultOutputID=c2213d370bd4d602ca4fcec2465bafb1 DependenciesID=90af502d3d1507c71d19dd0653591ca7 StaticDependenciesID=8d13e25eced332281b89ef86fdddb88d 
Importing 'GUID: c7a38e6eccbfc49778cb8b77f594a971 - Path: Packages/com.unity.multiplayer.center/Editor/MultiplayerCenterWindow/UI/Icons/ClientHosted@2x.png' with importer (TextureImporter)
Imported 'GUID: c7a38e6eccbfc49778cb8b77f594a971' -> (Import Result ID: 'fc30ba0b1abf32bf5eb4674e4fbf5101') in 0.001 seconds [static and dynamic dependencies]. Details - ImportResultOutputID=ea6bcc0bfbb3065b9e236b6b6848fbd6 DependenciesID=b579315fbaf3d8616211c10f6844b7d0 StaticDependenciesID=77ae9301e2b46afa82103623aef31584 
Importing 'GUID: c76700ea0062413d9f69409b4e9e151b - Path: Packages/com.unity.ugui/Editor Resources/Textures/btn_AlignCenterGeo.psd' with importer (TextureImporter)
Imported 'GUID: c76700ea0062413d9f69409b4e9e151b' -> (Import Result ID: '2c3a29f137d05c5753f3585c14b89a4e') in 0.000 seconds [static and dynamic dependencies]. Details - ImportResultOutputID=26ad09466d30fd322dac0f0dd07877ee DependenciesID=eb5b010c9e3847d2b751b4e1f169225b StaticDependenciesID=8da660e34ca33c147ccf1fcc2ea5749c 
Importing 'GUID: d7711b0cc806d430b8a95f1e33ec3649 - Path: Packages/com.unity.multiplayer.center/Editor/MultiplayerCenterWindow/UI/Icons/CustomNetcode@2x.png' with importer (TextureImporter)
Imported 'GUID: d7711b0cc806d430b8a95f1e33ec3649' -> (Import Result ID: 'ff0fb2c0a5e085aa000b78172097f671') in 0.001 seconds [static and dynamic dependencies]. Details - ImportResultOutputID=92fa89cd783418227542057266dbe7a8 DependenciesID=46621485d967c8dbe7da470d9e74a66d StaticDependenciesID=34d9c1eacf7b77cee76b5fef21167021 
Importing 'GUID: 18775b51e3bd42299fd30bd036ea982f - Path: Packages/com.unity.ugui/Editor Resources/Textures/btn_AlignBaseLine_Light.psd' with importer (TextureImporter)
Imported 'GUID: 18775b51e3bd42299fd30bd036ea982f' -> (Import Result ID: '4cbbfdf443941beb30bc3992e8258e27') in 0.000 seconds [static and dynamic dependencies]. Details - ImportResultOutputID=9287a9ebb501586857f1352ba0aaf0ad DependenciesID=8e9b2bdace2d3ed209d41be344b60ec8 StaticDependenciesID=5f7059750c1c8d9726a36c644757883b 
Importing 'GUID: 38b78df4a34c94fa6a52c90239606ff1 - Path: Packages/com.unity.multiplayer.center/Editor/MultiplayerCenterWindow/UI/Icons/DedicatedServer@2x.png' with importer (TextureImporter)
Imported 'GUID: 38b78df4a34c94fa6a52c90239606ff1' -> (Import Result ID: '8c7025152cf5f2cc1c3fa92da1a37715') in 0.001 seconds [static and dynamic dependencies]. Details - ImportResultOutputID=25e1c451c6259397dc35aef6353fc001 DependenciesID=ec62e1da67c52fde8aace6af0d64d3dd StaticDependenciesID=0fad185af667295a6eb3243f28752866 
Importing 'GUID: 48d034c499ee4697af9dd6e327110249 - Path: Packages/com.unity.ugui/Editor Resources/Textures/btn_AlignTop.psd' with importer (TextureImporter)
Imported 'GUID: 48d034c499ee4697af9dd6e327110249' -> (Import Result ID: '6649258bc73c5aa3166d2f121ad87c6a') in 0.000 seconds [static and dynamic dependencies]. Details - ImportResultOutputID=bc0cc3244b17ec7c8d959455d93de8db DependenciesID=f400c8122a758392a87222a4b16652e9 StaticDependenciesID=0160dfa8864f597edcc5d7a25ba5fb91 
Importing 'GUID: 585b70cb75dd43efbfead809c30a1731 - Path: Packages/com.unity.ugui/Editor Resources/Textures/btn_AlignBottom_Light.psd' with importer (TextureImporter)
Imported 'GUID: 585b70cb75dd43efbfead809c30a1731' -> (Import Result ID: '3f568c287f0731b26d8efd4c75506e78') in 0.000 seconds [static and dynamic dependencies]. Details - ImportResultOutputID=6770bc655737c5fae878ada2c0def4cf DependenciesID=e9bcc1c636edd07d5ba0b855be29a726 StaticDependenciesID=6225329215a4aac3c3cda3aef4e7cf49 
Importing 'GUID: 29395f0639574c1fbc8b729aa257fb84 - Path: Packages/com.unity.multiplayer.center/Editor/MultiplayerCenterWindow/UI/Icons/d_Check.png' with importer (TextureImporter)
Imported 'GUID: 29395f0639574c1fbc8b729aa257fb84' -> (Import Result ID: 'd9e199ec17f09ef68ae99949cb406ec6') in 0.000 seconds [static and dynamic dependencies]. Details - ImportResultOutputID=13443f05a6a08581e57a63103cae0915 DependenciesID=ee6df801eb1986011d3f22d813f98d40 StaticDependenciesID=ce90a6ad74d5bed6f73d3374231bf8a2 
Importing 'GUID: 49679f302ac6408697f6b9314a38985c - Path: Packages/com.unity.ugui/Editor Resources/Textures/btn_AlignCapLine_Light.psd' with importer (TextureImporter)
Imported 'GUID: 49679f302ac6408697f6b9314a38985c' -> (Import Result ID: 'afe891fa27f90003d201cd8984f6e9cd') in 0.000 seconds [static and dynamic dependencies]. Details - ImportResultOutputID=20bbf93c05ecb9723981b9b34444f09a DependenciesID=6f9d2308a61c35fa18c17153c48e9434 StaticDependenciesID=caefcec09aea723108da504b7e8f7279 
Importing 'GUID: 691475c57a824010be0c6f474caeb7e1 - Path: Packages/com.unity.ugui/Editor Resources/Textures/btn_AlignFlush.psd' with importer (TextureImporter)
Imported 'GUID: 691475c57a824010be0c6f474caeb7e1' -> (Import Result ID: '481bfea6faaf76ce00a568d6b3f87127') in 0.000 seconds [static and dynamic dependencies]. Details - ImportResultOutputID=fe0a128a7828eea7f466dbcb5a2dcc48 DependenciesID=bffcbaa8620440130b8b415c5a54e8df StaticDependenciesID=4765bfa9481017c7d1fa0b6a0fbdd59d 
Importing 'GUID: 99da7b3894f364efdb5fa1443952a55d - Path: Packages/com.unity.multiplayer.center/Editor/MultiplayerCenterWindow/UI/Icons/NGO.png' with importer (TextureImporter)
Imported 'GUID: 99da7b3894f364efdb5fa1443952a55d' -> (Import Result ID: 'c1586d93d2c3cf75cba91c63836ca0d4') in 0.000 seconds [static and dynamic dependencies]. Details - ImportResultOutputID=7a2107de353b9dcb331e552ccdffac4a DependenciesID=02442dbd30398216798ec5e3c881d9f3 StaticDependenciesID=92cbf805677a77cdade82ca0dfa3cb1f 
Importing 'GUID: e9669051ff70449b5923861e0e0b8838 - Path: Packages/com.unity.multiplayer.center/Editor/MultiplayerCenterWindow/UI/Icons/N4E.png' with importer (TextureImporter)
Imported 'GUID: e9669051ff70449b5923861e0e0b8838' -> (Import Result ID: '7eff67ba7aa7fed2bbcec46f04fc2d4f') in 0.000 seconds [static and dynamic dependencies]. Details - ImportResultOutputID=a158a9f4a1911ba03c5d7b1b61647b23 DependenciesID=e2d4a5f2e71faf052ddacbb4e8f13819 StaticDependenciesID=c473902f3982c1a06ce62f5ebff7e4f8 
Importing 'GUID: 2adffcc506285402aa795dee6f3166d0 - Path: Packages/com.unity.multiplayer.center/Editor/MultiplayerCenterWindow/UI/Icons/EmptyViewIcon@2x.png' with importer (TextureImporter)
Imported 'GUID: 2adffcc506285402aa795dee6f3166d0' -> (Import Result ID: 'baebe959f1be7ab0c12f2399f3a58b4e') in 0.006 seconds [static and dynamic dependencies]. Details - ImportResultOutputID=3e59adf0f9b3238ea84e0f699f8bf8cb DependenciesID=15d9a23ad06db854a624437289cf85f2 StaticDependenciesID=d8f103445c7dc230a2092bce488edea6 
Importing 'GUID: 6ace62d30f494c948b71d5594afce11d - Path: Packages/com.unity.ugui/Editor Resources/Textures/btn_AlignCenter_Light.psd' with importer (TextureImporter)
Imported 'GUID: 6ace62d30f494c948b71d5594afce11d' -> (Import Result ID: '5046dc308c43b1746bef198a33086c81') in 0.001 seconds [static and dynamic dependencies]. Details - ImportResultOutputID=839caa7c5f0f8ac9e84fff1d11126ab4 DependenciesID=c349d7c5b01034bf15453127db377f06 StaticDependenciesID=068ccfc6fab2af60d535632b923e407f 
Importing 'GUID: ca51b19024094d1b87f3e07edb0a75fb - Path: Packages/com.unity.ugui/Editor Resources/Textures/btn_AlignBottom.psd' with importer (TextureImporter)
Imported 'GUID: ca51b19024094d1b87f3e07edb0a75fb' -> (Import Result ID: '4e4113f9267333676abc14e62240724f') in 0.000 seconds [static and dynamic dependencies]. Details - ImportResultOutputID=ee28c896e97aa9a503a6e79718fd5fe9 DependenciesID=59d9642e522a3ebb9037233335a88d00 StaticDependenciesID=8e274978f3fec035dab9e98243169499 
Importing 'GUID: dab91f148d99946e7b3c3a87ecf4b973 - Path: Packages/com.unity.multiplayer.center/Editor/MultiplayerCenterWindow/UI/Icons/d_Loading.png' with importer (TextureImporter)
Imported 'GUID: dab91f148d99946e7b3c3a87ecf4b973' -> (Import Result ID: '9de30e26eb249201bf6cf8f145784b37') in 0.001 seconds [static and dynamic dependencies]. Details - ImportResultOutputID=2177254ea5a177626e7e63ed46909ff4 DependenciesID=cda9e9f46c2bbdf891d1abe5b1cd7c60 StaticDependenciesID=520fb3e82196ddecf22e55fa21d4b86d 
Importing 'GUID: fa6bd40a216346b783a4cce741d277a5 - Path: Packages/com.unity.ugui/Editor Resources/Textures/btn_AlignJustified_Light.psd' with importer (TextureImporter)
Imported 'GUID: fa6bd40a216346b783a4cce741d277a5' -> (Import Result ID: '164c7562d918fb3ca004b04e82437631') in 0.000 seconds [static and dynamic dependencies]. Details - ImportResultOutputID=4b6dd4f978aae00f5f66dd56b281cf6a DependenciesID=32cb076982141ddff498c1ce4bb00e77 StaticDependenciesID=9620f8a1b9a63fd80993828e7d337524 
Importing 'GUID: 1b4c88814ec6241eb8e327515399c006 - Path: Packages/com.unity.multiplayer.center/Editor/MultiplayerCenterWindow/UI/Icons/d_PackageManager.png' with importer (TextureImporter)
Imported 'GUID: 1b4c88814ec6241eb8e327515399c006' -> (Import Result ID: 'a2ba1a2d694f0b69b17176b2cad4bdbd') in 0.000 seconds [static and dynamic dependencies]. Details - ImportResultOutputID=691b7dd2a6675a14b263dd9d04418abd DependenciesID=a69168564f0fdd41ba5f700966d6d107 StaticDependenciesID=4f60d1c4f55ea3a6cfed568ed09477f3 
Importing 'GUID: 8bc445bb79654bf496c92d0407840a92 - Path: Packages/com.unity.ugui/Editor Resources/Textures/btn_AlignBaseLine.psd' with importer (TextureImporter)
Imported 'GUID: 8bc445bb79654bf496c92d0407840a92' -> (Import Result ID: 'cb27a114b4a9192486c5cc6df99c2249') in 0.000 seconds [static and dynamic dependencies]. Details - ImportResultOutputID=3ece629dbd401969c69d2964eade6ed9 DependenciesID=8ef46f5042c63de0a736b2709b94f616 StaticDependenciesID=18408eb548eb816ff70d53988db21494 
Importing 'GUID: bb42b2d967d6427983c901a4ffc8ecd9 - Path: Packages/com.unity.ugui/Editor Resources/Textures/btn_AlignMidline_Light.psd' with importer (TextureImporter)
Imported 'GUID: bb42b2d967d6427983c901a4ffc8ecd9' -> (Import Result ID: 'd2862b95dfa661ea5124fbee8b6c93c0') in 0.000 seconds [static and dynamic dependencies]. Details - ImportResultOutputID=1f0a2ad3d19d95bdc9c699ed01bd4bb0 DependenciesID=60cbf71066eec6adadeab055934a20b8 StaticDependenciesID=922185cb8dc159b6f094400508167933 
Importing 'GUID: fb5730e24283d0c489e5c7d0bee023d9 - Path: Packages/com.unity.ugui/Editor Resources/Textures/SectionHeader_Dark.psd' with importer (TextureImporter)
Imported 'GUID: fb5730e24283d0c489e5c7d0bee023d9' -> (Import Result ID: '8ecfe6e48433ac792fdf8ffa4127038f') in 0.000 seconds [static and dynamic dependencies]. Details - ImportResultOutputID=7d09bd0b8c23c43bec6c3b84280a78a3 DependenciesID=648fb1148c00919553ffce1b4acba7a7 StaticDependenciesID=6e17f87e3aae37eb1a7df222edf1e03f 
Importing 'GUID: 2cb589d4e01184d928bb698f06e77561 - Path: Packages/com.unity.multiplayer.center/Editor/MultiplayerCenterWindow/UI/Icons/N4E@2x.png' with importer (TextureImporter)
Imported 'GUID: 2cb589d4e01184d928bb698f06e77561' -> (Import Result ID: '1d5eee3461874296e966c472eba0ac94') in 0.001 seconds [static and dynamic dependencies]. Details - ImportResultOutputID=ebeaeeea2886f309d00d7243ef001548 DependenciesID=f6c2d4733ee633fddad4fa5bd9bdb9a9 StaticDependenciesID=f53ac5e8c6b4f1dd0d428b13bbc133ed 
Importing 'GUID: dce12af736e0a4a1ba35d6424f897dc9 - Path: Packages/com.unity.multiplayer.center/Editor/MultiplayerCenterWindow/UI/Icons/CustomNetcode.png' with importer (TextureImporter)
Imported 'GUID: dce12af736e0a4a1ba35d6424f897dc9' -> (Import Result ID: 'ff94c72b65876faef4d9610dacc7c5fc') in 0.000 seconds [static and dynamic dependencies]. Details - ImportResultOutputID=0875b9abafcef76b3e9435b071e2ce75 DependenciesID=694ad79738c9221bf6bf26147f14ed59 StaticDependenciesID=3647fe4017c65339e0b0ee19983506fc 
Importing 'GUID: ec7c645d93308c04d8840982af12101e - Path: Packages/com.unity.ugui/Editor Resources/Gizmos/TMP - Sprite Asset Icon.psd' with importer (TextureImporter)
Imported 'GUID: ec7c645d93308c04d8840982af12101e' -> (Import Result ID: '4de1f0c789ecbd25d6bcf5a8ef3a5054') in 0.001 seconds [static and dynamic dependencies]. Details - ImportResultOutputID=179de9ea48fc68dfc1b6ca89c1772d12 DependenciesID=16d1bd16b4cc4519e684ea3b9376ef28 StaticDependenciesID=71d77da5a7d0a0008380afaf33528e00 
Importing 'GUID: 0d9a36012a224080966c7b55896aa0f9 - Path: Packages/com.unity.ugui/Editor Resources/Textures/btn_AlignCapLine.psd' with importer (TextureImporter)
Imported 'GUID: 0d9a36012a224080966c7b55896aa0f9' -> (Import Result ID: 'c259c9fd65ffe95747c896fe87edb006') in 0.000 seconds [static and dynamic dependencies]. Details - ImportResultOutputID=f3aa905a8f1b6633048250bcf5b87359 DependenciesID=04b6eecc2d0f28e9d815811234a03d18 StaticDependenciesID=3abbc4605984f119e5f0325e5585800e 
Importing 'GUID: 1daed49eec0f94f7ebb36dfef6159884 - Path: Packages/com.unity.multiplayer.center/Editor/MultiplayerCenterWindow/UI/Icons/NoNetcode.png' with importer (TextureImporter)
Imported 'GUID: 1daed49eec0f94f7ebb36dfef6159884' -> (Import Result ID: '42b72034978077f753e063c8e5bfc6d3') in 0.000 seconds [static and dynamic dependencies]. Details - ImportResultOutputID=f35f5f87eeeaca1e054a7c1ee4075849 DependenciesID=965425864eecd37f6347b89b64d71cbb StaticDependenciesID=c9d73e6b474f3ff2aab808248eb875d3 
Importing 'GUID: 9d9689eab72c8480c90679f4dcf18820 - Path: Packages/com.unity.multiplayer.center/Editor/MultiplayerCenterWindow/UI/Icons/Package.png' with importer (TextureImporter)
Imported 'GUID: 9d9689eab72c8480c90679f4dcf18820' -> (Import Result ID: '83f9b06a17670a4b0d03aa51dc6f1a59') in 0.000 seconds [static and dynamic dependencies]. Details - ImportResultOutputID=39bdd851935f168e22228f3944754936 DependenciesID=3d110a6b32f0e065b56aba8395b0a688 StaticDependenciesID=6caa35a683e4857b11830a851884eb2f 
Importing 'GUID: ad1d29f4654194951a3c8bf507914d05 - Path: Packages/com.unity.multiplayer.center/Editor/MultiplayerCenterWindow/UI/Icons/CloudCode.png' with importer (TextureImporter)
Imported 'GUID: ad1d29f4654194951a3c8bf507914d05' -> (Import Result ID: 'd2dff720b67a706d415a6b25c76192e0') in 0.001 seconds [static and dynamic dependencies]. Details - ImportResultOutputID=b10d3678021df1cc12cf1e8af99eec2f DependenciesID=897fd3117c84ba3059ccd5bfb3b6b5bb StaticDependenciesID=b269b71ea22128dc02790f446c5dbd24 
Importing 'GUID: dd70cd654275d47db807e918055e004f - Path: Packages/com.unity.multiplayer.center/Editor/MultiplayerCenterWindow/UI/Icons/Questionnaire.png' with importer (TextureImporter)
Imported 'GUID: dd70cd654275d47db807e918055e004f' -> (Import Result ID: '17c7c3e564cd05bf66b96860c6e952fa') in 0.000 seconds [static and dynamic dependencies]. Details - ImportResultOutputID=acae872067dd0dc70d2f4ff840267bea DependenciesID=2c2eaf15a93aeb7f5682650cc0833c6e StaticDependenciesID=6abd43deae2fcf316514bba755ba821f 
Importing 'GUID: ed041e68439749a69d0efa0e3d896c2e - Path: Packages/com.unity.ugui/Editor Resources/Textures/btn_AlignTop_Light.psd' with importer (TextureImporter)
Imported 'GUID: ed041e68439749a69d0efa0e3d896c2e' -> (Import Result ID: '695a841db6d7250df9fb9b6e0c2e27da') in 0.000 seconds [static and dynamic dependencies]. Details - ImportResultOutputID=944df6fc73d5f24b72dd99bce086c106 DependenciesID=25d6a30f5651bf161e30918acf490325 StaticDependenciesID=9b681875e46b156a7ccd904e7bcdefbb 
Importing 'GUID: 3ee40aa79cd242a5b53b0b0ca4f13f0f - Path: Packages/com.unity.ugui/Editor Resources/Gizmos/TMP - Input Field Icon.psd' with importer (TextureImporter)
Imported 'GUID: 3ee40aa79cd242a5b53b0b0ca4f13f0f' -> (Import Result ID: 'd4f32ebb0ccd7a9491ab440006e05330') in 0.001 seconds [static and dynamic dependencies]. Details - ImportResultOutputID=8b7ec1a3b0664e36e42e8d25fee9bed0 DependenciesID=a35818a9790767230aeb68fe17f9b9ca StaticDependenciesID=8ce879d1c550b9c9d8b2b87679ee8207 
Importing 'GUID: ee148e281f3c41c5b4ff5f8a5afe5a6c - Path: Packages/com.unity.ugui/Editor Resources/Gizmos/TMP - Font Asset Icon.psd' with importer (TextureImporter)
Imported 'GUID: ee148e281f3c41c5b4ff5f8a5afe5a6c' -> (Import Result ID: '2076227c63d61351f7c1a819cbb0e3fd') in 0.001 seconds [static and dynamic dependencies]. Details - ImportResultOutputID=ee71710e6c5db94fe73dfd4fc9afd016 DependenciesID=46d3f00ccf4f653100a690e3d8cf37c0 StaticDependenciesID=31a557f0f0a0e9460a546b8c9f4eea6e 
Importing 'GUID: 2fd6421f253b4ef1a19526541f9ffc0c - Path: Packages/com.unity.ugui/Editor Resources/Gizmos/TMP - Text Component Icon.psd' with importer (TextureImporter)
Imported 'GUID: 2fd6421f253b4ef1a19526541f9ffc0c' -> (Import Result ID: 'e2752f364ba4b8f82f3ef9ea640c730f') in 0.001 seconds [static and dynamic dependencies]. Details - ImportResultOutputID=d153ae1442e1ff4227574b5ceb84bbe2 DependenciesID=e89b8ed6a8097bce09d16a07c617cdcb StaticDependenciesID=1c4e55390e2f82778d7fb6ab4552a6bd 
Importing 'GUID: 3fe892784421e47f5aa40c2784a6cb3e - Path: Packages/com.unity.multiplayer.center/Editor/MultiplayerCenterWindow/UI/Icons/DedicatedServer.png' with importer (TextureImporter)
Imported 'GUID: 3fe892784421e47f5aa40c2784a6cb3e' -> (Import Result ID: '59e8b163b1b7358db2eb16af9f771b50') in 0.000 seconds [static and dynamic dependencies]. Details - ImportResultOutputID=e02c5e6d2340c3e51ff8617ccff8b96a DependenciesID=9c20bb30b9e227d40dff84b8653bcf1f StaticDependenciesID=c451cc413fada5c44719b466965e8ab7 
Importing 'GUID: 4f78a544322c742b89e63fb68557b1d2 - Path: Packages/com.unity.multiplayer.center/Editor/MultiplayerCenterWindow/UI/Icons/Check.png' with importer (TextureImporter)
Imported 'GUID: 4f78a544322c742b89e63fb68557b1d2' -> (Import Result ID: '53db3b4da3cc60972387a326f15b46ab') in 0.000 seconds [static and dynamic dependencies]. Details - ImportResultOutputID=11d21e8be6afe8eee1808544654c189c DependenciesID=002a113d9c0dd3d0f501bc927993f308 StaticDependenciesID=546d1cfd225126a7ad54f1552948ff5b 
Importing 'GUID: abe6991365a27d341a10580f3b7c0f44 - Path: Packages/com.unity.ugui/Editor Resources/Shaders/TMP_SDF_SSD.cginc' with importer (ShaderIncludeImporter)
Imported 'GUID: abe6991365a27d341a10580f3b7c0f44' -> (Import Result ID: '08c8525f9175280739183736520a164b') in 0.000 seconds [static dependencies only]. Details - ImportResultOutputID=e2ffcc5f3f3567bf2339dee0e44b2a1a DependenciesID=08cd11ccf680db60b23a09bc3c270c38 StaticDependenciesID=10ceed049b503a209a01e486fa3737e0 
Importing 'GUID: 3c6c403084eacec478a1129ce20061ea - Path: Packages/com.unity.ugui/Editor Resources/Shaders/TMP_Properties.cginc' with importer (ShaderIncludeImporter)
Imported 'GUID: 3c6c403084eacec478a1129ce20061ea' -> (Import Result ID: 'db997639c978be03d6a490cc2fe346b8') in 0.000 seconds [static dependencies only]. Details - ImportResultOutputID=3f1c6854e6ecba6bc6f0c8f9f359ecd4 DependenciesID=9f234cac92cf85cdbd65506428d0f7c3 StaticDependenciesID=756f153b8decae8f07b9f272328c6eb4 
Importing 'GUID: 9c442dc870b456e48b615cd8add0e9ef - Path: Packages/com.unity.ugui/Editor Resources/Shaders/TMP_SDF Internal Editor.shader' with importer (ShaderImporter)
Launching external process: /Applications/Unity/Hub/Editor/6000.5.6f1/Unity.app/Contents/Helpers/UnityShaderCompiler
Launched and connected shader compiler UnityShaderCompiler after 0.02 seconds
Imported 'GUID: 9c442dc870b456e48b615cd8add0e9ef' -> (Import Result ID: '141f01493d7ee5c62abda6a98e628b31') in 0.030 seconds [static and dynamic dependencies]. Details - ImportResultOutputID=fc4aaa225c134e1b9ede1086f8e2452e DependenciesID=cb0b040e3c474e6ce50c64481fd61120 StaticDependenciesID=07d0d5dce8809f98da3ed5f6a6b3810e 
Importing 'GUID: 30b312a167534621b316172253b08723 - Path: Packages/com.unity.modules.subsystems/package.json' with importer (PackageManifestImporter)
Imported 'GUID: 30b312a167534621b316172253b08723' -> (Import Result ID: '0de745974b661a297d484c879d5e699d') in 0.000 seconds [static dependencies only]. Details - ImportResultOutputID=765cf1931d2753f2550d4e77b0bc00d7 DependenciesID=19640991438382a0ce5b9d9d20a2fde6 StaticDependenciesID=9de85ab1ed65a20486f49da847169f6f 
Importing 'GUID: 40bf3cec17fa0b49fe04443c8332d638 - Path: Packages/com.unity.modules.jsonserialize/package.json' with importer (PackageManifestImporter)
Imported 'GUID: 40bf3cec17fa0b49fe04443c8332d638' -> (Import Result ID: '3c3d8156ae4fcb6824e6c272b6cf94cf') in 0.000 seconds [static dependencies only]. Details - ImportResultOutputID=aa9b14d72de92370ff1ca0e7f75e369f DependenciesID=0487a8ecdb136b97a94f3699d5491608 StaticDependenciesID=4fa957cbd7e5785b82c65693476fedb7 
Importing 'GUID: 70554f6c9e4114e1084bb38f9ea400ce - Path: Packages/com.unity.multiplayer.center/LICENSE.md' with importer (TextScriptImporter)
Imported 'GUID: 70554f6c9e4114e1084bb38f9ea400ce' -> (Import Result ID: '10bd375a7844e7dadd9cf8a547dae205') in 0.000 seconds [static dependencies only]. Details - ImportResultOutputID=59e94a21cec5c01f76c5311c0f7ed1b4 DependenciesID=52cf924b4fac4d92587d47eca86cbc60 StaticDependenciesID=0eebd23acd98e5d505e559c4fa8d84cb 
Importing 'GUID: 80beef77cb19e713c7c2d481b65ed485 - Path: Packages/com.unity.modules.screencapture/package.json' with importer (PackageManifestImporter)
Imported 'GUID: 80beef77cb19e713c7c2d481b65ed485' -> (Import Result ID: '2decd164d8bbf1ac3bea2d19ffde81c6') in 0.000 seconds [static dependencies only]. Details - ImportResultOutputID=d9ded7588eb8060a1796f498dbb0a292 DependenciesID=ae06f98d9e2f2db5b2921fd3368dee36 StaticDependenciesID=543850bbae216a3ea4f8a437689f4299 
Importing 'GUID: 906c12bc9cd95d3963c6d58f62522c78 - Path: Packages/com.unity.modules.cloth/package.json' with importer (PackageManifestImporter)
Imported 'GUID: 906c12bc9cd95d3963c6d58f62522c78' -> (Import Result ID: '983cb98557967c8427ef3bad1716dbbd') in 0.000 seconds [static dependencies only]. Details - ImportResultOutputID=42b52c42e73100f6316e86e7c441b6f1 DependenciesID=c46711e7899dc71949eae528a71bf440 StaticDependenciesID=856028ce1c77139ee7701adc4bb0a585 
Importing 'GUID: d0e3ad91972c66f5238f5b9b7d5ae58a - Path: Packages/com.unity.modules.unitywebrequesttexture/package.json' with importer (PackageManifestImporter)
Imported 'GUID: d0e3ad91972c66f5238f5b9b7d5ae58a' -> (Import Result ID: '6ee8db851d3987d027c018b12be523ea') in 0.000 seconds [static dependencies only]. Details - ImportResultOutputID=6c9ca1171f273a0682b879fecc6f30e6 DependenciesID=945eb4ddfe452b7e5688a854fb2a4c62 StaticDependenciesID=aa400659c9a454ad69f7654342306081 
Importing 'GUID: e0ae6629cc70b514889df37fccb76832 - Path: Packages/com.unity.ugui/README.md' with importer (TextScriptImporter)
Imported 'GUID: e0ae6629cc70b514889df37fccb76832' -> (Import Result ID: '663e8375886f8c1198921d298275dfb9') in 0.000 seconds [static dependencies only]. Details - ImportResultOutputID=e372dbcb867529f2c4f22e24ad4af854 DependenciesID=3c59f91060dfdb53cd5d13772b73248e StaticDependenciesID=0e77767d89645a8f22d8e88d714ea11b 
Importing 'GUID: f0f13f2ab3d6d13cfc6e4656824bfca8 - Path: Packages/com.unity.modules.ai/package.json' with importer (PackageManifestImporter)
Imported 'GUID: f0f13f2ab3d6d13cfc6e4656824bfca8' -> (Import Result ID: '4a174abbb0cc66692f4190e8a38a6a8e') in 0.000 seconds [static dependencies only]. Details - ImportResultOutputID=73aa9af26c25a6bf7e554f3c27e7fff6 DependenciesID=c9e5f6d4a179170a4d58da91169eaad7 StaticDependenciesID=1cacc8dc5a3312c2a4620af4bca051bb 
Importing 'GUID: 319b8889f363f5947acf209c17a94149 - Path: Packages/com.unity.ugui/package.json' with importer (PackageManifestImporter)
Imported 'GUID: 319b8889f363f5947acf209c17a94149' -> (Import Result ID: '03a46e30ea4de779618196cb3ec7c144') in 0.000 seconds [static dependencies only]. Details - ImportResultOutputID=06174d6b58b6bd6ee04140c754b0057a DependenciesID=47ec3b0be78f201c9886a2e94263aa16 StaticDependenciesID=88704baa4af82a0d62809a32b70f4c37 
Importing 'GUID: e1ef8466c8fd01a549f10baa4d51fa17 - Path: Packages/com.unity.modules.assetbundle/package.json' with importer (PackageManifestImporter)
Imported 'GUID: e1ef8466c8fd01a549f10baa4d51fa17' -> (Import Result ID: '77c66c15e1068a6daa27168b66844ee8') in 0.000 seconds [static dependencies only]. Details - ImportResultOutputID=635ced2ab46b706ffe8cc581bf58dc29 DependenciesID=97e681a4c72498d612a3f688fffeb8fe StaticDependenciesID=759ab37ac9e7dded39be228807210ed4 
Importing 'GUID: 42fe78c8fe682715a2cb531422e6ccb3 - Path: Packages/com.unity.modules.imgui/package.json' with importer (PackageManifestImporter)
Imported 'GUID: 42fe78c8fe682715a2cb531422e6ccb3' -> (Import Result ID: '7a8b378d08c71c7b2d9effc1f14b677b') in 0.000 seconds [static dependencies only]. Details - ImportResultOutputID=a2011e7c96155b95109f04dc8f41cfa9 DependenciesID=3e706bbac0d5394893c566f74761f233 StaticDependenciesID=8821e85155296ee241d661fa31f08cae 
Importing 'GUID: 92a378669877c05c6071d0fed687bb95 - Path: Packages/com.unity.modules.tilemap/package.json' with importer (PackageManifestImporter)
Imported 'GUID: 92a378669877c05c6071d0fed687bb95' -> (Import Result ID: '5ad650bbc7b063ae8069a52a54dcfb47') in 0.000 seconds [static dependencies only]. Details - ImportResultOutputID=b41661b03d1337ebe6935f7186e72e83 DependenciesID=a49b0ec453e79e107bc254094010a68d StaticDependenciesID=3380b86c8aecfed2a6c7dd8110297a4b 
Importing 'GUID: 43674d438e19b89d7fe6af07234f3252 - Path: Packages/com.unity.modules.accessibility/package.json' with importer (PackageManifestImporter)
Imported 'GUID: 43674d438e19b89d7fe6af07234f3252' -> (Import Result ID: 'e7ed3d4994342b49572cb5045ca8fa37') in 0.000 seconds [static dependencies only]. Details - ImportResultOutputID=ff8ccaac194fd03e278fd0c8ae4f8535 DependenciesID=19bf8c75c0dd7cb7283e86c89a40dc92 StaticDependenciesID=3618d1677a9050327f74ef7d777c2227 
Importing 'GUID: c359bcaf4a0bc4040aac650bf14ec619 - Path: Packages/com.unity.multiplayer.center/README.md' with importer (TextScriptImporter)
Imported 'GUID: c359bcaf4a0bc4040aac650bf14ec619' -> (Import Result ID: 'a068d1eeccb1ed5414553dfb1dc01073') in 0.000 seconds [static dependencies only]. Details - ImportResultOutputID=82d3a5be604caff878ff7e228f1601f7 DependenciesID=821e63a612675be9a6433da75b545e01 StaticDependenciesID=7d6e449d0c53affb3cf967fb003feb81 
Importing 'GUID: d3cbe921f7b3d9a3257e7c61a5761796 - Path: Packages/com.unity.modules.terrainphysics/package.json' with importer (PackageManifestImporter)
Imported 'GUID: d3cbe921f7b3d9a3257e7c61a5761796' -> (Import Result ID: '467bbf5a90daac608ec6d51e6182c99b') in 0.000 seconds [static dependencies only]. Details - ImportResultOutputID=d704a302b555447ed899ea4a702a55ed DependenciesID=945aba11cc593abfd0c030a6163cac5e StaticDependenciesID=56c9df219b58ba3cda3ba672bdcc0b18 
Importing 'GUID: 05f5bfd584002f948982a1498890f9a9 - Path: Packages/com.unity.ugui/PackageConversionData.json' with importer (TextScriptImporter)
Imported 'GUID: 05f5bfd584002f948982a1498890f9a9' -> (Import Result ID: 'f6aa43cd75e48c8b152cb335d590e48f') in 0.000 seconds [static dependencies only]. Details - ImportResultOutputID=5eec638ae99a7edcb4f82e41b05f8a27 DependenciesID=487c39f7aab1ffc4e046d229fddfd7a8 StaticDependenciesID=952e69d160217ba7192965c1c340aa2c 
Importing 'GUID: 05f7f519769978b79b31d063a7fc6fa1 - Path: Packages/com.unity.modules.unitywebrequestassetbundle/package.json' with importer (PackageManifestImporter)
Imported 'GUID: 05f7f519769978b79b31d063a7fc6fa1' -> (Import Result ID: '992f403bd9e756120da55bc5ad175443') in 0.000 seconds [static dependencies only]. Details - ImportResultOutputID=a1b694b11b52e55712b0180fdfb1b39e DependenciesID=d3e18c56d593df4d1c5a63524b0e1366 StaticDependenciesID=21647a8b9a0ac7ad27cc4fc1e8aa0098 
Importing 'GUID: 953fab16d15d5885b3600fcd6388b2ad - Path: Packages/com.unity.modules.imageconversion/package.json' with importer (PackageManifestImporter)
Imported 'GUID: 953fab16d15d5885b3600fcd6388b2ad' -> (Import Result ID: '4b3cf48f0e4dcab6be68d20055de5877') in 0.000 seconds [static dependencies only]. Details - ImportResultOutputID=ca85b47cdbdf5f3f75007a9470054abd DependenciesID=f831b32f26b3db70a19594e4aebf3788 StaticDependenciesID=9e1c7bd819b7ca2b05a7c8ea7720f03a 
Importing 'GUID: b5930dbc378b45d406aeb881f06b6dfa - Path: Packages/com.unity.modules.physicscore2d/package.json' with importer (PackageManifestImporter)
Imported 'GUID: b5930dbc378b45d406aeb881f06b6dfa' -> (Import Result ID: '7f33608ed66d7aeeff2df625c893fba7') in 0.000 seconds [static dependencies only]. Details - ImportResultOutputID=f4010fcaf409165755963cbbc344c30d DependenciesID=510b658150aed5a8514553c953094339 StaticDependenciesID=53fe7088fa4b9ed708ed88af7a3bc038 
Importing 'GUID: 26a4f29db434fd79025c91f6126382cc - Path: Packages/com.unity.modules.unityanalytics/package.json' with importer (PackageManifestImporter)
Imported 'GUID: 26a4f29db434fd79025c91f6126382cc' -> (Import Result ID: 'b8ae2e98fc05cd2b95488d404c6ad31f') in 0.000 seconds [static dependencies only]. Details - ImportResultOutputID=a1075137ec66a15e3cc4335cf0960359 DependenciesID=f6810495fca793ee2a410ce9d9ed5fba StaticDependenciesID=0c52afe5e019648c57e2dec50b1171a3 
Importing 'GUID: 96d14b71b907bb52333b2886e665aba6 - Path: Packages/com.unity.modules.video/package.json' with importer (PackageManifestImporter)
Imported 'GUID: 96d14b71b907bb52333b2886e665aba6' -> (Import Result ID: '91ab6a23cc8449fcc1b7f3a18b73b4b5') in 0.000 seconds [static dependencies only]. Details - ImportResultOutputID=c744975b41fa449bbd85f7409a9873bd DependenciesID=d990417fb1391d9d9138c9292eebe964 StaticDependenciesID=e2320961cdfb93f4cd4aad2f17811d9a 
Importing 'GUID: 87d720faa37005c08600090e04d8c739 - Path: Packages/com.unity.modules.particlesystem/package.json' with importer (PackageManifestImporter)
Imported 'GUID: 87d720faa37005c08600090e04d8c739' -> (Import Result ID: '6229acb65e3c0ec884dbbbcdbc44a7cb') in 0.000 seconds [static dependencies only]. Details - ImportResultOutputID=5d63d00535a42e51b82511e4083d4e04 DependenciesID=12b17d51e115d7131c15412a5d65b609 StaticDependenciesID=0535af7bac655123913caec8be8664d0 
Importing 'GUID: f7a8357347c80dc69c08d0b1a05e2122 - Path: Packages/com.unity.modules.physics2d/package.json' with importer (PackageManifestImporter)
Imported 'GUID: f7a8357347c80dc69c08d0b1a05e2122' -> (Import Result ID: 'ff37c4f627e5f060bef1040dc766dad7') in 0.000 seconds [static dependencies only]. Details - ImportResultOutputID=bff5ec0eb66ef125effb3b5cc8d0b0ca DependenciesID=7894493d2ead1b03834ef58736d25e44 StaticDependenciesID=4b1adddadd86693c22134d8b6c9ee19e 
Importing 'GUID: 78e5667e52329c3ceef41288763404ae - Path: Packages/com.unity.modules.vectorgraphics/package.json' with importer (PackageManifestImporter)
Imported 'GUID: 78e5667e52329c3ceef41288763404ae' -> (Import Result ID: 'ecc470e125fe8a676851d867c0f480cd') in 0.000 seconds [static dependencies only]. Details - ImportResultOutputID=ce9aac6e0d79404807a53a47ecb5a43a DependenciesID=33f1c93a7f5e1c735326d430ca6a21c0 StaticDependenciesID=d8fcc0e778b282a9a93fdbd072150975 
Importing 'GUID: b83f06ac0c0696e9563230865ca72b81 - Path: Packages/com.unity.modules.wind/package.json' with importer (PackageManifestImporter)
Imported 'GUID: b83f06ac0c0696e9563230865ca72b81' -> (Import Result ID: '29e80ad768e4f5142232e3ada5455316') in 0.000 seconds [static dependencies only]. Details - ImportResultOutputID=b14ae433bd6f131701dffe815280e35b DependenciesID=5d0174e9a90c466946768a14081dfb82 StaticDependenciesID=a6fc01b33d1abeef74d162f46caa6010 
Importing 'GUID: c851bee4305bddf438cc6ffc515991ce - Path: Packages/com.unity.ugui/CHANGELOG.md' with importer (TextScriptImporter)
Imported 'GUID: c851bee4305bddf438cc6ffc515991ce' -> (Import Result ID: 'aa6ad949289b0abfc77e2a60013c399e') in 0.000 seconds [static dependencies only]. Details - ImportResultOutputID=1564753c8a5b332d7dc32e5d6570cca2 DependenciesID=097d60947ce27abfec8a46bb06501a82 StaticDependenciesID=46c4174d059f8ae4e6271f9343fa2321 
Importing 'GUID: c8f6fa942856442b8bd72594d3ce7363 - Path: Packages/com.unity.multiplayer.center/Third Party Notices.md' with importer (TextScriptImporter)
Imported 'GUID: c8f6fa942856442b8bd72594d3ce7363' -> (Import Result ID: '2a75a020629435c95987a91372a945a3') in 0.000 seconds [static dependencies only]. Details - ImportResultOutputID=03ddb98ad266806dbd104aeb58230d0c DependenciesID=cd546e5367619eb19c3e277641312771 StaticDependenciesID=a44274cdb0450f2d306674c20bf8fcb4 
Importing 'GUID: d85e5eeaf8f135aeaaebdc8aa3cff6c3 - Path: Packages/com.unity.modules.umbra/package.json' with importer (PackageManifestImporter)
Imported 'GUID: d85e5eeaf8f135aeaaebdc8aa3cff6c3' -> (Import Result ID: '23996bd727696151878e0e0914af37d3') in 0.000 seconds [static dependencies only]. Details - ImportResultOutputID=eb7496bed0d5b11bbcf1157c898f5d43 DependenciesID=036d5ba5ef1a566ffaffc27843ef10d1 StaticDependenciesID=1e1aa43716c3a4a673c5102fd2bfda7a 
Importing 'GUID: e9df95f53f1c1d0c9199e235d6c42b50 - Path: Packages/com.unity.modules.audio/package.json' with importer (PackageManifestImporter)
Imported 'GUID: e9df95f53f1c1d0c9199e235d6c42b50' -> (Import Result ID: '3e44f549c1c5e1ed16a0e1b8c2423eee') in 0.000 seconds [static dependencies only]. Details - ImportResultOutputID=baaf90fdc78043c6bded1cd6a5403e1a DependenciesID=744f3313ed5bc01d937a1e4ddb4d51dd StaticDependenciesID=0b9ce6a09a5420a8fcf575784202a4ec 
Importing 'GUID: 1a4266815e998967becf686f9c71f0a6 - Path: Packages/com.unity.modules.physics/package.json' with importer (PackageManifestImporter)
Imported 'GUID: 1a4266815e998967becf686f9c71f0a6' -> (Import Result ID: '3c7f9ce49810096ef75270347c8c5faf') in 0.000 seconds [static dependencies only]. Details - ImportResultOutputID=0efa4dacffd12cdaf213c725197b2b9e DependenciesID=19fab7776e523a6571cbf76057171dbf StaticDependenciesID=c62884b947307e67a5212641603df549 
Importing 'GUID: 6afb166a156df2d20433d981f4bb2832 - Path: Packages/com.unity.modules.vehicles/package.json' with importer (PackageManifestImporter)
Imported 'GUID: 6afb166a156df2d20433d981f4bb2832' -> (Import Result ID: '965db1e950e11043c2f2c614fde92f4a') in 0.000 seconds [static dependencies only]. Details - ImportResultOutputID=90fd456df3c7a4f04607ef72fd97a666 DependenciesID=390b46316f2496a4badf1aecd960193d StaticDependenciesID=745386a0a15962766ca354350d7b95db 
Importing 'GUID: fa27413e9edb06a6058d6c894eca0338 - Path: Packages/com.unity.modules.unitywebrequestwww/package.json' with importer (PackageManifestImporter)
Imported 'GUID: fa27413e9edb06a6058d6c894eca0338' -> (Import Result ID: '82a8d252fd6b972793e6f58a678faede') in 0.000 seconds [static dependencies only]. Details - ImportResultOutputID=44e99610e0fb01fe35488aaf1fb11e20 DependenciesID=0a9e988e8fe6d2347621fac6c698a999 StaticDependenciesID=8d955666ed1743fcf56b6262e888a79b 
Importing 'GUID: 3bbd27b3dd7be4a74aeab8da6b0af5cc - Path: Packages/com.unity.multiplayer.center/CHANGELOG.md' with importer (TextScriptImporter)
Imported 'GUID: 3bbd27b3dd7be4a74aeab8da6b0af5cc' -> (Import Result ID: 'f84ee636f1ad1e1dede43e68431302f2') in 0.000 seconds [static dependencies only]. Details - ImportResultOutputID=b417cc241394cfbb33a1752f594fb22c DependenciesID=57e141f7ac1220f60fcef84a843ab200 StaticDependenciesID=1e8083b47d5dcfb78adfb23af9934c6b 
Importing 'GUID: 4b518b37798c97b0f860962cbf615533 - Path: Packages/com.unity.modules.unitywebrequestaudio/package.json' with importer (PackageManifestImporter)
Imported 'GUID: 4b518b37798c97b0f860962cbf615533' -> (Import Result ID: '01631e02edf6dbc689a1842b652e414b') in 0.000 seconds [static dependencies only]. Details - ImportResultOutputID=226b4ec8b7df5d970396ae03abd1bc24 DependenciesID=81a8ead6b360826d270f36c4d45816a8 StaticDependenciesID=5707c08b329587feff21b012a270cfb1 
Importing 'GUID: 9b1a5759726ef9d39a0ab82047b615f1 - Path: Packages/com.unity.modules.hierarchycore/package.json' with importer (PackageManifestImporter)
Imported 'GUID: 9b1a5759726ef9d39a0ab82047b615f1' -> (Import Result ID: '4d67fbdb34c8886745ce6aff1b1c001d') in 0.000 seconds [static dependencies only]. Details - ImportResultOutputID=67cdcfb2395a679c900f8fe7a3c843b0 DependenciesID=2d432e2c3f209323bb3a5fadc775cc61 StaticDependenciesID=fc32affe18453c2b56fcf75e7670a4d4 
Importing 'GUID: 2c814623cb42764d304be0c5ddd03ceb - Path: Packages/com.unity.modules.xr/package.json' with importer (PackageManifestImporter)
Imported 'GUID: 2c814623cb42764d304be0c5ddd03ceb' -> (Import Result ID: '030ad2a83f5d14d33a1561fc5d017326') in 0.000 seconds [static dependencies only]. Details - ImportResultOutputID=f4a9b555b8e9c4886ebee6ada830081b DependenciesID=5ab1465dd9a5772ab63160363ea1c957 StaticDependenciesID=e2e736c846ecb1019e5d82a48e8843a9 
Importing 'GUID: 4c413a81cadcce7038e446e56570117e - Path: Packages/com.unity.modules.adaptiveperformance/package.json' with importer (PackageManifestImporter)
Imported 'GUID: 4c413a81cadcce7038e446e56570117e' -> (Import Result ID: '642d33bbfd88762e06e18b1b27ed0eb6') in 0.000 seconds [static dependencies only]. Details - ImportResultOutputID=d703a3ab962eacc558a1614396f9309b DependenciesID=bec8f1c6d518fd210d3f9ab43eb65ea5 StaticDependenciesID=ed3517636ac6a608782cfe0f5540298e 
Importing 'GUID: ec02776fe29df900b897106d61977735 - Path: Packages/com.unity.modules.director/package.json' with importer (PackageManifestImporter)
Imported 'GUID: ec02776fe29df900b897106d61977735' -> (Import Result ID: '19dc298af6160c76529a0db3867d92e8') in 0.000 seconds [static dependencies only]. Details - ImportResultOutputID=a51e3ed6ab9a9f17cdaab9355f1900e4 DependenciesID=7e8af503901595bf4a2515ede62592dc StaticDependenciesID=7fbdf2a22f4a71dd20281a451f5d03ed 
Importing 'GUID: 4d3d51749e989f747b2674e0b4d9b3d7 - Path: Packages/com.unity.ugui/LICENSE.md' with importer (TextScriptImporter)
Imported 'GUID: 4d3d51749e989f747b2674e0b4d9b3d7' -> (Import Result ID: '77814971a10dbe75136787d304114031') in 0.000 seconds [static dependencies only]. Details - ImportResultOutputID=a63b6dbba38e2df053a1afb5e5f27b0d DependenciesID=9d7cb8d7eeb9fe82b3009f665230b89a StaticDependenciesID=345cfb86d6a607d3328652f0d2ab698a 
Importing 'GUID: 6d56244f8c39a851975d3c0bd432c66f - Path: Packages/com.unity.modules.terrain/package.json' with importer (PackageManifestImporter)
Imported 'GUID: 6d56244f8c39a851975d3c0bd432c66f' -> (Import Result ID: 'fa47cfc320b7a88e0714052f4316ad93') in 0.000 seconds [static dependencies only]. Details - ImportResultOutputID=73e8a19d9e221453757e2503bb195d8d DependenciesID=f439740450d89f53a0ce0ff5bb968828 StaticDependenciesID=569dfbc2c91aaf26e3b8d56c99bf3a8a 
Importing 'GUID: bd1af0a6633ee94ae21c7d1d702cdc12 - Path: Packages/com.unity.modules.androidjni/package.json' with importer (PackageManifestImporter)
Imported 'GUID: bd1af0a6633ee94ae21c7d1d702cdc12' -> (Import Result ID: '4a3591941c4b14da4ba1271bb913d699') in 0.000 seconds [static dependencies only]. Details - ImportResultOutputID=f4e2b880b85d4b1b337e650ea054a573 DependenciesID=0ef5eb9c2381bcd70baa41fe563d67c0 StaticDependenciesID=7ff1e85cbf66fda5165551d04fc99bd4 
Importing 'GUID: 0e0afa652c0031c48896a97b424d027b - Path: Packages/com.unity.ugui/PackageConversionData_Assets.json' with importer (TextScriptImporter)
Imported 'GUID: 0e0afa652c0031c48896a97b424d027b' -> (Import Result ID: '03a7c00c8f94d69236ae0a74b84f5b91') in 0.000 seconds [static dependencies only]. Details - ImportResultOutputID=1c704b850f8573286bfa1a80c5c8b511 DependenciesID=62883c0ba5c4a7e1a673a90e871d4d96 StaticDependenciesID=d51e229e029e6d0b0724b2f9f5d74c58 
Importing 'GUID: 7ef8348b8ea834d7e1bc214b07f7fb87 - Path: Packages/com.unity.modules.animation/package.json' with importer (PackageManifestImporter)
Imported 'GUID: 7ef8348b8ea834d7e1bc214b07f7fb87' -> (Import Result ID: 'c5cadcbdb9c4d8600b6ecc0f04eb0360') in 0.000 seconds [static dependencies only]. Details - ImportResultOutputID=31dbcc35cb4a73ea6030956ea7db751a DependenciesID=27414bdbbed17b7a807a6e1a4fcca72b StaticDependenciesID=7edcfaa57b5ea3369bd30d3873035a01 
Importing 'GUID: 3fdd83b151eb8d25c5e2f82fc39dcb04 - Path: Packages/com.unity.modules.unitywebrequest/package.json' with importer (PackageManifestImporter)
Imported 'GUID: 3fdd83b151eb8d25c5e2f82fc39dcb04' -> (Import Result ID: 'c68245ff0826f9a4fa4fa0561bfb2f02') in 0.000 seconds [static dependencies only]. Details - ImportResultOutputID=c13ec26173ba227a1aeac5bb32628a4d DependenciesID=69d13f3509f7f6b089e7f7b24875f1af StaticDependenciesID=d19176b56cadb92aee7fc6aff84059bb 
Importing 'GUID: 4f0f9b9f3ed97ad2b9ba8f1a8e4666c2 - Path: Packages/com.unity.modules.uielements/package.json' with importer (PackageManifestImporter)
Imported 'GUID: 4f0f9b9f3ed97ad2b9ba8f1a8e4666c2' -> (Import Result ID: '6b5a8f04c26a80459f771291ac4c43fd') in 0.000 seconds [static dependencies only]. Details - ImportResultOutputID=489e28235c392e68588be65be9a6f276 DependenciesID=e64877229d1bf6132adb1784c561562f StaticDependenciesID=e53ccce6bbded865bf9210b6f4e78f36 
Importing 'GUID: bfd567a3d1631a761bca9e99fa53d86d - Path: Packages/com.unity.modules.ui/package.json' with importer (PackageManifestImporter)
Imported 'GUID: bfd567a3d1631a761bca9e99fa53d86d' -> (Import Result ID: '9391677c7443e5f9875595f527f1fec2') in 0.000 seconds [static dependencies only]. Details - ImportResultOutputID=42a62d4f56a9235169f747082fd43e30 DependenciesID=fd70f845596a4bad303193d12306a770 StaticDependenciesID=f133bdc69ae49bc53683431f11853153 
Importing 'GUID: df0857f6a11054383be91b1f8e1b5800 - Path: Packages/com.unity.multiplayer.center/package.json' with importer (PackageManifestImporter)
Imported 'GUID: df0857f6a11054383be91b1f8e1b5800' -> (Import Result ID: 'b4058e1fbbab7e25e123cd778f772519') in 0.000 seconds [static dependencies only]. Details - ImportResultOutputID=56cb21bd62786f0bf6019a6ac763d7f4 DependenciesID=946e89713d6895eb9874952671d5bcb6 StaticDependenciesID=3322c79b966396e27c3e8477c8a822ef 
Importing 'GUID: f1ac2efb1bcd4dfd95dc196ed3c11367 - Path: Packages/com.unity.multiplayer.center/Editor/MultiplayerCenterWindow/UI/light.uss' with importer (ScriptedImporter : UnityEditor.CoreModule:UnityEditor.UIElements.StyleSheets:StyleSheetImporter)
Imported 'GUID: f1ac2efb1bcd4dfd95dc196ed3c11367' -> (Import Result ID: 'e79785092352525d498e2acd00f66fe6') in 0.028 seconds [static and dynamic dependencies]. Details - ImportResultOutputID=d933b28d171599f50d13b516109e7212 DependenciesID=eefa893d506261f438d5fa50aaa5e9f7 StaticDependenciesID=c0be29e7e0ff4bfa095da4fc1dc5bca1 
Importing 'GUID: 1984cd07fe96417f9e88f5771f6b4b32 - Path: Packages/com.unity.multiplayer.center/Editor/MultiplayerCenterWindow/UI/dark.uss' with importer (ScriptedImporter : UnityEditor.CoreModule:UnityEditor.UIElements.StyleSheets:StyleSheetImporter)
Imported 'GUID: 1984cd07fe96417f9e88f5771f6b4b32' -> (Import Result ID: 'f9cb7c837dad292f56634fe3f382065b') in 0.005 seconds [static and dynamic dependencies]. Details - ImportResultOutputID=8be4503d52b62d7392027baec0ba5f8a DependenciesID=02f17d16df9076fcda5410bf208c566e StaticDependenciesID=1bc9381b81c7badb9cb10e990eaf2cd8 
Importing 'GUID: bac00d6e07f0b4305bb395363c89d92b - Path: Packages/com.unity.multiplayer.center/Editor/MultiplayerCenterWindow/UI/MultiplayerCenterWindow.uss' with importer (ScriptedImporter : UnityEditor.CoreModule:UnityEditor.UIElements.StyleSheets:StyleSheetImporter)
Imported 'GUID: bac00d6e07f0b4305bb395363c89d92b' -> (Import Result ID: '69a6bf572b5a9b9809594125b5558102') in 0.017 seconds [static and dynamic dependencies]. Details - ImportResultOutputID=d6dfc469da9a8ffbb556776434abd32e DependenciesID=5acd57e08886106d7c4e0f49eb84da79 StaticDependenciesID=8d43e3a97bb0bfa224eb5b90fbf1805d 
Starting new worker id: 0 with log in /Users/greg/git/kawaii-game/MochiMeadows/Logs/AssetImportWorkerHW0.log
Launching external process: /Applications/Unity/Hub/Editor/6000.5.6f1/Unity.app/Contents/Helpers/UnityShaderCompiler
Launched and connected shader compiler UnityShaderCompiler after 0.03 seconds
Launching external process: /Applications/Unity/Hub/Editor/6000.5.6f1/Unity.app/Contents/Helpers/UnityShaderCompiler
Launched and connected shader compiler UnityShaderCompiler after 0.02 seconds
Loading style catalogs (6)
	StyleSheets/Extensions/base/common.uss
	UIPackageResources/StyleSheets/Default/Variables/Public/common.uss
	StyleSheets/Northstar/common.uss
	StyleSheets/Extensions/fonts/inter.uss
	StyleSheets/Extensions/base/dark.uss
	UIPackageResources/StyleSheets/Default/Northstar/Palette/dark.uss

Asset Pipeline Refresh (id=1f1416a06fbd743b2b8a87ec2bdf3f34): Total: 6.085 seconds - Initiated by InitialRefreshV2(ForceSynchronousImport)
	(Values over 0.05ms)
	Summary:
		Imports: total=333 (actual=333, local cache=0, cache server=0)
		Asset DB Process Time: managed=5 ms, native=1015 ms
		Asset DB Callback time: managed=80 ms, native=1105 ms
		Scripting: domain reloads=1, domain reload time=180 ms, compile time=3695 ms, other=2 ms
		Project Asset Count: scripts=209, non-scripts=124
		Asset File Changes: new=773, changed=773, moved=0, deleted=0
		Scan Filter Count: 1
	InvokePackagesCallback: 801.023ms
	ApplyChangesToAssetFolders: 0.203ms
	Scan: 144.636ms
	Collect global state as custom dependencies: 4.973ms
	OnSourceAssetsModified: 1.523ms
	CategorizeScriptCompilationAssets: 1.215ms
	ProcessAssetsWithTransientArtifactChanges: 4.485ms
	CategorizeAssets: 1.694ms
	CompileScripts: 3694.550ms
	ImportOutOfDateAssets: 842.157ms (211.584ms without children)
		ImportManagerImport: 627.998ms (67.883ms without children)
			UpdateCategorizedAssets: 0.615ms
		UnloadImportedAssets: 0.135ms
		ImportSchedulerStart: 2.390ms
	PostProcessAllAssets: 404.042ms
		ShaderAssetModifiedCallback 243.759ms
		VersionControlSettings.HiddenFilePostprocess 1.280ms
		PostProcessCallbackCreateDeferredMaterials 1.230ms
		AssemblyValidation.PostprocessAllAssets 0.933ms
		ComputeShaderImportPostprocess 0.594ms
		RaytracingShaderImportPostprocess 0.530ms
		LocalizationDatabase.AssetDatabasePostprocessCallback 0.441ms
		SpeedTreeImporter.PostprocessAllAssets 0.404ms
		BlockShaderImporter.PostprocessAllAssets 0.230ms
		MonoPostProcessAllAssets: 80.217ms
			StyleCatalogPostProcessor.OnPostprocessAllAssets 47.601ms
			AssetPostprocessor.OnPostprocessAllAssets 13.566ms
			WindowAssetPostprocessingWatcher.OnPostprocessAllAssets 3.680ms
			BuilderAssetPostprocessor.OnPostprocessAllAssets 3.215ms
			TextAssetPostProcessor.OnPostprocessAllAssets 1.958ms
			AssetChangedListener.OnPostprocessAllAssets 1.630ms
			RetainedModeAssetPostprocessor.OnPostprocessAllAssets 0.714ms
			SyncVS.PostprocessSyncProject 0.605ms
			SpeedTree9Postprocessor.OnPostprocessAllAssets 0.504ms
			EditModeScopePostprocessor.OnPostprocessAllAssets 0.469ms
			ArtifactBrowserPostProcessor.OnPostprocessAllAssets 0.283ms
			ReferencedClipsPostProcessor.OnPostprocessAllAssets 0.163ms
			TMPro_TexturePostProcessor.OnPostprocessAllAssets 0.152ms
			AudioMixerPostprocessor.OnPostprocessAllAssets 0.142ms
			AssetEvents.OnPostprocessAllAssets 0.130ms
			TerrainToolbarOverlayPostProcessor.OnPostprocessAllAssets 0.098ms
			ConfigAssetsTracker.OnPostprocessAllAssets 0.093ms
			SpeedTreePostProcessor.OnPostprocessAllAssets 0.086ms
			AssetDatabaseCallbacks.OnPostprocessAllAssets 0.082ms
			ScenarioDriftAssetsTracker.OnPostprocessAllAssets 0.054ms
	PostAssetChangesProfiler: 1.371ms
	UnloadStreamsBegin: 1.095ms
	PersistCurrentRevisions: 0.193ms
	GenerateScriptTypeHashes: 0.063ms
	GenerateScriptTypeSerializationHashes: 0.155ms
	Untracked: 197.551ms

Application.AssetDatabase Initial Refresh End
Scanning for USB devices : 0.111ms
Initializing Unity extensions:
[MODES] ModeService[none].Initialize
[MODES] ModeService[none].LoadModes
[MODES] Loading mode Default (0) for mode-current-id-Mochi Meadows
2026-08-03 13:12:00.915 Unity[15410:3481744] NSEventModifierFlagFunction specified to -setKeyEquivalentModifierMask: for item <NSMenuItem: 0x8f80d4fa0 SDF, ke='Command-F12'>, but is only supported for system-provided menu items; will not be used
Unloading 3 Unused Serialized files (Serialized files now loaded: 0)
Unloading 454 unused Assets / (0.7 MB). Loaded Objects now: 1111.
Memory consumption went from 142.4 MB to 141.6 MB.
Total: 4.530042 ms (FindLiveObjects: 0.055625 ms CreateObjectMapping: 0.039375 ms MarkObjects: 4.210292 ms  DeleteObjects: 0.223917 ms)

2026-08-03 13:12:00.939 Unity[15410:3481744] NSEventModifierFlagFunction specified to -setKeyEquivalentModifierMask: for item <NSMenuItem: 0x8f8102a80 SDF, ke='Command-F12'>, but is only supported for system-provided menu items; will not be used
Importing 'GUID: e05ace3bd15740cda0bad60d89092a5b - Path: Packages/com.unity.ugui/Editor Resources/Textures/btn_AlignRight_Light.psd' with importer (TextureImporter)
Imported 'GUID: e05ace3bd15740cda0bad60d89092a5b' -> (Import Result ID: '081634cd8526661f0f2f73bca87c61ed') in 0.001 seconds [static and dynamic dependencies]. Details - ImportResultOutputID=05e0d3750bc835af56d86f2a67874479 DependenciesID=36c51c54c6144be74475d3b7b1ac81c7 StaticDependenciesID=6e5acb023244c00d0a9c1f490771343a 
Importing 'GUID: 318df756abab5463e9aa361360784865 - Path: Packages/com.unity.multiplayer.center/Editor/MultiplayerCenterWindow/UI/Icons/d_PackageInstalled@2x.png' with importer (TextureImporter)
Imported 'GUID: 318df756abab5463e9aa361360784865' -> (Import Result ID: '0c77f9d0898f49bdb347bd616e2daddd') in 0.000 seconds [static and dynamic dependencies]. Details - ImportResultOutputID=ba38636897a6e3072dc186eaaae1afe3 DependenciesID=a8ffcaceb0b9fe653ef1052558047d17 StaticDependenciesID=994ddf3ed990fa83a870b19bab9ea288 
Importing 'GUID: 41b96614b2e6494ba995ddcd252d11ae - Path: Packages/com.unity.ugui/Editor Resources/Textures/btn_AlignMiddle.psd' with importer (TextureImporter)
Imported 'GUID: 41b96614b2e6494ba995ddcd252d11ae' -> (Import Result ID: 'f3ae061acaa77455a55a07f429722159') in 0.000 seconds [static and dynamic dependencies]. Details - ImportResultOutputID=e685d2b3587be8403f0bf7797faec68e DependenciesID=4a9dfe2657a78b9f921129c9b6d13775 StaticDependenciesID=6cfa7295cafa9f5e6bf37964c7eb2037 
Importing 'GUID: 81ed8c76d2bc4a4c95d092c98af4e58f - Path: Packages/com.unity.ugui/Editor Resources/Textures/btn_AlignCenter.psd' with importer (TextureImporter)
Imported 'GUID: 81ed8c76d2bc4a4c95d092c98af4e58f' -> (Import Result ID: 'e1b573ce5928b4a3370553cf49612540') in 0.000 seconds [static and dynamic dependencies]. Details - ImportResultOutputID=54d393ce932cd94d4267c0456e75b057 DependenciesID=106cfe858fabd8fab011bea07a3aeba0 StaticDependenciesID=606ef26b438ebb21d41c14a922153ee8 
Importing 'GUID: 12736c98af174f91827a26b66d2b01b9 - Path: Packages/com.unity.ugui/Editor Resources/Textures/btn_AlignLeft_Light.psd' with importer (TextureImporter)
Imported 'GUID: 12736c98af174f91827a26b66d2b01b9' -> (Import Result ID: '439b03bff6736500f863a8c44bf46e5f') in 0.001 seconds [static and dynamic dependencies]. Details - ImportResultOutputID=ce008e1872d5c32fe0fb780c011ed138 DependenciesID=87820aedc501a2888dcad75a04200c53 StaticDependenciesID=f1b3dea8c7fd308a24861c078b2523f7 
Importing 'GUID: 424a8de5def3b46dcb08edd00ad1c7bd - Path: Packages/com.unity.multiplayer.center/Editor/MultiplayerCenterWindow/UI/Icons/Loading.png' with importer (TextureImporter)
Imported 'GUID: 424a8de5def3b46dcb08edd00ad1c7bd' -> (Import Result ID: 'cacb5690e4bef4eaaa088bf10fd3d5e4') in 0.001 seconds [static and dynamic dependencies]. Details - ImportResultOutputID=275adfbb55090ae57cdb754c07b1edc1 DependenciesID=7cdb65cc3c24928ce20518279ffa19b3 StaticDependenciesID=e7f8e6e0ca85f50a38335e04082f640c 
Importing 'GUID: 525a6cca8dd9a4d28875a8fe824710d9 - Path: Packages/com.unity.multiplayer.center/Editor/MultiplayerCenterWindow/UI/Icons/d_Package.png' with importer (TextureImporter)
Imported 'GUID: 525a6cca8dd9a4d28875a8fe824710d9' -> (Import Result ID: '6a21bce5f922f6f324fc2d5e0dcac4b7') in 0.000 seconds [static and dynamic dependencies]. Details - ImportResultOutputID=19a8a4b7c70ce57de93d4b00deb23a03 DependenciesID=be5a81719e900c6dec138012a891009a StaticDependenciesID=553cc11af2f1ff7b408e25c0bb279e58 
Importing 'GUID: 92027f7f8cfc4feaa477da0dc38d3d46 - Path: Packages/com.unity.ugui/Editor Resources/Textures/btn_AlignJustified.psd' with importer (TextureImporter)
Imported 'GUID: 92027f7f8cfc4feaa477da0dc38d3d46' -> (Import Result ID: '9ca7f13005f1605f73ba6676dd9ae886') in 0.000 seconds [static and dynamic dependencies]. Details - ImportResultOutputID=a3c3b587311227b55445919fcf8c60c6 DependenciesID=f0ff294d8eb20211a976d4fdedde8f85 StaticDependenciesID=cafcef34478d9bfd767a55d24eed979c 
Importing 'GUID: 9288066c33474b94b6ee5465f4df1cc0 - Path: Packages/com.unity.ugui/Editor Resources/Textures/btn_AlignLeft.psd' with importer (TextureImporter)
Imported 'GUID: 9288066c33474b94b6ee5465f4df1cc0' -> (Import Result ID: 'c3bae97babc57e521c3ff037b0f41fc2') in 0.000 seconds [static and dynamic dependencies]. Details - ImportResultOutputID=ed393ed30d5fb3cb278dde57dfc4158c DependenciesID=67df8d216d2216385581dacb77389c5d StaticDependenciesID=8c4a4b2d86fc9cde6b38598cd04153b0 
Importing 'GUID: a23c0dd570fd44b57a03a8880002fcca - Path: Packages/com.unity.multiplayer.center/Editor/MultiplayerCenterWindow/UI/Icons/CloudCode@2x.png' with importer (TextureImporter)
Imported 'GUID: a23c0dd570fd44b57a03a8880002fcca' -> (Import Result ID: 'ecf73a89a9f86ff85e221d150adb7dae') in 0.001 seconds [static and dynamic dependencies]. Details - ImportResultOutputID=2b551c3a22e2a939792861a7532194a6 DependenciesID=c63591d05ef14cc13c9ef27ead35e48d StaticDependenciesID=cd2c565f0bddc8807d22f0d55ee071b9 
Importing 'GUID: b2ce704e56cc84fb3b347499263c6244 - Path: Packages/com.unity.multiplayer.center/Editor/MultiplayerCenterWindow/UI/Icons/ClientHosted.png' with importer (TextureImporter)
Imported 'GUID: b2ce704e56cc84fb3b347499263c6244' -> (Import Result ID: '0ed9cb97816a0b2baaa43fe2a6ae9fbd') in 0.000 seconds [static and dynamic dependencies]. Details - ImportResultOutputID=b0b5730e11f2d9c72edb83c0dd3560a5 DependenciesID=b2d8d3b37192c7b199add3b0049fefab StaticDependenciesID=a5c982f0566f7588ed06ff82e20583d9 
Importing 'GUID: c2f7f6a88b4c4f20a53deb72f3d9144c - Path: Packages/com.unity.ugui/Editor Resources/Textures/btn_AlignMidLine.psd' with importer (TextureImporter)
Imported 'GUID: c2f7f6a88b4c4f20a53deb72f3d9144c' -> (Import Result ID: 'd545994246324524c85e6b6c2327faf8') in 0.000 seconds [static and dynamic dependencies]. Details - ImportResultOutputID=80f530c4945351d03abdea71a50b9cea DependenciesID=fd9cc2875fadb49927328a90ca76b8b6 StaticDependenciesID=65014ad5ea680191bd0a8a454543f409 
Importing 'GUID: 0354877031b64465ea7e5cafea1a2653 - Path: Packages/com.unity.multiplayer.center/Editor/MultiplayerCenterWindow/UI/Icons/DistributedAuthority@2x.png' with importer (TextureImporter)
Imported 'GUID: 0354877031b64465ea7e5cafea1a2653' -> (Import Result ID: '090ca143d3a83ebd6df642cf0c432fbb') in 0.001 seconds [static and dynamic dependencies]. Details - ImportResultOutputID=fd9a8d32b2363b04f0aed9906d0645ac DependenciesID=b8c5b0ef3224144a8a481e2f7e90e835 StaticDependenciesID=7a26d18c570496633d8416de9c0690d0 
Importing 'GUID: 83b28bcaaf34b4fd580114fb05d9f160 - Path: Packages/com.unity.multiplayer.center/Editor/MultiplayerCenterWindow/UI/Icons/NGO@2x.png' with importer (TextureImporter)
Imported 'GUID: 83b28bcaaf34b4fd580114fb05d9f160' -> (Import Result ID: '48ef64a4a0aa0bdc75775d6593e639d2') in 0.001 seconds [static and dynamic dependencies]. Details - ImportResultOutputID=26d9fb61c80b89cd6968111efe85e8da DependenciesID=0c6e1e843e165659343f57895f2f7a80 StaticDependenciesID=0c80a11316f1711d1708e29f31f0eb0d 
Importing 'GUID: e3b0f810fdea84e40ab4ba20f256f7e8 - Path: Packages/com.unity.ugui/Editor Resources/Textures/SectionHeader_Light.psd' with importer (TextureImporter)
Imported 'GUID: e3b0f810fdea84e40ab4ba20f256f7e8' -> (Import Result ID: 'c95695d68183f8354d74cc886c866be5') in 0.000 seconds [static and dynamic dependencies]. Details - ImportResultOutputID=371339320d863fd9887ff79150ff24cd DependenciesID=fde4977d10443ad5e8d32f1f2da7efb4 StaticDependenciesID=48bfd572d0fc30409086be0ca0ffe6d4 
Importing 'GUID: 0423146d9f51c4563a0f2a8200b6cd38 - Path: Packages/com.unity.multiplayer.center/Editor/MultiplayerCenterWindow/UI/Icons/PackageInstalled@2x.png' with importer (TextureImporter)
Imported 'GUID: 0423146d9f51c4563a0f2a8200b6cd38' -> (Import Result ID: '616d363d9a834a9e0acbbb1150605906') in 0.000 seconds [static and dynamic dependencies]. Details - ImportResultOutputID=f15ca54cbc208d132b229619d9587a4e DependenciesID=7817e939142825a0913b701067a489a6 StaticDependenciesID=0e797135db43cb7741aa130f58e2ca62 
Importing 'GUID: 342a0f8aca7f4f0691338912faec0494 - Path: Packages/com.unity.ugui/Editor Resources/Textures/btn_AlignRight.psd' with importer (TextureImporter)
Imported 'GUID: 342a0f8aca7f4f0691338912faec0494' -> (Import Result ID: 'defbd54b2ef76650f397994359f158db') in 0.000 seconds [static and dynamic dependencies]. Details - ImportResultOutputID=aeba0fa95ca96c41028b1ef725b15b5e DependenciesID=82aa889fcac1a1aa6ef144a5955c25a3 StaticDependenciesID=56842705d1b7bfefc759cafff41e63fb 
Importing 'GUID: 64b9fad609434c489c32b1cdf2004a1c - Path: Packages/com.unity.ugui/Editor Resources/Textures/btn_AlignFlush_Light.psd' with importer (TextureImporter)
Imported 'GUID: 64b9fad609434c489c32b1cdf2004a1c' -> (Import Result ID: '86b4680a7872f935c31fefafc7f5f08d') in 0.000 seconds [static and dynamic dependencies]. Details - ImportResultOutputID=6f9bd8f18ba6d84311c61d43d4d97d02 DependenciesID=8f3e24e91cfb7f813877d79b800c1ce5 StaticDependenciesID=873f1977b22588c07245e470e6f251d5 
Importing 'GUID: 741761e72e6f24446bd8ba03ea3d0261 - Path: Packages/com.unity.multiplayer.center/Editor/MultiplayerCenterWindow/UI/Icons/d_Questionnaire.png' with importer (TextureImporter)
Imported 'GUID: 741761e72e6f24446bd8ba03ea3d0261' -> (Import Result ID: 'cc1c133c3d3456411b761264a85da2e8') in 0.000 seconds [static and dynamic dependencies]. Details - ImportResultOutputID=af4b26ff4f287d5d9d0fb8949e789cce DependenciesID=4be4e4440069e08ec7666798dc92f2ac StaticDependenciesID=91f00ec7e32ded106f570485156ea0ea 
Importing 'GUID: 84e4bbd00035e4671bf14e0380a89001 - Path: Packages/com.unity.multiplayer.center/Editor/MultiplayerCenterWindow/UI/Icons/EmptyViewIcon.png' with importer (TextureImporter)
Imported 'GUID: 84e4bbd00035e4671bf14e0380a89001' -> (Import Result ID: '3c6bdae120bcc6ecc488302eb565cec3') in 0.002 seconds [static and dynamic dependencies]. Details - ImportResultOutputID=3dc59b81e12322a27325ad92a42fef2d DependenciesID=5bd5f3039da8e75a876a8d2ecf714b31 StaticDependenciesID=4e8b2bc13a3f2af4e692da90342930d6 
Importing 'GUID: 9431e8221045c4af189b2fa7174b9e9f - Path: Packages/com.unity.multiplayer.center/Editor/MultiplayerCenterWindow/UI/Icons/PackageManager@2x.png' with importer (TextureImporter)
Imported 'GUID: 9431e8221045c4af189b2fa7174b9e9f' -> (Import Result ID: '3e3e05f2ccd6dbc2b61fb48b198e5153') in 0.000 seconds [static and dynamic dependencies]. Details - ImportResultOutputID=3acaa6a77b3db0489222e43b9a06e598 DependenciesID=af64e4d7c43fa473f791bab3909dc0e1 StaticDependenciesID=6aa2e2ba0d15d3a8665f77e7892bb597 
Importing 'GUID: 35ff0937876540d3bd4b6a941df62a92 - Path: Packages/com.unity.ugui/Editor Resources/Textures/btn_AlignCenterGeo_Light.psd' with importer (TextureImporter)
Imported 'GUID: 35ff0937876540d3bd4b6a941df62a92' -> (Import Result ID: '988a6b4d990be9876338889b9d07ce4c') in 0.000 seconds [static and dynamic dependencies]. Details - ImportResultOutputID=9108beb14644544e174c0ab441437275 DependenciesID=c4a2976ce24073e45f8452bc92521a3e StaticDependenciesID=13c11de4347dbaa16668fc2813f85a60 
Importing 'GUID: b58a826ca804e4c67bab4283ad5a6102 - Path: Packages/com.unity.multiplayer.center/Editor/MultiplayerCenterWindow/UI/Icons/NoNetcode@2x.png' with importer (TextureImporter)
Imported 'GUID: b58a826ca804e4c67bab4283ad5a6102' -> (Import Result ID: 'd88e551912f6d19c0ebc5cec23614964') in 0.001 seconds [static and dynamic dependencies]. Details - ImportResultOutputID=9459d7d80817f3ec9f7fbf66f2610eb3 DependenciesID=3ecc73078899f159f2f74360b325b356 StaticDependenciesID=273d7b9c984888e87075ae09e06d38d0 
Importing 'GUID: 066619c9c9c84f89acb1b48c11a7efe2 - Path: Packages/com.unity.ugui/Editor Resources/Textures/btn_AlignMiddle_Light.psd' with importer (TextureImporter)
Imported 'GUID: 066619c9c9c84f89acb1b48c11a7efe2' -> (Import Result ID: '38f3f92cb8ae8c0b295007249a67bf4f') in 0.000 seconds [static and dynamic dependencies]. Details - ImportResultOutputID=f548a3ff5628bea7cb4690a8f3c959ec DependenciesID=b601e97b9efe45eba2f19a2851378b5a StaticDependenciesID=4bdad9f5071ddadc60126fb2c9858329 
Importing 'GUID: 4616b2fa4acd1429e931835b80966c2a - Path: Packages/com.unity.multiplayer.center/Editor/MultiplayerCenterWindow/UI/Icons/PackageInstalled.png' with importer (TextureImporter)
Imported 'GUID: 4616b2fa4acd1429e931835b80966c2a' -> (Import Result ID: '4c7509073585f711b7001078c62ee5e5') in 0.000 seconds [static and dynamic dependencies]. Details - ImportResultOutputID=2cf427f66b271f203796b1685f11076a DependenciesID=b7d39f08613e818a58c0b17a684dd26e StaticDependenciesID=bfcafe4a94b544a99142edc22ba0680a 
Importing 'GUID: a6fd0c627f5aa48fa81512221e70a11e - Path: Packages/com.unity.multiplayer.center/Editor/MultiplayerCenterWindow/UI/Icons/d_PackageManager@2x.png' with importer (TextureImporter)
Imported 'GUID: a6fd0c627f5aa48fa81512221e70a11e' -> (Import Result ID: '0d4985635643c17ad01e54526a18aac0') in 0.000 seconds [static and dynamic dependencies]. Details - ImportResultOutputID=cbb15ab3fdff985ace1166728c563331 DependenciesID=4a146042ef6c262d4909d30fd91b3439 StaticDependenciesID=49339ea4a8bc73fc38f8ff06cc204955 
Importing 'GUID: d63245ece6d8f476c8c7ca24da9937f6 - Path: Packages/com.unity.multiplayer.center/Editor/MultiplayerCenterWindow/UI/Icons/DistributedAuthority.png' with importer (TextureImporter)
Imported 'GUID: d63245ece6d8f476c8c7ca24da9937f6' -> (Import Result ID: '15de5fb0047fd34d0010deb29905d454') in 0.000 seconds [static and dynamic dependencies]. Details - ImportResultOutputID=9c5ada154fa884db5190314d99ac9a58 DependenciesID=4221be352fedc63def7bb3e960751bda StaticDependenciesID=815615f291ff0b00403c71876b8ae652 
Importing 'GUID: 679f9999c6f8f497e806a2d5d0511879 - Path: Packages/com.unity.multiplayer.center/Editor/MultiplayerCenterWindow/UI/Icons/PackageManager.png' with importer (TextureImporter)
Imported 'GUID: 679f9999c6f8f497e806a2d5d0511879' -> (Import Result ID: '3c0bd6ad75819cb0c715fb1f2ca1b8ec') in 0.000 seconds [static and dynamic dependencies]. Details - ImportResultOutputID=3538c4eba1050d1e55fdaee2c100d7cb DependenciesID=66c12630b916fcddbd6fb0a29dc18181 StaticDependenciesID=caf791b4607267b5433f22958260ac87 
Importing 'GUID: 77be953cf28de42a4ad8532539fef3f5 - Path: Packages/com.unity.multiplayer.center/Editor/MultiplayerCenterWindow/UI/Icons/d_PackageInstalled.png' with importer (TextureImporter)
Imported 'GUID: 77be953cf28de42a4ad8532539fef3f5' -> (Import Result ID: '1158e472d541b3ed19cf65617500f290') in 0.000 seconds [static and dynamic dependencies]. Details - ImportResultOutputID=c65a52918eff5fdf7bfb9897b6398854 DependenciesID=8c505171edb28e8e03bc60b89e632d4c StaticDependenciesID=a815c8f2fff6bd5194d23babb28ed5f2 
Importing 'GUID: a7ec9e7ad8b847b7ae4510af83c5d868 - Path: Packages/com.unity.ugui/Editor Resources/Gizmos/TMP - Dropdown Icon.psd' with importer (TextureImporter)
Imported 'GUID: a7ec9e7ad8b847b7ae4510af83c5d868' -> (Import Result ID: '3389e6d0f20b86fc33c25240520ae066') in 0.001 seconds [static and dynamic dependencies]. Details - ImportResultOutputID=c2213d370bd4d602ca4fcec2465bafb1 DependenciesID=d3a551455efd81c5d2ac537f7667e61b StaticDependenciesID=8d13e25eced332281b89ef86fdddb88d 
Importing 'GUID: c7a38e6eccbfc49778cb8b77f594a971 - Path: Packages/com.unity.multiplayer.center/Editor/MultiplayerCenterWindow/UI/Icons/ClientHosted@2x.png' with importer (TextureImporter)
Imported 'GUID: c7a38e6eccbfc49778cb8b77f594a971' -> (Import Result ID: 'eb996072c551f9dee5f8d13b9e9082bd') in 0.001 seconds [static and dynamic dependencies]. Details - ImportResultOutputID=ea6bcc0bfbb3065b9e236b6b6848fbd6 DependenciesID=8c24d37e3638fe853ddbc452942b0706 StaticDependenciesID=77ae9301e2b46afa82103623aef31584 
Importing 'GUID: c76700ea0062413d9f69409b4e9e151b - Path: Packages/com.unity.ugui/Editor Resources/Textures/btn_AlignCenterGeo.psd' with importer (TextureImporter)
Imported 'GUID: c76700ea0062413d9f69409b4e9e151b' -> (Import Result ID: '89c44362f89924a5be6a72d731970b57') in 0.000 seconds [static and dynamic dependencies]. Details - ImportResultOutputID=26ad09466d30fd322dac0f0dd07877ee DependenciesID=c6be77f7a714da4ddea15b3ee14bf4cb StaticDependenciesID=8da660e34ca33c147ccf1fcc2ea5749c 
Importing 'GUID: d7711b0cc806d430b8a95f1e33ec3649 - Path: Packages/com.unity.multiplayer.center/Editor/MultiplayerCenterWindow/UI/Icons/CustomNetcode@2x.png' with importer (TextureImporter)
Imported 'GUID: d7711b0cc806d430b8a95f1e33ec3649' -> (Import Result ID: 'eede502672983d83d58903b883e83bd6') in 0.001 seconds [static and dynamic dependencies]. Details - ImportResultOutputID=92fa89cd783418227542057266dbe7a8 DependenciesID=dfd165eea5a642b486edab171e467e67 StaticDependenciesID=34d9c1eacf7b77cee76b5fef21167021 
Importing 'GUID: 18775b51e3bd42299fd30bd036ea982f - Path: Packages/com.unity.ugui/Editor Resources/Textures/btn_AlignBaseLine_Light.psd' with importer (TextureImporter)
Imported 'GUID: 18775b51e3bd42299fd30bd036ea982f' -> (Import Result ID: 'f25e8fa5e1237a12fa2437a94ad52989') in 0.000 seconds [static and dynamic dependencies]. Details - ImportResultOutputID=9287a9ebb501586857f1352ba0aaf0ad DependenciesID=2e64ae8941471897dc32a24f27a141be StaticDependenciesID=5f7059750c1c8d9726a36c644757883b 
Importing 'GUID: 38b78df4a34c94fa6a52c90239606ff1 - Path: Packages/com.unity.multiplayer.center/Editor/MultiplayerCenterWindow/UI/Icons/DedicatedServer@2x.png' with importer (TextureImporter)
Imported 'GUID: 38b78df4a34c94fa6a52c90239606ff1' -> (Import Result ID: 'a3727761af71c9f365cae1cefb16c874') in 0.001 seconds [static and dynamic dependencies]. Details - ImportResultOutputID=25e1c451c6259397dc35aef6353fc001 DependenciesID=32fd9398e495d983287d2b206d84cdf7 StaticDependenciesID=0fad185af667295a6eb3243f28752866 
Importing 'GUID: 48d034c499ee4697af9dd6e327110249 - Path: Packages/com.unity.ugui/Editor Resources/Textures/btn_AlignTop.psd' with importer (TextureImporter)
Imported 'GUID: 48d034c499ee4697af9dd6e327110249' -> (Import Result ID: '9a904c30d0e2024b02e82017a2072989') in 0.000 seconds [static and dynamic dependencies]. Details - ImportResultOutputID=bc0cc3244b17ec7c8d959455d93de8db DependenciesID=b89ae5be290624fdd223b7880ee5eb83 StaticDependenciesID=0160dfa8864f597edcc5d7a25ba5fb91 
Importing 'GUID: 585b70cb75dd43efbfead809c30a1731 - Path: Packages/com.unity.ugui/Editor Resources/Textures/btn_AlignBottom_Light.psd' with importer (TextureImporter)
Imported 'GUID: 585b70cb75dd43efbfead809c30a1731' -> (Import Result ID: 'e9f00d70f8b92c0362a5814a14f8761c') in 0.000 seconds [static and dynamic dependencies]. Details - ImportResultOutputID=6770bc655737c5fae878ada2c0def4cf DependenciesID=5cd8c88431e995a302e5f41bab49551d StaticDependenciesID=6225329215a4aac3c3cda3aef4e7cf49 
Importing 'GUID: 29395f0639574c1fbc8b729aa257fb84 - Path: Packages/com.unity.multiplayer.center/Editor/MultiplayerCenterWindow/UI/Icons/d_Check.png' with importer (TextureImporter)
Imported 'GUID: 29395f0639574c1fbc8b729aa257fb84' -> (Import Result ID: '4e3acf49fdeeae92df515a63b5c5e9d5') in 0.000 seconds [static and dynamic dependencies]. Details - ImportResultOutputID=13443f05a6a08581e57a63103cae0915 DependenciesID=2fbb43ec2239de5f0263ef0a3d5ce7e7 StaticDependenciesID=ce90a6ad74d5bed6f73d3374231bf8a2 
Importing 'GUID: 49679f302ac6408697f6b9314a38985c - Path: Packages/com.unity.ugui/Editor Resources/Textures/btn_AlignCapLine_Light.psd' with importer (TextureImporter)
Imported 'GUID: 49679f302ac6408697f6b9314a38985c' -> (Import Result ID: '1d57ef41dbb613c6b4f9b86f75e49dbc') in 0.000 seconds [static and dynamic dependencies]. Details - ImportResultOutputID=20bbf93c05ecb9723981b9b34444f09a DependenciesID=5b1f53a874f7f36287a28ca276b40108 StaticDependenciesID=caefcec09aea723108da504b7e8f7279 
Importing 'GUID: 691475c57a824010be0c6f474caeb7e1 - Path: Packages/com.unity.ugui/Editor Resources/Textures/btn_AlignFlush.psd' with importer (TextureImporter)
Imported 'GUID: 691475c57a824010be0c6f474caeb7e1' -> (Import Result ID: 'd121b9801ee7ff1e3838159021b480b2') in 0.000 seconds [static and dynamic dependencies]. Details - ImportResultOutputID=fe0a128a7828eea7f466dbcb5a2dcc48 DependenciesID=1f15705ae4e091f2a0717d28592ea0a6 StaticDependenciesID=4765bfa9481017c7d1fa0b6a0fbdd59d 
Importing 'GUID: 99da7b3894f364efdb5fa1443952a55d - Path: Packages/com.unity.multiplayer.center/Editor/MultiplayerCenterWindow/UI/Icons/NGO.png' with importer (TextureImporter)
Imported 'GUID: 99da7b3894f364efdb5fa1443952a55d' -> (Import Result ID: 'c16c986289d24d362f28a9d42462c635') in 0.000 seconds [static and dynamic dependencies]. Details - ImportResultOutputID=7a2107de353b9dcb331e552ccdffac4a DependenciesID=7883be342433ebe0073f8359cc042a01 StaticDependenciesID=92cbf805677a77cdade82ca0dfa3cb1f 
Importing 'GUID: e9669051ff70449b5923861e0e0b8838 - Path: Packages/com.unity.multiplayer.center/Editor/MultiplayerCenterWindow/UI/Icons/N4E.png' with importer (TextureImporter)
Imported 'GUID: e9669051ff70449b5923861e0e0b8838' -> (Import Result ID: 'b886d63ceab9acb8914b332bcfcfe626') in 0.000 seconds [static and dynamic dependencies]. Details - ImportResultOutputID=a158a9f4a1911ba03c5d7b1b61647b23 DependenciesID=47d40c542b640455c27c5c820341cf26 StaticDependenciesID=c473902f3982c1a06ce62f5ebff7e4f8 
Importing 'GUID: 2adffcc506285402aa795dee6f3166d0 - Path: Packages/com.unity.multiplayer.center/Editor/MultiplayerCenterWindow/UI/Icons/EmptyViewIcon@2x.png' with importer (TextureImporter)
Imported 'GUID: 2adffcc506285402aa795dee6f3166d0' -> (Import Result ID: '37bd0d7e4c72a6ea599fb079583e2e47') in 0.006 seconds [static and dynamic dependencies]. Details - ImportResultOutputID=3e59adf0f9b3238ea84e0f699f8bf8cb DependenciesID=5ef243bf51e59a2e868651d7d3a84ad2 StaticDependenciesID=d8f103445c7dc230a2092bce488edea6 
Importing 'GUID: 6ace62d30f494c948b71d5594afce11d - Path: Packages/com.unity.ugui/Editor Resources/Textures/btn_AlignCenter_Light.psd' with importer (TextureImporter)
Imported 'GUID: 6ace62d30f494c948b71d5594afce11d' -> (Import Result ID: '161585b37d4227a85309cfaaf8467253') in 0.001 seconds [static and dynamic dependencies]. Details - ImportResultOutputID=839caa7c5f0f8ac9e84fff1d11126ab4 DependenciesID=6e8c159226516915ad51bb1cfc8a12bd StaticDependenciesID=068ccfc6fab2af60d535632b923e407f 
Importing 'GUID: ca51b19024094d1b87f3e07edb0a75fb - Path: Packages/com.unity.ugui/Editor Resources/Textures/btn_AlignBottom.psd' with importer (TextureImporter)
Imported 'GUID: ca51b19024094d1b87f3e07edb0a75fb' -> (Import Result ID: '5f398cc8eb8387aa4e38d26c469ff31f') in 0.000 seconds [static and dynamic dependencies]. Details - ImportResultOutputID=ee28c896e97aa9a503a6e79718fd5fe9 DependenciesID=a4963c5bb4c39a35cb6e3d7a62a515ef StaticDependenciesID=8e274978f3fec035dab9e98243169499 
Importing 'GUID: dab91f148d99946e7b3c3a87ecf4b973 - Path: Packages/com.unity.multiplayer.center/Editor/MultiplayerCenterWindow/UI/Icons/d_Loading.png' with importer (TextureImporter)
Imported 'GUID: dab91f148d99946e7b3c3a87ecf4b973' -> (Import Result ID: '32e4c88f90280699c8680b6f9e002309') in 0.001 seconds [static and dynamic dependencies]. Details - ImportResultOutputID=2177254ea5a177626e7e63ed46909ff4 DependenciesID=07cee809fab5683904c66c1d55df8005 StaticDependenciesID=520fb3e82196ddecf22e55fa21d4b86d 
Importing 'GUID: fa6bd40a216346b783a4cce741d277a5 - Path: Packages/com.unity.ugui/Editor Resources/Textures/btn_AlignJustified_Light.psd' with importer (TextureImporter)
Imported 'GUID: fa6bd40a216346b783a4cce741d277a5' -> (Import Result ID: '4012b76833ca26c0cec8b667317a6b9f') in 0.000 seconds [static and dynamic dependencies]. Details - ImportResultOutputID=4b6dd4f978aae00f5f66dd56b281cf6a DependenciesID=73cdbd6710fbc20433f881bc4918c217 StaticDependenciesID=9620f8a1b9a63fd80993828e7d337524 
Importing 'GUID: 1b4c88814ec6241eb8e327515399c006 - Path: Packages/com.unity.multiplayer.center/Editor/MultiplayerCenterWindow/UI/Icons/d_PackageManager.png' with importer (TextureImporter)
Imported 'GUID: 1b4c88814ec6241eb8e327515399c006' -> (Import Result ID: '97c65fcda077d65316de7257fd042037') in 0.000 seconds [static and dynamic dependencies]. Details - ImportResultOutputID=691b7dd2a6675a14b263dd9d04418abd DependenciesID=9b2dc7acb05e4aa576ef57a1aa2b6770 StaticDependenciesID=4f60d1c4f55ea3a6cfed568ed09477f3 
Importing 'GUID: 8bc445bb79654bf496c92d0407840a92 - Path: Packages/com.unity.ugui/Editor Resources/Textures/btn_AlignBaseLine.psd' with importer (TextureImporter)
Imported 'GUID: 8bc445bb79654bf496c92d0407840a92' -> (Import Result ID: 'a7c98af1cb562b0e343ef14ddcac18b6') in 0.000 seconds [static and dynamic dependencies]. Details - ImportResultOutputID=3ece629dbd401969c69d2964eade6ed9 DependenciesID=27767e26e692cc27717860aca78efd38 StaticDependenciesID=18408eb548eb816ff70d53988db21494 
Importing 'GUID: bb42b2d967d6427983c901a4ffc8ecd9 - Path: Packages/com.unity.ugui/Editor Resources/Textures/btn_AlignMidline_Light.psd' with importer (TextureImporter)
Imported 'GUID: bb42b2d967d6427983c901a4ffc8ecd9' -> (Import Result ID: 'd87b62ca8115d9f1cd5e243d49e4c5cb') in 0.000 seconds [static and dynamic dependencies]. Details - ImportResultOutputID=1f0a2ad3d19d95bdc9c699ed01bd4bb0 DependenciesID=95b531827ea14c36c247145f6cfcf9cc StaticDependenciesID=922185cb8dc159b6f094400508167933 
Importing 'GUID: fb5730e24283d0c489e5c7d0bee023d9 - Path: Packages/com.unity.ugui/Editor Resources/Textures/SectionHeader_Dark.psd' with importer (TextureImporter)
Imported 'GUID: fb5730e24283d0c489e5c7d0bee023d9' -> (Import Result ID: 'bbf95cafa46fbe3e44cf41d956cf4a3a') in 0.000 seconds [static and dynamic dependencies]. Details - ImportResultOutputID=7d09bd0b8c23c43bec6c3b84280a78a3 DependenciesID=061802afa3fe871106f9a87ad6afd108 StaticDependenciesID=6e17f87e3aae37eb1a7df222edf1e03f 
Importing 'GUID: 2cb589d4e01184d928bb698f06e77561 - Path: Packages/com.unity.multiplayer.center/Editor/MultiplayerCenterWindow/UI/Icons/N4E@2x.png' with importer (TextureImporter)
Imported 'GUID: 2cb589d4e01184d928bb698f06e77561' -> (Import Result ID: 'fcaed617cb5c51cf43d19a7c4606d18a') in 0.001 seconds [static and dynamic dependencies]. Details - ImportResultOutputID=ebeaeeea2886f309d00d7243ef001548 DependenciesID=7e57caa59126666578f3a85d2834e47d StaticDependenciesID=f53ac5e8c6b4f1dd0d428b13bbc133ed 
Importing 'GUID: dce12af736e0a4a1ba35d6424f897dc9 - Path: Packages/com.unity.multiplayer.center/Editor/MultiplayerCenterWindow/UI/Icons/CustomNetcode.png' with importer (TextureImporter)
Imported 'GUID: dce12af736e0a4a1ba35d6424f897dc9' -> (Import Result ID: '3fb0358ab749213215ad676102505e17') in 0.000 seconds [static and dynamic dependencies]. Details - ImportResultOutputID=0875b9abafcef76b3e9435b071e2ce75 DependenciesID=9c1b37b6cf9e027f53c49e94bec8c27b StaticDependenciesID=3647fe4017c65339e0b0ee19983506fc 
Importing 'GUID: ec7c645d93308c04d8840982af12101e - Path: Packages/com.unity.ugui/Editor Resources/Gizmos/TMP - Sprite Asset Icon.psd' with importer (TextureImporter)
Imported 'GUID: ec7c645d93308c04d8840982af12101e' -> (Import Result ID: '2802a6d1b9b9c7ff7383aefc61b4fc45') in 0.001 seconds [static and dynamic dependencies]. Details - ImportResultOutputID=179de9ea48fc68dfc1b6ca89c1772d12 DependenciesID=ee6f4c8cc38f31bfc306fe539ca77b43 StaticDependenciesID=71d77da5a7d0a0008380afaf33528e00 
Importing 'GUID: 0d9a36012a224080966c7b55896aa0f9 - Path: Packages/com.unity.ugui/Editor Resources/Textures/btn_AlignCapLine.psd' with importer (TextureImporter)
Imported 'GUID: 0d9a36012a224080966c7b55896aa0f9' -> (Import Result ID: '8758cbce7546d7ae86305caf7f6ed38e') in 0.000 seconds [static and dynamic dependencies]. Details - ImportResultOutputID=f3aa905a8f1b6633048250bcf5b87359 DependenciesID=f4b32e95dd2df1358793cd4e6b3d5666 StaticDependenciesID=3abbc4605984f119e5f0325e5585800e 
Importing 'GUID: 1daed49eec0f94f7ebb36dfef6159884 - Path: Packages/com.unity.multiplayer.center/Editor/MultiplayerCenterWindow/UI/Icons/NoNetcode.png' with importer (TextureImporter)
Imported 'GUID: 1daed49eec0f94f7ebb36dfef6159884' -> (Import Result ID: '584838fde71677f96fd44541514b614a') in 0.000 seconds [static and dynamic dependencies]. Details - ImportResultOutputID=f35f5f87eeeaca1e054a7c1ee4075849 DependenciesID=1bac9c901b8613af8b5123a63390952d StaticDependenciesID=c9d73e6b474f3ff2aab808248eb875d3 
Importing 'GUID: 9d9689eab72c8480c90679f4dcf18820 - Path: Packages/com.unity.multiplayer.center/Editor/MultiplayerCenterWindow/UI/Icons/Package.png' with importer (TextureImporter)
Imported 'GUID: 9d9689eab72c8480c90679f4dcf18820' -> (Import Result ID: 'fba8f57bd09a61611f3b17614329602a') in 0.000 seconds [static and dynamic dependencies]. Details - ImportResultOutputID=39bdd851935f168e22228f3944754936 DependenciesID=5abb82a1d7ea10b7380de7c0e1850831 StaticDependenciesID=6caa35a683e4857b11830a851884eb2f 
Importing 'GUID: ad1d29f4654194951a3c8bf507914d05 - Path: Packages/com.unity.multiplayer.center/Editor/MultiplayerCenterWindow/UI/Icons/CloudCode.png' with importer (TextureImporter)
Imported 'GUID: ad1d29f4654194951a3c8bf507914d05' -> (Import Result ID: 'de1fd07f0303a8cb632e94c7cbf81272') in 0.000 seconds [static and dynamic dependencies]. Details - ImportResultOutputID=b10d3678021df1cc12cf1e8af99eec2f DependenciesID=7554f6f00749ec14367771a83971feb7 StaticDependenciesID=b269b71ea22128dc02790f446c5dbd24 
Importing 'GUID: dd70cd654275d47db807e918055e004f - Path: Packages/com.unity.multiplayer.center/Editor/MultiplayerCenterWindow/UI/Icons/Questionnaire.png' with importer (TextureImporter)
Imported 'GUID: dd70cd654275d47db807e918055e004f' -> (Import Result ID: 'e3195ea160ce65b11f341506a169b889') in 0.000 seconds [static and dynamic dependencies]. Details - ImportResultOutputID=acae872067dd0dc70d2f4ff840267bea DependenciesID=dfa13761751a47d1507be967671821b8 StaticDependenciesID=6abd43deae2fcf316514bba755ba821f 
Importing 'GUID: ed041e68439749a69d0efa0e3d896c2e - Path: Packages/com.unity.ugui/Editor Resources/Textures/btn_AlignTop_Light.psd' with importer (TextureImporter)
Imported 'GUID: ed041e68439749a69d0efa0e3d896c2e' -> (Import Result ID: 'd31d5b97c47fce3fa21a2f077ab51d76') in 0.000 seconds [static and dynamic dependencies]. Details - ImportResultOutputID=944df6fc73d5f24b72dd99bce086c106 DependenciesID=00bee110a580cff6d5dedbed01f28bea StaticDependenciesID=9b681875e46b156a7ccd904e7bcdefbb 
Importing 'GUID: 3ee40aa79cd242a5b53b0b0ca4f13f0f - Path: Packages/com.unity.ugui/Editor Resources/Gizmos/TMP - Input Field Icon.psd' with importer (TextureImporter)
Imported 'GUID: 3ee40aa79cd242a5b53b0b0ca4f13f0f' -> (Import Result ID: 'e58eacf1afc153a803b39d80a16be93f') in 0.001 seconds [static and dynamic dependencies]. Details - ImportResultOutputID=8b7ec1a3b0664e36e42e8d25fee9bed0 DependenciesID=0913f1caac399ceb5c5e319bdbfc4942 StaticDependenciesID=8ce879d1c550b9c9d8b2b87679ee8207 
Importing 'GUID: ee148e281f3c41c5b4ff5f8a5afe5a6c - Path: Packages/com.unity.ugui/Editor Resources/Gizmos/TMP - Font Asset Icon.psd' with importer (TextureImporter)
Imported 'GUID: ee148e281f3c41c5b4ff5f8a5afe5a6c' -> (Import Result ID: '1940114b9380dc5cf8bb636c52c63165') in 0.001 seconds [static and dynamic dependencies]. Details - ImportResultOutputID=ee71710e6c5db94fe73dfd4fc9afd016 DependenciesID=02aa4196eefaf3d9051b29d9d8e2b4a6 StaticDependenciesID=31a557f0f0a0e9460a546b8c9f4eea6e 
Importing 'GUID: 2fd6421f253b4ef1a19526541f9ffc0c - Path: Packages/com.unity.ugui/Editor Resources/Gizmos/TMP - Text Component Icon.psd' with importer (TextureImporter)
Imported 'GUID: 2fd6421f253b4ef1a19526541f9ffc0c' -> (Import Result ID: 'd83ddd3ff65beef7ac4a5ac1c49a451d') in 0.001 seconds [static and dynamic dependencies]. Details - ImportResultOutputID=d153ae1442e1ff4227574b5ceb84bbe2 DependenciesID=6d3f6d8a69dcaff9b5d727a01827706c StaticDependenciesID=1c4e55390e2f82778d7fb6ab4552a6bd 
Importing 'GUID: 3fe892784421e47f5aa40c2784a6cb3e - Path: Packages/com.unity.multiplayer.center/Editor/MultiplayerCenterWindow/UI/Icons/DedicatedServer.png' with importer (TextureImporter)
Imported 'GUID: 3fe892784421e47f5aa40c2784a6cb3e' -> (Import Result ID: '17cd5058f48ec6ec9781485e64c5bb37') in 0.001 seconds [static and dynamic dependencies]. Details - ImportResultOutputID=e02c5e6d2340c3e51ff8617ccff8b96a DependenciesID=be118514bc6abaadcd9b49ea278b04ae StaticDependenciesID=c451cc413fada5c44719b466965e8ab7 
Importing 'GUID: 4f78a544322c742b89e63fb68557b1d2 - Path: Packages/com.unity.multiplayer.center/Editor/MultiplayerCenterWindow/UI/Icons/Check.png' with importer (TextureImporter)
Imported 'GUID: 4f78a544322c742b89e63fb68557b1d2' -> (Import Result ID: '791e842f2f79d65c3fde5bb4e28eb8eb') in 0.001 seconds [static and dynamic dependencies]. Details - ImportResultOutputID=11d21e8be6afe8eee1808544654c189c DependenciesID=39f606b38ff19176c5ac0efff8cfe41c StaticDependenciesID=546d1cfd225126a7ad54f1552948ff5b 
Importing 'GUID: 9c442dc870b456e48b615cd8add0e9ef - Path: Packages/com.unity.ugui/Editor Resources/Shaders/TMP_SDF Internal Editor.shader' with importer (ShaderImporter)
Imported 'GUID: 9c442dc870b456e48b615cd8add0e9ef' -> (Import Result ID: '6606a1a55ceaf62728649f7ab3a48a66') in 0.003 seconds [static and dynamic dependencies]. Details - ImportResultOutputID=fc4aaa225c134e1b9ede1086f8e2452e DependenciesID=ef854433e441cb0b0b4f41d04ee490f4 StaticDependenciesID=07d0d5dce8809f98da3ed5f6a6b3810e 
Worker ready: AssetImportWorkerHW0 0

Asset Pipeline Refresh (id=3cbe6926b297a41319cd11fa2e0cabae): Total: 2.448 seconds - Initiated by RefreshV2(NoUpdateAssetOptions)
	(Values over 0.05ms)
	Summary:
		Imports: total=66 (actual=66, local cache=0, cache server=0)
		Asset DB Process Time: managed=0 ms, native=67 ms
		Asset DB Callback time: managed=2 ms, native=2378 ms
		Scripting: domain reloads=0, domain reload time=0 ms, compile time=0 ms, other=0 ms
		Project Asset Count: scripts=209, non-scripts=124
		Asset File Changes: new=0, changed=0, moved=0, deleted=0
		Scan Filter Count: 1
	Scan: 19.790ms
	Collect global state as custom dependencies: 3.096ms
	CategorizeAssets: 0.638ms
	ImportOutOfDateAssets: 42.849ms (0.732ms without children)
		ImportManagerImport: 41.294ms (0.289ms without children)
			UpdateCategorizedAssets: 0.155ms
		UnloadImportedAssets: 0.322ms
		ReloadImportedAssets: 0.200ms
		ImportSchedulerStart: 0.477ms
	PostProcessAllAssets: 2379.943ms
		ShaderAssetModifiedCallback 2377.219ms
		ComputeShaderImportPostprocess 0.094ms
		MonoPostProcessAllAssets: 2.030ms
			AssetPostprocessor.OnPostprocessAllAssets 1.578ms
			TextAssetPostProcessor.OnPostprocessAllAssets 0.117ms
			AssetChangedListener.OnPostprocessAllAssets 0.113ms
	PostAssetChangesProfiler: 0.235ms
	Untracked: 0.778ms

Asset Pipeline Refresh (id=1105a13d7ece141cd8fcbd0684e484e8): Total: 0.029 seconds - Initiated by RefreshV2(NoUpdateAssetOptions)
[ScriptCompilation] Requested script compilation because: Switching to platform WebGLSupport:0
Importing 'GUID: 00000000000000004000000000000000 - Path: ProjectSettings/ProjectSettings.asset' with importer (LibraryAssetImporter)
Imported 'GUID: 00000000000000004000000000000000' -> (Import Result ID: '9cb26759192e952b04428a1e4f1cd84a') in 0.001 seconds [static dependencies only]. Details - ImportResultOutputID=276a810dac73e1f29404d5e5f692e214 DependenciesID=c3fd80267dc716a7297da584f8f46515 StaticDependenciesID=7163f11036292cf24de2385a32e9d7bd 
Asset Pipeline Refresh (id=5ab5e4c5eb1604ad1a75db33919c0906): Total: 0.005 seconds - Initiated by StopAssetImportingV2(NoUpdateAssetOptions)
info: Microsoft.AspNetCore.Hosting.Diagnostics[1]
      Request starting HTTP/2 POST http://ilpp/UnityILPP.PostProcessing/Ping - application/grpc -
info: Microsoft.AspNetCore.Routing.EndpointMiddleware[0]
      Executing endpoint 'gRPC - /UnityILPP.PostProcessing/Ping'
info: Microsoft.AspNetCore.Routing.EndpointMiddleware[1]
      Executed endpoint 'gRPC - /UnityILPP.PostProcessing/Ping'
info: Microsoft.AspNetCore.Hosting.Diagnostics[2]
      Request finished HTTP/2 POST http://ilpp/UnityILPP.PostProcessing/Ping - 200 - application/grpc 1.1629ms
Starting: /Applications/Unity/Hub/Editor/6000.5.6f1/Unity.app/Contents/Resources/BuildPipeline/bee_backend --ipc --defer-dag-verification --dagfile="Library/Bee/2000b0aESkipCompile.dag" --continue-on-failure --profile="Library/Bee/backend1.traceevents" ScriptAssembliesAndTypeDB
WorkingDir: /Users/greg/git/kawaii-game/MochiMeadows
ExitCode: 4 Duration: 0s16ms
[             ] Require frontend run.  Library/Bee/2000b0aESkipCompile.dag couldn't be loaded
Starting: /Applications/Unity/Hub/Editor/6000.5.6f1/Unity.app/Contents/Resources/Scripting/netcorerun/netcorerun "/Applications/Unity/Hub/Editor/6000.5.6f1/Unity.app/Contents/Resources/BuildPipeline/ScriptCompilationBuildProgram.exe" "Library/Bee/2000b0aESkipCompile.dag.json" "Library/Bee/2000b0aESkipCompile-inputdata.json" "Library/Bee/buildprogram0.traceevents"
WorkingDir: /Users/greg/git/kawaii-game/MochiMeadows
ExitCode: 0 Duration: 0s218ms
Starting: /Applications/Unity/Hub/Editor/6000.5.6f1/Unity.app/Contents/Resources/BuildPipeline/bee_backend --ipc --defer-dag-verification --dagfile="Library/Bee/2000b0aESkipCompile.dag" --continue-on-failure --dagfilejson="Library/Bee/2000b0aESkipCompile.dag.json" --profile="Library/Bee/backend2.traceevents" ScriptAssembliesAndTypeDB
WorkingDir: /Users/greg/git/kawaii-game/MochiMeadows
ExitCode: 0 Duration: 0s141ms
Finished compiling graph: 4 nodes, 5 flattened edges (5 ToBuild, 0 ToUse), maximum node priority 3
[2/3        0s] BuildPlayerDataGenerator Library/BuildPlayerData/Editor/TypeDb-All.json
*** Tundra build success (0.13 seconds), 1 items updated, 3 evaluated
Asset Pipeline Refresh (id=47b927d5fa06c4461a18dee0b73f3058): Total: 0.014 seconds - Initiated by RefreshV2(NoUpdateAssetOptions)
[ScriptCompilation] Requested script compilation because: Recompiling scripts for player build.
BuildPlayer: start building target 20
Total cache size 74232226
Total cache size after purge 74232226, took 00:00:00.0391277
info: Microsoft.AspNetCore.Hosting.Diagnostics[1]
      Request starting HTTP/2 POST http://ilpp/UnityILPP.PostProcessing/Ping - application/grpc -
info: Microsoft.AspNetCore.Routing.EndpointMiddleware[0]
      Executing endpoint 'gRPC - /UnityILPP.PostProcessing/Ping'
info: Microsoft.AspNetCore.Routing.EndpointMiddleware[1]
      Executed endpoint 'gRPC - /UnityILPP.PostProcessing/Ping'
info: Microsoft.AspNetCore.Hosting.Diagnostics[2]
      Request finished HTTP/2 POST http://ilpp/UnityILPP.PostProcessing/Ping - 200 - application/grpc 0.4604ms
Starting: /Applications/Unity/Hub/Editor/6000.5.6f1/Unity.app/Contents/Resources/BuildPipeline/bee_backend --ipc --defer-dag-verification --dagfile="Library/Bee/2000b0aP.dag" --continue-on-failure --profile="Library/Bee/backend1.traceevents" ScriptAssembliesAndTypeDB
WorkingDir: /Users/greg/git/kawaii-game/MochiMeadows
Starting: /Applications/Unity/Hub/Editor/6000.5.6f1/Unity.app/Contents/Resources/Scripting/netcorerun/netcorerun "/Applications/Unity/Hub/Editor/6000.5.6f1/Unity.app/Contents/Resources/BuildPipeline/ScriptCompilationBuildProgram.exe" "Library/Bee/2000b0aP.dag.json" "Library/Bee/2000b0aP-inputdata.json" "Library/Bee/buildprogram0.traceevents"
WorkingDir: /Users/greg/git/kawaii-game/MochiMeadows
ExitCode: 4 Duration: 0s112ms
[             ] Require frontend run.  Library/Bee/2000b0aP.dag couldn't be loaded
ExitCode: 0 Duration: 0s278ms
Starting: /Applications/Unity/Hub/Editor/6000.5.6f1/Unity.app/Contents/Resources/BuildPipeline/bee_backend --ipc --defer-dag-verification --dagfile="Library/Bee/2000b0aP.dag" --continue-on-failure --dagfilejson="Library/Bee/2000b0aP.dag.json" --profile="Library/Bee/backend2.traceevents" ScriptAssembliesAndTypeDB
WorkingDir: /Users/greg/git/kawaii-game/MochiMeadows
Assets/Scripts/Runtime/Ui/UiController.cs(63,14): warning CS0414: The field 'UiController.joystickActive' is assigned but its value is never used
Assets/Scripts/Runtime/Inputs/InputService.cs(22,21): warning UAC1001: Field 'HotbarPressed' type 'int?' is skipped by serialization (missing the [Serializable] attribute). Refer to the Serialization rules analyzer reference. (https://docs.unity3d.com/6000.5/Documentation/Manual/script-serialization-analyzer.html#uac1001)
Assets/Scripts/Runtime/Inputs/InputService.cs(23,21): warning UAC1001: Field 'TapTileX' type 'int?' is skipped by serialization (missing the [Serializable] attribute). Refer to the Serialization rules analyzer reference. (https://docs.unity3d.com/6000.5/Documentation/Manual/script-serialization-analyzer.html#uac1001)
Assets/Scripts/Runtime/Inputs/InputService.cs(23,31): warning UAC1001: Field 'TapTileY' type 'int?' is skipped by serialization (missing the [Serializable] attribute). Refer to the Serialization rules analyzer reference. (https://docs.unity3d.com/6000.5/Documentation/Manual/script-serialization-analyzer.html#uac1001)
Total cache size 74232226
Total cache size after purge 74232226, took 00:00:00.0186711
ExitCode: 0 Duration: 1s354ms
Finished compiling graph: 126 nodes, 713 flattened edges (669 ToBuild, 10 ToUse), maximum node priority 56
[  1/125    0s] MovedFromExtractor Library/Bee/artifacts/mvdfrm/UnityEngine.AIModule.dll_B4A4A5D3F5BEA1C7.mvfrm
[  2/125    0s] MovedFromExtractor Library/Bee/artifacts/mvdfrm/UnityEngine.AccessibilityModule.dll_F18E919435DA2B43.mvfrm
[  3/125    0s] MovedFromExtractor Library/Bee/artifacts/mvdfrm/UnityEngine.CrashReportingModule.dll_A0225AC9FF86D956.mvfrm
[  4/125    0s] MovedFromExtractor Library/Bee/artifacts/mvdfrm/UnityEngine.DSPGraphModule.dll_2134FC99C79B69BC.mvfrm
[  5/125    0s] WriteText Library/Bee/artifacts/2000b0aP.dag/UnityEngine.UI.rsp2
[  6/125    0s] WriteText Library/Bee/artifacts/2000b0aP.dag/UnityEngine.UI.UnityAdditionalFile.txt
[  7/125    0s] MovedFromExtractor Library/Bee/artifacts/mvdfrm/UnityEngine.AdaptivePerformanceModule.dll_65538F8612A8712F.mvfrm
[  8/125    0s] MovedFromExtractor Library/Bee/artifacts/mvdfrm/UnityEngine.AndroidJNIModule.dll_E5DB3955007F4B05.mvfrm
[  9/125    0s] MovedFromExtractor Library/Bee/artifacts/mvdfrm/UnityEngine.GameCenterModule.dll_1028836FC6C03BF6.mvfrm
[ 10/125    0s] MovedFromExtractor Library/Bee/artifacts/mvdfrm/UnityEngine.AnimationModule.dll_C000AE3BE3EA0129.mvfrm
[ 11/125    0s] MovedFromExtractor Library/Bee/artifacts/mvdfrm/UnityEngine.TLSModule.dll_6BFB8B8D3F88E1E0.mvfrm
[ 12/125    0s] MovedFromExtractor Library/Bee/artifacts/mvdfrm/UnityEngine.AudioModule.dll_56CB387629656FDB.mvfrm
[ 13/125    0s] MovedFromExtractor Library/Bee/artifacts/mvdfrm/UnityEngine.ContentLoadModule.dll_F84EDB868A696F64.mvfrm
[ 14/125    0s] MovedFromExtractor Library/Bee/artifacts/mvdfrm/UnityEngine.GIModule.dll_4CE0EEE1916D89E1.mvfrm
[ 15/125    0s] MovedFromExtractor Library/Bee/artifacts/mvdfrm/UnityEngine.DirectorModule.dll_1BE39B30553A989B.mvfrm
[ 16/125    0s] MovedFromExtractor Library/Bee/artifacts/mvdfrm/UnityEngine.CoreModule.dll_A6F5E22389EC7AFE.mvfrm
[ 17/125    0s] MovedFromExtractor Library/Bee/artifacts/mvdfrm/UnityEngine.AssetBundleModule.dll_5F388245BBE6C777.mvfrm
[ 18/125    0s] MovedFromExtractor Library/Bee/artifacts/mvdfrm/UnityEngine.ClothModule.dll_BDB3957103824EBF.mvfrm
[ 19/125    0s] MovedFromExtractor Library/Bee/artifacts/mvdfrm/UnityEngine.GraphicsStateCollectionSerializerModule.dll_0CC9F96D9BAE692B.mvfrm
[ 20/125    0s] MovedFromExtractor Library/Bee/artifacts/mvdfrm/UnityEngine.VideoModule.dll_7BD4BCE0EBF78B80.mvfrm
[ 21/125    0s] MovedFromExtractor Library/Bee/artifacts/mvdfrm/UnityEngine.WindModule.dll_1D44BD4C1B22F967.mvfrm
[ 22/125    0s] MovedFromExtractor Library/Bee/artifacts/mvdfrm/UnityEngine.dll_5DAFDF5AF621FE37.mvfrm
[ 23/125    0s] MovedFromExtractor Library/Bee/artifacts/mvdfrm/UnityEngine.XRModule.dll_35A92D8B7CFA7A49.mvfrm
[ 24/125    0s] MovedFromExtractor Library/Bee/artifacts/mvdfrm/UnityEngine.GridModule.dll_8466FE11A24110F5.mvfrm
[ 25/125    0s] MovedFromExtractor Library/Bee/artifacts/mvdfrm/UnityEngine.WebGLModule.dll_F637AD851B3B819E.mvfrm
[ 26/125    0s] MovedFromExtractor Library/Bee/artifacts/mvdfrm/UnityEngine.VFXModule.dll_ECDA23FC15F64B4D.mvfrm
[ 27/125    0s] MovedFromExtractor Library/Bee/artifacts/mvdfrm/UnityEngine.VectorGraphicsModule.dll_8A7BDA4AFF9EDB2D.mvfrm
[ 28/125    0s] MovedFromExtractor Library/Bee/artifacts/mvdfrm/UnityEngine.UnityWebRequestWWWModule.dll_CA6A0DB37D3A8C46.mvfrm
[ 29/125    0s] MovedFromExtractor Library/Bee/artifacts/mvdfrm/UnityEngine.VehiclesModule.dll_93A694AFCF646836.mvfrm
[ 30/125    0s] MovedFromExtractor Library/Bee/artifacts/mvdfrm/UnityEngine.UnityWebRequestModule.dll_2B97421BE18C4B55.mvfrm
[ 31/125    0s] MovedFromExtractor Library/Bee/artifacts/mvdfrm/UnityEngine.UnityWebRequestTextureModule.dll_AD4ACDF23E207ACA.mvfrm
[ 32/125    0s] MovedFromExtractor Library/Bee/artifacts/mvdfrm/UnityEngine.UnityCurlModule.dll_F31D4F6D53FDF316.mvfrm
[ 33/125    0s] MovedFromExtractor Library/Bee/artifacts/mvdfrm/UnityEngine.UnityWebRequestAssetBundleModule.dll_5B33B21CE58801B1.mvfrm
[ 34/125    0s] MovedFromExtractor Library/Bee/artifacts/mvdfrm/UnityEngine.UnityWebRequestAudioModule.dll_C91C5F117DCD5855.mvfrm
[ 35/125    0s] MovedFromExtractor Library/Bee/artifacts/mvdfrm/UnityEngine.UnityConsentModule.dll_4821083489AB3F04.mvfrm
[ 36/125    0s] MovedFromExtractor Library/Bee/artifacts/mvdfrm/UnityEngine.UnityConnectModule.dll_767B71087CA0A8B4.mvfrm
[ 37/125    0s] MovedFromExtractor Library/Bee/artifacts/mvdfrm/UnityEngine.UnityAnalyticsModule.dll_12D414E019BFB6E0.mvfrm
[ 38/125    0s] MovedFromExtractor Library/Bee/artifacts/mvdfrm/UnityEngine.TextCoreTextEngineModule.dll_FFA7C8578D7ACFDA.mvfrm
[ 39/125    0s] MovedFromExtractor Library/Bee/artifacts/mvdfrm/UnityEngine.UIElementsModule.dll_6840BDC9B9A3F57A.mvfrm
[ 40/125    0s] MovedFromExtractor Library/Bee/artifacts/mvdfrm/UnityEngine.TilemapModule.dll_F0AD6B4DC8279E03.mvfrm
[ 41/125    0s] MovedFromExtractor Library/Bee/artifacts/mvdfrm/UnityEngine.U2DRuntimeModule.dll_34DEAD2886D32F90.mvfrm
[ 42/125    0s] MovedFromExtractor Library/Bee/artifacts/mvdfrm/UnityEngine.UnityAnalyticsCommonModule.dll_EC5EC877114B2C1B.mvfrm
[ 43/125    0s] MovedFromExtractor Library/Bee/artifacts/mvdfrm/UnityEngine.UIModule.dll_B01844015205A773.mvfrm
[ 44/125    0s] MovedFromExtractor Library/Bee/artifacts/mvdfrm/UnityEngine.UmbraModule.dll_D19FE48EB68C1B4E.mvfrm
[ 45/125    0s] MovedFromExtractor Library/Bee/artifacts/mvdfrm/UnityEngine.TerrainPhysicsModule.dll_F3AF4CE986DB5F71.mvfrm
[ 46/125    0s] MovedFromExtractor Library/Bee/artifacts/mvdfrm/UnityEngine.TextCoreFontEngineModule.dll_B7BF91E5FDF716BC.mvfrm
[ 47/125    0s] MovedFromExtractor Library/Bee/artifacts/mvdfrm/UnityEngine.TextRenderingModule.dll_94CD3A6000B93824.mvfrm
[ 48/125    0s] MovedFromExtractor Library/Bee/artifacts/mvdfrm/Unity.Scripting.dll_6F389E108FF13B7E.mvfrm
[ 49/125    0s] MovedFromExtractor Library/Bee/artifacts/mvdfrm/UnityEngine.SubsystemsModule.dll_64025C61B677B983.mvfrm
[ 50/125    0s] MovedFromExtractor Library/Bee/artifacts/mvdfrm/UnityEngine.TerrainModule.dll_51B103CCB06ABCFA.mvfrm
[ 51/125    0s] MovedFromExtractor Library/Bee/artifacts/mvdfrm/UnityEngine.SubstanceModule.dll_5140AFD57EC4B675.mvfrm
[ 52/125    0s] MovedFromExtractor Library/Bee/artifacts/mvdfrm/UnityEngine.SharedInternalsModule.dll_9E0979474DC5AC26.mvfrm
[ 53/125    0s] MovedFromExtractor Library/Bee/artifacts/mvdfrm/UnityEngine.ScreenCaptureModule.dll_6B8DC8554981B82F.mvfrm
[ 54/125    0s] MovedFromExtractor Library/Bee/artifacts/mvdfrm/UnityEngine.SpriteMaskModule.dll_F954F5FFE82FD170.mvfrm
[ 55/125    0s] MovedFromExtractor Library/Bee/artifacts/mvdfrm/UnityEngine.StreamingModule.dll_74959B8C3371B867.mvfrm
[ 56/125    0s] MovedFromExtractor Library/Bee/artifacts/mvdfrm/UnityEngine.SpriteShapeModule.dll_7899AFA07188FF81.mvfrm
[ 57/125    0s] MovedFromExtractor Library/Bee/artifacts/mvdfrm/UnityEngine.ShaderVariantAnalyticsModule.dll_6E04EBA2E9ECB645.mvfrm
[ 58/125    0s] MovedFromExtractor Library/Bee/artifacts/mvdfrm/UnityEngine.ScriptingModule.dll_D72207026371AFDC.mvfrm
[ 59/125    0s] MovedFromExtractor Library/Bee/artifacts/mvdfrm/UnityEngine.PropertiesModule.dll_3D63C2AE39ABA032.mvfrm
[ 60/125    0s] MovedFromExtractor Library/Bee/artifacts/mvdfrm/UnityEngine.RuntimeInitializeOnLoadManagerInitializerModule.dll_BDD70A843812E587.mvfrm
[ 61/125    0s] MovedFromExtractor Library/Bee/artifacts/mvdfrm/UnityEngine.RenderAs2DModule.dll_7E9B85341905EA69.mvfrm
[ 62/125    0s] MovedFromExtractor Library/Bee/artifacts/mvdfrm/UnityEngine.PhysicsModule.dll_376A885DDAAC740C.mvfrm
[ 63/125    0s] MovedFromExtractor Library/Bee/artifacts/mvdfrm/UnityEngine.PhysicsBackendPhysXModule.dll_3F677712F564B3EE.mvfrm
[ 64/125    0s] MovedFromExtractor Library/Bee/artifacts/mvdfrm/UnityEngine.PhysicsCore2DModule.dll_DF52693F947F202D.mvfrm
[ 65/125    0s] MovedFromExtractor Library/Bee/artifacts/mvdfrm/UnityEngine.Physics2DModule.dll_0CA69E2C84E6F8BE.mvfrm
[ 66/125    0s] WriteText Library/Bee/artifacts/2000b0aP.dag/UnityEngine.UI.dll.mvfrm.rsp
[ 67/125    0s] WriteText Library/Bee/artifacts/2000b0aP.dag/UnityEngine.UI.rsp
[ 68/125    0s] WriteText Library/Bee/artifacts/2000b0aP.dag/Unity.InternalAPIEngineBridge.004.UnityAdditionalFile.txt
[ 69/125    0s] WriteText Library/Bee/artifacts/2000b0aP.dag/Unity.InternalAPIEngineBridge.004.rsp2
[ 70/125    0s] WriteText Library/Bee/artifacts/2000b0aP.dag/Unity.InternalAPIEngineBridge.004.dll.mvfrm.rsp
[ 71/125    0s] WriteText Library/Bee/artifacts/2000b0aP.dag/Unity.InternalAPIEngineBridge.004.rsp
[ 72/125    0s] WriteText Library/Bee/artifacts/2000b0aP.dag/Unity.Multiplayer.Center.Common.UnityAdditionalFile.txt
[ 73/125    0s] WriteText Library/Bee/artifacts/2000b0aP.dag/Unity.Multiplayer.Center.Common.rsp2
[ 74/125    0s] WriteText Library/Bee/artifacts/2000b0aP.dag/Unity.TextMeshPro.UnityAdditionalFile.txt
[ 75/125    0s] WriteText Library/Bee/artifacts/2000b0aP.dag/Unity.TextMeshPro.rsp2
[ 76/125    0s] WriteText Library/Bee/artifacts/2000b0aP.dag/Unity.Multiplayer.Center.Common.dll.mvfrm.rsp
[ 77/125    0s] WriteText Library/Bee/artifacts/2000b0aP.dag/Unity.TextMeshPro.dll.mvfrm.rsp
[ 78/125    0s] WriteText Library/Bee/artifacts/2000b0aP.dag/Unity.Multiplayer.Center.Common.rsp
[ 79/125    0s] WriteText Library/Bee/artifacts/2000b0aP.dag/Unity.TextMeshPro.rsp
[ 80/125    0s] WriteText Library/Bee/artifacts/2000b0aP.dag/Assembly-CSharp.UnityAdditionalFile.txt
[ 81/125    0s] WriteText Library/Bee/artifacts/2000b0aP.dag/Assembly-CSharp.rsp2
[ 82/125    0s] WriteText Library/Bee/artifacts/2000b0aP.dag/Assembly-CSharp.dll.mvfrm.rsp
[ 83/125    0s] WriteText Library/Bee/artifacts/2000b0aP.dag/Assembly-CSharp.rsp
[ 84/125    0s] MovedFromExtractor Library/Bee/artifacts/mvdfrm/UnityEngine.ParticleSystemModule.dll_F334A4166D9864E4.mvfrm
[ 85/125    0s] MovedFromExtractor Library/Bee/artifacts/mvdfrm/UnityEngine.MathematicsModule.dll_844D301F305EBEAB.mvfrm
[ 86/125    0s] MovedFromExtractor Library/Bee/artifacts/mvdfrm/UnityEngine.PerformanceReportingModule.dll_51200B32F7628DBD.mvfrm
[ 87/125    0s] MovedFromExtractor Library/Bee/artifacts/mvdfrm/UnityEngine.MarshallingModule.dll_07A120DAA00EF4C9.mvfrm
[ 88/125    0s] MovedFromExtractor Library/Bee/artifacts/mvdfrm/UnityEngine.LocalizationModule.dll_47052C61CB1C6DC8.mvfrm
[ 89/125    0s] MovedFromExtractor Library/Bee/artifacts/mvdfrm/UnityEngine.MultiplayerModule.dll_DEE09ED274AE54EF.mvfrm
[ 90/125    0s] MovedFromExtractor Library/Bee/artifacts/mvdfrm/UnityEngine.JSONSerializeModule.dll_51A61AD035158BCD.mvfrm
[ 91/125    0s] MovedFromExtractor Library/Bee/artifacts/mvdfrm/UnityEngine.InputModule.dll_BD4100269F9D947F.mvfrm
[ 92/125    0s] MovedFromExtractor Library/Bee/artifacts/mvdfrm/UnityEngine.IdentifiersModule.dll_37C20A3B7E5F958F.mvfrm
[ 93/125    0s] MovedFromExtractor Library/Bee/artifacts/mvdfrm/UnityEngine.ImageConversionModule.dll_19F83A71D697B0D6.mvfrm
[ 94/125    0s] MovedFromExtractor Library/Bee/artifacts/mvdfrm/UnityEngine.InputForUIModule.dll_12DADD8926E0D8B2.mvfrm
[ 95/125    0s] MovedFromExtractor Library/Bee/artifacts/mvdfrm/UnityEngine.InputLegacyModule.dll_F07D9D6453D87D68.mvfrm
[ 96/125    0s] MovedFromExtractor Library/Bee/artifacts/mvdfrm/UnityEngine.HotReloadModule.dll_41496C41BF1D1CAB.mvfrm
[ 97/125    0s] MovedFromExtractor Library/Bee/artifacts/mvdfrm/UnityEngine.IMGUIModule.dll_8F2AD7DCEF9703BC.mvfrm
[ 98/125    0s] MovedFromExtractor Library/Bee/artifacts/mvdfrm/UnityEngine.HierarchyCoreModule.dll_68A92E6EA4878439.mvfrm
[ 99/125    0s] MovedFromExtractor-Combine Library/Bee/artifacts/2000b0aP.dag/UnityEngine.UI.dll.mvfrm
[ 99/125    0s] Csc Library/Bee/artifacts/2000b0aP.dag/UnityEngine.UI.dll (+2 others) [CacheHit 8d695b94e78acc6d202e76aaff22565300000000000000000000000000000006]
[100/125    0s] Csc Library/Bee/artifacts/2000b0aP.dag/UnityEngine.UI.dll (+2 others)
[102/125    0s] CopyFiles Library/Bee/PlayerScriptAssemblies/UnityEngine.UI.pdb
[103/125    0s] CopyFiles Library/Bee/PlayerScriptAssemblies/UnityEngine.UI.dll
[104/125    0s] MovedFromExtractor Library/Bee/artifacts/mvdfrm/UnityEngine.UI.ref.dll_6C1073D56147DE5F.mvfrm
[105/125    0s] MovedFromExtractor-Combine Library/Bee/artifacts/2000b0aP.dag/Unity.Multiplayer.Center.Common.dll.mvfrm
[106/125    0s] MovedFromExtractor-Combine Library/Bee/artifacts/2000b0aP.dag/Unity.InternalAPIEngineBridge.004.dll.mvfrm
[105/125    0s] Csc Library/Bee/artifacts/2000b0aP.dag/Unity.Multiplayer.Center.Common.dll (+2 others) [CacheHit e3d9be0132ee468f29a02a45a360d00900000000000000000000000000000006]
[107/125    0s] Csc Library/Bee/artifacts/2000b0aP.dag/Unity.Multiplayer.Center.Common.dll (+2 others)
[106/125    0s] Csc Library/Bee/artifacts/2000b0aP.dag/Unity.InternalAPIEngineBridge.004.dll (+2 others) [CacheHit 2c560e27da9e5fff3e41d2b6cb001e1700000000000000000000000000000006]
[109/125    0s] Csc Library/Bee/artifacts/2000b0aP.dag/Unity.InternalAPIEngineBridge.004.dll (+2 others)
[111/125    0s] CopyFiles Library/Bee/PlayerScriptAssemblies/Unity.Multiplayer.Center.Common.dll
[112/125    0s] CopyFiles Library/Bee/PlayerScriptAssemblies/Unity.Multiplayer.Center.Common.pdb
[113/125    0s] CopyFiles Library/Bee/PlayerScriptAssemblies/Unity.InternalAPIEngineBridge.004.pdb
[114/125    0s] CopyFiles Library/Bee/PlayerScriptAssemblies/Unity.InternalAPIEngineBridge.004.dll
[115/125    0s] MovedFromExtractor Library/Bee/artifacts/mvdfrm/Unity.Multiplayer.Center.Common.ref.dll_6F28684007C9F759.mvfrm
[116/125    0s] MovedFromExtractor Library/Bee/artifacts/mvdfrm/Unity.InternalAPIEngineBridge.004.ref.dll_10C6EBFC3FFE6ED7.mvfrm
[117/125    0s] MovedFromExtractor-Combine Library/Bee/artifacts/2000b0aP.dag/Unity.TextMeshPro.dll.mvfrm
[114/125    0s] Csc Library/Bee/artifacts/2000b0aP.dag/Unity.TextMeshPro.dll (+2 others) [CacheHit 63618102624cb25a4bbed51be2c7329c00000000000000000000000000000006]
[118/125    0s] Csc Library/Bee/artifacts/2000b0aP.dag/Unity.TextMeshPro.dll (+2 others)
[120/125    0s] CopyFiles Library/Bee/PlayerScriptAssemblies/Unity.TextMeshPro.pdb
[121/125    0s] CopyFiles Library/Bee/PlayerScriptAssemblies/Unity.TextMeshPro.dll
[122/125    0s] MovedFromExtractor Library/Bee/artifacts/mvdfrm/Unity.TextMeshPro.ref.dll_62E30C949C33F28C.mvfrm
[123/125    0s] MovedFromExtractor-Combine Library/Bee/artifacts/2000b0aP.dag/Assembly-CSharp.dll.mvfrm
[124/125    0s] Csc Library/Bee/artifacts/2000b0aP.dag/Assembly-CSharp.dll (+2 others)
Assets/Scripts/Runtime/Ui/UiController.cs(63,14): warning CS0414: The field 'UiController.joystickActive' is assigned but its value is never used
Assets/Scripts/Runtime/Inputs/InputService.cs(22,21): warning UAC1001: Field 'HotbarPressed' type 'int?' is skipped by serialization (missing the [Serializable] attribute). Refer to the Serialization rules analyzer reference. (https://docs.unity3d.com/6000.5/Documentation/Manual/script-serialization-analyzer.html#uac1001)
Assets/Scripts/Runtime/Inputs/InputService.cs(23,21): warning UAC1001: Field 'TapTileX' type 'int?' is skipped by serialization (missing the [Serializable] attribute). Refer to the Serialization rules analyzer reference. (https://docs.unity3d.com/6000.5/Documentation/Manual/script-serialization-analyzer.html#uac1001)
Assets/Scripts/Runtime/Inputs/InputService.cs(23,31): warning UAC1001: Field 'TapTileY' type 'int?' is skipped by serialization (missing the [Serializable] attribute). Refer to the Serialization rules analyzer reference. (https://docs.unity3d.com/6000.5/Documentation/Manual/script-serialization-analyzer.html#uac1001)
[125/125    0s] CopyFiles Library/Bee/PlayerScriptAssemblies/Assembly-CSharp.pdb
[126/125    0s] CopyFiles Library/Bee/PlayerScriptAssemblies/Assembly-CSharp.dll
[128/125    0s] BuildPlayerDataGenerator Library/BuildPlayerData/Player/RuntimeInitializeOnLoads.json (+1 other)
*** Tundra build success (1.24 seconds), 119 items updated, 125 evaluated


Mono dependencies included in the build
Dependency assembly - System.Runtime.Serialization.Xml.dll
Dependency assembly - System.ComponentModel.Composition.dll
Dependency assembly - System.IO.FileSystem.Primitives.dll
Dependency assembly - System.Diagnostics.Contracts.dll
Dependency assembly - System.Security.Claims.dll
Dependency assembly - System.ServiceModel.dll
Dependency assembly - System.Diagnostics.Tools.dll
Dependency assembly - System.Drawing.Design.dll
Dependency assembly - System.Net.Cache.dll
Dependency assembly - Accessibility.dll
Dependency assembly - System.Reflection.Primitives.dll
Dependency assembly - Unity.InternalAPIEngineBridge.004.dll
Dependency assembly - Mono.Data.Sqlite.dll
Dependency assembly - System.ServiceModel.Security.dll
Dependency assembly - System.Data.OracleClient.dll
Dependency assembly - System.Web.RegularExpressions.dll
Dependency assembly - System.Windows.dll
Dependency assembly - System.Collections.Concurrent.dll
Dependency assembly - System.ServiceModel.Http.dll
Dependency assembly - System.Diagnostics.TraceEvent.dll
Dependency assembly - System.Security.Cryptography.Hashing.dll
Dependency assembly - System.Threading.Tasks.dll
Dependency assembly - System.Xml.dll
Dependency assembly - System.Security.Cryptography.RSA.dll
Dependency assembly - System.Runtime.Remoting.dll
Dependency assembly - Microsoft.Extensions.Logging.Abstractions.dll
Dependency assembly - System.Security.Principal.Windows.dll
Dependency assembly - System.Collections.Specialized.dll
Dependency assembly - System.Buffers.dll
Dependency assembly - System.Diagnostics.Tracing.dll
Dependency assembly - Microsoft.Bcl.AsyncInterfaces.dll
Dependency assembly - System.Security.Cryptography.DeriveBytes.dll
Dependency assembly - System.Linq.Queryable.dll
Dependency assembly - System.Text.Json.dll
Dependency assembly - System.Data.Services.Client.dll
Dependency assembly - System.Reflection.Context.dll
Dependency assembly - System.ServiceModel.Discovery.dll
Dependency assembly - System.Reflection.dll
Dependency assembly - System.Reflection.Extensions.dll
Dependency assembly - System.Security.Cryptography.X509Certificates.dll
Dependency assembly - System.Xml.Serialization.dll
Dependency assembly - System.Security.Cryptography.Pkcs.dll
Dependency assembly - System.Runtime.CompilerServices.VisualC.dll
Dependency assembly - Assembly-CSharp.dll
Dependency assembly - System.EnterpriseServices.dll
Dependency assembly - System.Security.Cryptography.Encoding.dll
Dependency assembly - System.IO.FileSystem.DriveInfo.dll
Dependency assembly - System.ServiceModel.Internals.dll
Dependency assembly - System.Net.ServicePoint.dll
Dependency assembly - System.Collections.dll
Dependency assembly - System.Diagnostics.StackTrace.dll
Dependency assembly - System.Messaging.dll
Dependency assembly - System.Threading.dll
Dependency assembly - System.Data.Services.dll
Dependency assembly - System.Transactions.dll
Dependency assembly - System.Security.Cryptography.Encryption.dll
Dependency assembly - System.DirectoryServices.dll
Dependency assembly - System.ServiceModel.Routing.dll
Dependency assembly - System.Security.Principal.dll
Dependency assembly - System.ServiceModel.Web.dll
Dependency assembly - System.Net.WebSockets.Client.dll
Dependency assembly - System.Runtime.Handles.dll
Dependency assembly - System.DirectoryServices.Protocols.dll
Dependency assembly - System.Runtime.Serialization.dll
Dependency assembly - System.Json.dll
Dependency assembly - System.Runtime.DurableInstancing.dll
Dependency assembly - System.Core.dll
Dependency assembly - System.IO.UnmanagedMemoryStream.dll
Dependency assembly - System.Xml.XmlSerializer.dll
Dependency assembly - System.ValueTuple.dll
Dependency assembly - System.ComponentModel.Primitives.dll
Dependency assembly - System.Linq.dll
Dependency assembly - System.Security.Cryptography.ProtectedData.dll
Dependency assembly - System.Runtime.InteropServices.RuntimeInformation.dll
Dependency assembly - System.Text.Encoding.dll
Dependency assembly - Microsoft.Extensions.DependencyInjection.Abstractions.dll
Dependency assembly - System.Xml.XPath.XmlDocument.dll
Dependency assembly - System.Diagnostics.TextWriterTraceListener.dll
Dependency assembly - System.Diagnostics.Debug.dll
Dependency assembly - System.Runtime.Caching.dll
Dependency assembly - I18N.Other.dll
Dependency assembly - System.Runtime.Serialization.Json.dll
Dependency assembly - System.Data.dll
Dependency assembly - System.Text.Encoding.CodePages.dll
Dependency assembly - System.Xml.XPath.dll
Dependency assembly - System.ServiceModel.Activation.dll
Dependency assembly - System.Web.Services.dll
Dependency assembly - System.Globalization.dll
Dependency assembly - System.Net.dll
Dependency assembly - System.ServiceModel.NetTcp.dll
Dependency assembly - System.IO.IsolatedStorage.dll
Dependency assembly - System.Security.Cryptography.Encryption.Aes.dll
Dependency assembly - System.ComponentModel.Annotations.dll
Dependency assembly - System.IO.Hashing.dll
Dependency assembly - System.Security.Cryptography.Primitives.dll
Dependency assembly - System.Threading.Overlapped.dll
Dependency assembly - System.IO.dll
Dependency assembly - System.Reflection.Emit.dll
Dependency assembly - mscorlib.dll
Dependency assembly - System.IdentityModel.Selectors.dll
Dependency assembly - System.Threading.Thread.dll
Dependency assembly - System.Xml.Xsl.Primitives.dll
Dependency assembly - System.ComponentModel.EventBasedAsync.dll
Dependency assembly - System.Net.Http.WebRequest.dll
Dependency assembly - System.Numerics.Vectors.dll
Dependency assembly - System.Runtime.Loader.dll
Dependency assembly - System.Text.RegularExpressions.dll
Dependency assembly - System.Web.dll
Dependency assembly - System.ComponentModel.DataAnnotations.dll
Dependency assembly - System.Data.SqlClient.dll
Dependency assembly - System.Diagnostics.FileVersionInfo.dll
Dependency assembly - System.Runtime.Extensions.dll
Dependency assembly - Mono.Security.dll
Dependency assembly - System.Web.Extensions.dll
Dependency assembly - System.Configuration.dll
Dependency assembly - System.Windows.Forms.DataVisualization.dll
Dependency assembly - System.Linq.Expressions.dll
Dependency assembly - System.Memory.dll
Dependency assembly - System.Reflection.Emit.Lightweight.dll
Dependency assembly - System.Windows.Forms.dll
Dependency assembly - System.Security.Cryptography.OpenSsl.dll
Dependency assembly - System.Diagnostics.Process.dll
Dependency assembly - I18N.MidEast.dll
Dependency assembly - System.ServiceModel.Primitives.dll
Dependency assembly - Unity.Multiplayer.Center.Common.dll
Dependency assembly - System.IO.MemoryMappedFiles.dll
Dependency assembly - System.Globalization.Calendars.dll
Dependency assembly - System.Net.AuthenticationManager.dll
Dependency assembly - I18N.dll
Dependency assembly - System.Collections.Immutable.dll
Dependency assembly - System.Data.DataSetExtensions.dll
Dependency assembly - System.Security.Cryptography.Encryption.ECDiffieHellman.dll
Dependency assembly - System.ComponentModel.TypeConverter.dll
Dependency assembly - System.Runtime.CompilerServices.Unsafe.dll
Dependency assembly - System.ServiceModel.Duplex.dll
Dependency assembly - System.Xaml.dll
Dependency assembly - System.Threading.Timer.dll
Dependency assembly - UnityEngine.UI.dll
Dependency assembly - System.Drawing.dll
Dependency assembly - System.IO.Compression.dll
Dependency assembly - System.Net.HttpListener.dll
Dependency assembly - System.Design.dll
Dependency assembly - Microsoft.Win32.Primitives.dll
Dependency assembly - System.Net.Requests.dll
Dependency assembly - System.Runtime.Serialization.Formatters.dll
Dependency assembly - System.Net.Mail.dll
Dependency assembly - System.AppContext.dll
Dependency assembly - System.IO.FileSystem.AccessControl.dll
Dependency assembly - System.Resources.ReaderWriter.dll
Dependency assembly - System.Threading.ThreadPool.dll
Dependency assembly - System.Web.ApplicationServices.dll
Dependency assembly - System.Resources.ResourceManager.dll
Dependency assembly - System.IO.Compression.ZipFile.dll
Dependency assembly - System.Runtime.Serialization.Primitives.dll
Dependency assembly - System.Text.Encoding.Extensions.dll
Dependency assembly - Microsoft.Win32.Registry.AccessControl.dll
Dependency assembly - System.Security.dll
Dependency assembly - System.Diagnostics.TraceSource.dll
Dependency assembly - System.Security.Cryptography.Algorithms.dll
Dependency assembly - System.Xml.Linq.dll
Dependency assembly - Unity.TextMeshPro.dll
Dependency assembly - System.Data.Linq.dll
Dependency assembly - System.Security.Cryptography.Cng.dll
Dependency assembly - I18N.CJK.dll
Dependency assembly - System.dll
Dependency assembly - System.Data.Common.dll
Dependency assembly - System.Security.Cryptography.Encryption.ECDsa.dll
Dependency assembly - Microsoft.Win32.Registry.dll
Dependency assembly - System.ServiceProcess.dll
Dependency assembly - System.Web.Extensions.Design.dll
Dependency assembly - System.Threading.Tasks.Parallel.dll
Dependency assembly - System.Runtime.Numerics.dll
Dependency assembly - System.Net.NetworkInformation.dll
Dependency assembly - System.Security.AccessControl.dll
Dependency assembly - System.Reflection.TypeExtensions.dll
Dependency assembly - System.Security.Cryptography.Csp.dll
Dependency assembly - System.IO.Compression.FileSystem.dll
Dependency assembly - System.Reflection.DispatchProxy.dll
Dependency assembly - System.Linq.Parallel.dll
Dependency assembly - System.Configuration.Install.dll
Dependency assembly - System.Net.Ping.dll
Dependency assembly - System.ObjectModel.dll
Dependency assembly - System.Net.Primitives.dll
Dependency assembly - System.Runtime.dll
Dependency assembly - System.Net.WebSockets.dll
Dependency assembly - System.Security.SecureString.dll
Dependency assembly - System.Xml.XPath.XDocument.dll
Dependency assembly - System.Net.Security.dll
Dependency assembly - System.Management.dll
Dependency assembly - System.Net.Http.dll
Dependency assembly - System.Security.Cryptography.Hashing.Algorithms.dll
Dependency assembly - System.IO.FileSystem.dll
Dependency assembly - System.Dynamic.Runtime.dll
Dependency assembly - System.Collections.NonGeneric.dll
Dependency assembly - System.Globalization.Extensions.dll
Dependency assembly - System.Resources.Writer.dll
Dependency assembly - System.Text.Encodings.Web.dll
Dependency assembly - netstandard.dll
Dependency assembly - System.Threading.Tasks.Extensions.dll
Dependency assembly - System.Resources.Reader.dll
Dependency assembly - System.Runtime.InteropServices.WindowsRuntime.dll
Dependency assembly - I18N.West.dll
Dependency assembly - Microsoft.CSharp.dll
Dependency assembly - Mono.Data.Tds.dll
Dependency assembly - System.Security.Cryptography.RandomNumberGenerator.dll
Dependency assembly - System.Web.DynamicData.dll
Dependency assembly - I18N.Rare.dll
Dependency assembly - System.Runtime.Serialization.Formatters.Soap.dll
Dependency assembly - System.Net.WebHeaderCollection.dll
Dependency assembly - System.IO.FileSystem.Watcher.dll
Dependency assembly - System.IO.Pipes.dll
Dependency assembly - System.Numerics.dll
Dependency assembly - System.Net.Sockets.dll
Dependency assembly - System.Data.Entity.dll
Dependency assembly - System.Runtime.InteropServices.dll
Dependency assembly - System.Xml.XmlDocument.dll
Dependency assembly - System.IdentityModel.dll
Dependency assembly - System.Net.Utilities.dll
Dependency assembly - System.Threading.AccessControl.dll
Dependency assembly - System.Net.NameResolution.dll
Dependency assembly - System.Reflection.Emit.ILGeneration.dll
Dependency assembly - System.Reflection.Metadata.dll
Dependency assembly - System.Console.dll
Dependency assembly - System.Xml.XDocument.dll
Dependency assembly - System.ServiceProcess.ServiceController.dll
Dependency assembly - System.Diagnostics.DiagnosticSource.dll
Dependency assembly - System.Xml.ReaderWriter.dll
Dependency assembly - System.ComponentModel.dll
Dependency assembly - System.Drawing.Primitives.dll

Opening scene 'Assets/Scenes/MochiMeadows.unity'
Unloading 1 Unused Serialized files (Serialized files now loaded: 0)
Loaded scene 'Assets/Scenes/MochiMeadows.unity'
	Deserialize:            0.602 ms
	Integration:            3.015 ms
	Integration of assets:  0.001 ms
	Thread Wait Time:       0.008 ms
	Total Operation Time:   3.626 ms
Unloading 27 unused Assets / (0.7 MB). Loaded Objects now: 1145.
Memory consumption went from 151.6 MB to 151.0 MB.
Total: 4.637583 ms (FindLiveObjects: 0.027959 ms CreateObjectMapping: 0.018292 ms MarkObjects: 4.356541 ms  DeleteObjects: 0.234583 ms)

Unloading 2 Unused Serialized files (Serialized files now loaded: 0)
Unloading 21 unused Assets / (0.7 MB). Loaded Objects now: 1149.
Memory consumption went from 152.0 MB to 151.4 MB.
Total: 4.312208 ms (FindLiveObjects: 0.024750 ms CreateObjectMapping: 0.018834 ms MarkObjects: 4.076708 ms  DeleteObjects: 0.191208 ms)

Unloading 0 Unused Serialized files (Serialized files now loaded: 0)
Unloading 0 unused Assets / (0 B). Loaded Objects now: 1149.
Memory consumption went from 151.4 MB to 151.4 MB.
Total: 3.916416 ms (FindLiveObjects: 0.032458 ms CreateObjectMapping: 0.018000 ms MarkObjects: 3.863000 ms  DeleteObjects: 0.002541 ms)

Unloading 1 Unused Serialized files (Serialized files now loaded: 0)
Unloading 180 unused Assets / (147.8 MB). Loaded Objects now: 1149.
Memory consumption went from 300.2 MB to 152.4 MB.
Total: 10.524208 ms (FindLiveObjects: 0.028083 ms CreateObjectMapping: 0.026792 ms MarkObjects: 4.038292 ms  DeleteObjects: 6.430958 ms)

Compiling shader "Skybox/Procedural"
  Pass "" (vp)
    Target graphics API: gles3
    Full variant space:         3
    After settings filtering:   3
    After built-in stripping:   3
    After scriptable stripping: 3
    Processed in 0.00 seconds
  Pass  (vp, gles3) finished in 0.06 seconds. Local cache hits 0 (0.00s CPU time), remote cache hits 0 (0.00s CPU time), compiled 3 variants (0.16s CPU time), skipped 0 variants.
    Prepared data for serialisation in 0.00s
Serialized binary data for shader Skybox/Procedural in 0.00s
    gles3 (total internal programs: 3, unique: 3)
Compiling shader "Legacy Shaders/VertexLit"
  Pass "" (vp)
    Target graphics API: gles3
    Full variant space:         12
    After settings filtering:   12
    After built-in stripping:   3
    After scriptable stripping: 3
    Processed in 0.00 seconds
  Pass "" (vp)
    Target graphics API: gles3
    Full variant space:         4
    After settings filtering:   4
    After built-in stripping:   1
    After scriptable stripping: 1
    Processed in 0.00 seconds
  Pass "ShadowCaster" (vp)
    Target graphics API: gles3
    Full variant space:         4
    After settings filtering:   4
    After built-in stripping:   2
    After scriptable stripping: 2
    Processed in 0.00 seconds
Launching external process: /Applications/Unity/Hub/Editor/6000.5.6f1/Unity.app/Contents/Helpers/UnityShaderCompiler
Launched and connected shader compiler UnityShaderCompiler after 0.02 seconds
Launching external process: /Applications/Unity/Hub/Editor/6000.5.6f1/Unity.app/Contents/Helpers/UnityShaderCompiler
Launched and connected shader compiler UnityShaderCompiler after 0.02 seconds
Launching external process: /Applications/Unity/Hub/Editor/6000.5.6f1/Unity.app/Contents/Helpers/UnityShaderCompiler
Launched and connected shader compiler UnityShaderCompiler after 0.03 seconds
Launching external process: /Applications/Unity/Hub/Editor/6000.5.6f1/Unity.app/Contents/Helpers/UnityShaderCompiler
  Pass  (vp, gles3) finished in 0.09 seconds. Local cache hits 0 (0.00s CPU time), remote cache hits 0 (0.00s CPU time), compiled 3 variants (0.18s CPU time), skipped 0 variants.
    Prepared data for serialisation in 0.00s
  Pass  (vp, gles3) finished in 0.09 seconds. Local cache hits 0 (0.00s CPU time), remote cache hits 0 (0.00s CPU time), compiled 1 variants (0.01s CPU time), skipped 0 variants.
    Prepared data for serialisation in 0.00s
Launched and connected shader compiler UnityShaderCompiler after 0.02 seconds
  Pass ShadowCaster (vp, gles3) finished in 0.12 seconds. Local cache hits 0 (0.00s CPU time), remote cache hits 0 (0.00s CPU time), compiled 2 variants (0.21s CPU time), skipped 0 variants.
    Prepared data for serialisation in 0.00s
Serialized binary data for shader Legacy Shaders/VertexLit in 0.00s
    gles3 (total internal programs: 6, unique: 6)
Compiling shader "Legacy Shaders/Diffuse"
  Pass "FORWARD" (vp)
    Target graphics API: gles3
    Full variant space:         664
    After settings filtering:   664
    After built-in stripping:   8
    After scriptable stripping: 8
    Processed in 0.00 seconds
  Pass "FORWARD" (vp)
    Target graphics API: gles3
    Full variant space:         20
    After settings filtering:   20
    After built-in stripping:   5
    After scriptable stripping: 5
    Processed in 0.00 seconds
  Pass "DEFERRED" (vp)
    Target graphics API: gles3
    Full variant space:         76
Launching external process: /Applications/Unity/Hub/Editor/6000.5.6f1/Unity.app/Contents/Helpers/UnityShaderCompiler
    After settings filtering:   76
    After built-in stripping:   4
    After scriptable stripping: 4
    Processed in 0.00 seconds
Launched and connected shader compiler UnityShaderCompiler after 0.02 seconds
Launching external process: /Applications/Unity/Hub/Editor/6000.5.6f1/Unity.app/Contents/Helpers/UnityShaderCompiler
Launched and connected shader compiler UnityShaderCompiler after 0.02 seconds
Launching external process: /Applications/Unity/Hub/Editor/6000.5.6f1/Unity.app/Contents/Helpers/UnityShaderCompiler
Launched and connected shader compiler UnityShaderCompiler after 0.02 seconds
Launching external process: /Applications/Unity/Hub/Editor/6000.5.6f1/Unity.app/Contents/Helpers/UnityShaderCompiler
Launched and connected shader compiler UnityShaderCompiler after 0.02 seconds
Launching external process: /Applications/Unity/Hub/Editor/6000.5.6f1/Unity.app/Contents/Helpers/UnityShaderCompiler
  Pass FORWARD (vp, gles3) finished in 0.12 seconds. Local cache hits 0 (0.00s CPU time), remote cache hits 0 (0.00s CPU time), compiled 8 variants (0.43s CPU time), skipped 0 variants.
    Prepared data for serialisation in 0.00s
Launched and connected shader compiler UnityShaderCompiler after 0.02 seconds
Launching external process: /Applications/Unity/Hub/Editor/6000.5.6f1/Unity.app/Contents/Helpers/UnityShaderCompiler
Launched and connected shader compiler UnityShaderCompiler after 0.02 seconds
Launching external process: /Applications/Unity/Hub/Editor/6000.5.6f1/Unity.app/Contents/Helpers/UnityShaderCompiler
Launched and connected shader compiler UnityShaderCompiler after 0.02 seconds
Launching external process: /Applications/Unity/Hub/Editor/6000.5.6f1/Unity.app/Contents/Helpers/UnityShaderCompiler
Launched and connected shader compiler UnityShaderCompiler after 0.02 seconds
Launching external process: /Applications/Unity/Hub/Editor/6000.5.6f1/Unity.app/Contents/Helpers/UnityShaderCompiler
  Pass FORWARD (vp, gles3) finished in 0.21 seconds. Local cache hits 0 (0.00s CPU time), remote cache hits 0 (0.00s CPU time), compiled 5 variants (0.71s CPU time), skipped 0 variants.
    Prepared data for serialisation in 0.00s
Launched and connected shader compiler UnityShaderCompiler after 0.02 seconds
  Pass DEFERRED (vp, gles3) finished in 0.25 seconds. Local cache hits 0 (0.00s CPU time), remote cache hits 0 (0.00s CPU time), compiled 4 variants (0.53s CPU time), skipped 0 variants.
    Prepared data for serialisation in 0.00s
Serialized binary data for shader Legacy Shaders/Diffuse in 0.00s
    gles3 (total internal programs: 17, unique: 17)
Compiling shader "Hidden/Internal-StencilWrite"
  Pass "" (vp)
    Target graphics API: gles3
    Full variant space:         1
    After settings filtering:   1
    After built-in stripping:   1
    After scriptable stripping: 1
    Processed in 0.00 seconds
  Pass  (vp, gles3) finished in 0.01 seconds. Local cache hits 0 (0.00s CPU time), remote cache hits 0 (0.00s CPU time), compiled 1 variants (0.01s CPU time), skipped 0 variants.
    Prepared data for serialisation in 0.00s
Serialized binary data for shader Hidden/Internal-StencilWrite in 0.00s
    gles3 (total internal programs: 1, unique: 1)
Compiling shader "Hidden/Internal-DepthNormalsTexture"
  Pass "" (vp)
    Target graphics API: gles3
    Full variant space:         1
    After settings filtering:   1
    After built-in stripping:   1
    After scriptable stripping: 1
    Processed in 0.00 seconds
  Pass "" (vp)
    Target graphics API: gles3
    Full variant space:         1
    After settings filtering:   1
    After built-in stripping:   1
    After scriptable stripping: 1
    Processed in 0.00 seconds
  Pass "" (vp)
    Target graphics API: gles3
    Full variant space:         1
    After settings filtering:   1
    After built-in stripping:   1
    After scriptable stripping: 1
    Processed in 0.00 seconds
  Pass "" (vp)
    Target graphics API: gles3
    Full variant space:         1
    After settings filtering:   1
    After built-in stripping:   1
    After scriptable stripping: 1
    Processed in 0.00 seconds
  Pass "" (vp)
    Target graphics API: gles3
    Full variant space:         1
    After settings filtering:   1
    After built-in stripping:   1
    After scriptable stripping: 1
    Processed in 0.00 seconds
  Pass "" (vp)
    Target graphics API: gles3
    Full variant space:         1
    After settings filtering:   1
    After built-in stripping:   1
    After scriptable stripping: 1
    Processed in 0.00 seconds
  Pass "" (vp)
    Target graphics API: gles3
    Full variant space:         1
    After settings filtering:   1
    After built-in stripping:   1
    After scriptable stripping: 1
    Processed in 0.00 seconds
  Pass "" (vp)
    Target graphics API: gles3
    Full variant space:         1
    After settings filtering:   1
    After built-in stripping:   1
    After scriptable stripping: 1
    Processed in 0.00 seconds
  Pass "" (vp)
    Target graphics API: gles3
    Full variant space:         1
    After settings filtering:   1
    After built-in stripping:   1
    After scriptable stripping: 1
    Processed in 0.00 seconds
  Pass "" (vp)
    Target graphics API: gles3
    Full variant space:         1
    After settings filtering:   1
    After built-in stripping:   1
    After scriptable stripping: 1
    Processed in 0.00 seconds
  Pass  (vp, gles3) finished in 0.02 seconds. Local cache hits 0 (0.00s CPU time), remote cache hits 0 (0.00s CPU time), compiled 1 variants (0.02s CPU time), skipped 0 variants.
    Prepared data for serialisation in 0.00s
  Pass  (vp, gles3) finished in 0.02 seconds. Local cache hits 0 (0.00s CPU time), remote cache hits 0 (0.00s CPU time), compiled 1 variants (0.02s CPU time), skipped 0 variants.
    Prepared data for serialisation in 0.00s
  Pass  (vp, gles3) finished in 0.04 seconds. Local cache hits 0 (0.00s CPU time), remote cache hits 0 (0.00s CPU time), compiled 1 variants (0.04s CPU time), skipped 0 variants.
    Prepared data for serialisation in 0.00s
  Pass  (vp, gles3) finished in 0.05 seconds. Local cache hits 0 (0.00s CPU time), remote cache hits 0 (0.00s CPU time), compiled 1 variants (0.05s CPU time), skipped 0 variants.
    Prepared data for serialisation in 0.00s
  Pass  (vp, gles3) finished in 0.05 seconds. Local cache hits 0 (0.00s CPU time), remote cache hits 0 (0.00s CPU time), compiled 1 variants (0.02s CPU time), skipped 0 variants.
    Prepared data for serialisation in 0.00s
  Pass  (vp, gles3) finished in 0.05 seconds. Local cache hits 0 (0.00s CPU time), remote cache hits 0 (0.00s CPU time), compiled 1 variants (0.02s CPU time), skipped 0 variants.
    Prepared data for serialisation in 0.00s
  Pass  (vp, gles3) finished in 0.05 seconds. Local cache hits 0 (0.00s CPU time), remote cache hits 0 (0.00s CPU time), compiled 1 variants (0.03s CPU time), skipped 0 variants.
    Prepared data for serialisation in 0.00s
  Pass  (vp, gles3) finished in 0.05 seconds. Local cache hits 0 (0.00s CPU time), remote cache hits 0 (0.00s CPU time), compiled 1 variants (0.02s CPU time), skipped 0 variants.
    Prepared data for serialisation in 0.00s
  Pass  (vp, gles3) finished in 0.05 seconds. Local cache hits 0 (0.00s CPU time), remote cache hits 0 (0.00s CPU time), compiled 1 variants (0.04s CPU time), skipped 0 variants.
    Prepared data for serialisation in 0.00s
  Pass  (vp, gles3) finished in 0.05 seconds. Local cache hits 0 (0.00s CPU time), remote cache hits 0 (0.00s CPU time), compiled 1 variants (0.04s CPU time), skipped 0 variants.
    Prepared data for serialisation in 0.00s
Serialized binary data for shader Hidden/Internal-DepthNormalsTexture in 0.00s
    gles3 (total internal programs: 10, unique: 10)
Compiling shader "Hidden/Internal-ScreenSpaceShadows"
  Pass "" (vp)
    Target graphics API: gles3
    Full variant space:         4
    After settings filtering:   4
    After built-in stripping:   4
    After scriptable stripping: 4
    Processed in 0.00 seconds
  Pass "" (vp)
    Target graphics API: gles3
    Full variant space:         4
    After settings filtering:   4
    After built-in stripping:   4
    After scriptable stripping: 4
    Processed in 0.00 seconds
  Pass "" (vp)
    Target graphics API: gles3
    Full variant space:         4
    After settings filtering:   4
    After built-in stripping:   4
    After scriptable stripping: 4
    Processed in 0.00 seconds
  Pass "" (vp)
    Target graphics API: gles3
    Full variant space:         4
    After settings filtering:   4
    After built-in stripping:   4
    After scriptable stripping: 4
    Processed in 0.00 seconds
  Pass  (vp, gles3) finished in 0.05 seconds. Local cache hits 0 (0.00s CPU time), remote cache hits 0 (0.00s CPU time), compiled 4 variants (0.16s CPU time), skipped 0 variants.
    Prepared data for serialisation in 0.00s
  Pass  (vp, gles3) finished in 0.05 seconds. Local cache hits 0 (0.00s CPU time), remote cache hits 0 (0.00s CPU time), compiled 4 variants (0.18s CPU time), skipped 0 variants.
    Prepared data for serialisation in 0.00s
  Pass  (vp, gles3) finished in 0.07 seconds. Local cache hits 0 (0.00s CPU time), remote cache hits 0 (0.00s CPU time), compiled 4 variants (0.26s CPU time), skipped 0 variants.
    Prepared data for serialisation in 0.00s
  Pass  (vp, gles3) finished in 0.08 seconds. Local cache hits 0 (0.00s CPU time), remote cache hits 0 (0.00s CPU time), compiled 4 variants (0.24s CPU time), skipped 0 variants.
    Prepared data for serialisation in 0.00s
Serialized binary data for shader Hidden/Internal-ScreenSpaceShadows in 0.00s
    gles3 (total internal programs: 16, unique: 16)
Compiling shader "Hidden/Internal-CombineDepthNormals"
  Pass "" (vp)
    Target graphics API: gles3
    Full variant space:         1
    After settings filtering:   1
    After built-in stripping:   1
    After scriptable stripping: 1
    Processed in 0.00 seconds
  Pass  (vp, gles3) finished in 0.02 seconds. Local cache hits 0 (0.00s CPU time), remote cache hits 0 (0.00s CPU time), compiled 1 variants (0.02s CPU time), skipped 0 variants.
    Prepared data for serialisation in 0.00s
Serialized binary data for shader Hidden/Internal-CombineDepthNormals in 0.00s
    gles3 (total internal programs: 1, unique: 1)
Compiling shader "Hidden/BlitCopy"
  Pass "" (vp)
    Target graphics API: gles3
    Full variant space:         1
    After settings filtering:   1
    After built-in stripping:   1
    After scriptable stripping: 1
    Processed in 0.00 seconds
  Pass  (vp, gles3) finished in 0.01 seconds. Local cache hits 0 (0.00s CPU time), remote cache hits 0 (0.00s CPU time), compiled 1 variants (0.01s CPU time), skipped 0 variants.
    Prepared data for serialisation in 0.00s
Serialized binary data for shader Hidden/BlitCopy in 0.00s
    gles3 (total internal programs: 1, unique: 1)
Compiling shader "Hidden/BlitCopyDepth"
  Pass "" (vp)
    Target graphics API: gles3
    Full variant space:         1
    After settings filtering:   1
    After built-in stripping:   1
    After scriptable stripping: 1
    Processed in 0.00 seconds
  Pass  (vp, gles3) finished in 0.01 seconds. Local cache hits 0 (0.00s CPU time), remote cache hits 0 (0.00s CPU time), compiled 1 variants (0.01s CPU time), skipped 0 variants.
    Prepared data for serialisation in 0.00s
Serialized binary data for shader Hidden/BlitCopyDepth in 0.00s
    gles3 (total internal programs: 1, unique: 1)
Compiling shader "Hidden/ConvertTexture"
  Pass "" (vp)
    Target graphics API: gles3
    Full variant space:         1
    After settings filtering:   1
    After built-in stripping:   1
    After scriptable stripping: 1
    Processed in 0.00 seconds
  Pass  (vp, gles3) finished in 0.02 seconds. Local cache hits 0 (0.00s CPU time), remote cache hits 0 (0.00s CPU time), compiled 1 variants (0.02s CPU time), skipped 0 variants.
    Prepared data for serialisation in 0.00s
Serialized binary data for shader Hidden/ConvertTexture in 0.00s
    gles3 (total internal programs: 1, unique: 1)
Compiling shader "Hidden/Internal-DeferredShading"
  Pass "" (vp)
    Target graphics API: gles3
    Full variant space:         94
    After settings filtering:   94
    After built-in stripping:   26
    After scriptable stripping: 26
    Processed in 0.00 seconds
  Pass "" (vp)
    Target graphics API: gles3
    Full variant space:         1
    After settings filtering:   1
    After built-in stripping:   1
    After scriptable stripping: 1
    Processed in 0.00 seconds
  Pass  (vp, gles3) finished in 0.12 seconds. Local cache hits 0 (0.00s CPU time), remote cache hits 0 (0.00s CPU time), compiled 26 variants (1.50s CPU time), skipped 0 variants.
    Prepared data for serialisation in 0.00s
  Pass  (vp, gles3) finished in 0.05 seconds. Local cache hits 0 (0.00s CPU time), remote cache hits 0 (0.00s CPU time), compiled 1 variants (0.02s CPU time), skipped 0 variants.
    Prepared data for serialisation in 0.00s
Serialized binary data for shader Hidden/Internal-DeferredShading in 0.00s
    gles3 (total internal programs: 27, unique: 27)
Compiling shader "Hidden/Internal-DeferredReflections"
  Pass "" (vp)
    Target graphics API: gles3
    Full variant space:         1
    After settings filtering:   1
    After built-in stripping:   1
    After scriptable stripping: 1
    Processed in 0.00 seconds
  Pass "" (vp)
    Target graphics API: gles3
    Full variant space:         2
    After settings filtering:   2
    After built-in stripping:   2
    After scriptable stripping: 2
    Processed in 0.00 seconds
  Pass  (vp, gles3) finished in 0.04 seconds. Local cache hits 0 (0.00s CPU time), remote cache hits 0 (0.00s CPU time), compiled 1 variants (0.04s CPU time), skipped 0 variants.
    Prepared data for serialisation in 0.00s
  Pass  (vp, gles3) finished in 0.04 seconds. Local cache hits 0 (0.00s CPU time), remote cache hits 0 (0.00s CPU time), compiled 2 variants (0.02s CPU time), skipped 0 variants.
    Prepared data for serialisation in 0.00s
Serialized binary data for shader Hidden/Internal-DeferredReflections in 0.00s
    gles3 (total internal programs: 3, unique: 3)
Compiling shader "Hidden/Internal-MotionVectors"
  Pass "" (vp)
    Target graphics API: gles3
    Full variant space:         1
    After settings filtering:   1
    After built-in stripping:   1
    After scriptable stripping: 1
    Processed in 0.00 seconds
  Pass "" (vp)
    Target graphics API: gles3
    Full variant space:         1
    After settings filtering:   1
    After built-in stripping:   1
    After scriptable stripping: 1
    Processed in 0.00 seconds
  Pass "" (vp)
    Target graphics API: gles3
    Full variant space:         1
    After settings filtering:   1
    After built-in stripping:   1
    After scriptable stripping: 1
    Processed in 0.00 seconds
  Pass  (vp, gles3) finished in 0.02 seconds. Local cache hits 0 (0.00s CPU time), remote cache hits 0 (0.00s CPU time), compiled 1 variants (0.02s CPU time), skipped 0 variants.
    Prepared data for serialisation in 0.00s
  Pass  (vp, gles3) finished in 0.02 seconds. Local cache hits 0 (0.00s CPU time), remote cache hits 0 (0.00s CPU time), compiled 1 variants (0.02s CPU time), skipped 0 variants.
    Prepared data for serialisation in 0.00s
  Pass  (vp, gles3) finished in 0.02 seconds. Local cache hits 0 (0.00s CPU time), remote cache hits 0 (0.00s CPU time), compiled 1 variants (0.02s CPU time), skipped 0 variants.
    Prepared data for serialisation in 0.00s
Serialized binary data for shader Hidden/Internal-MotionVectors in 0.00s
    gles3 (total internal programs: 3, unique: 3)
Compiling shader "Hidden/Internal-Flare"
  Pass "" (vp)
    Target graphics API: gles3
    Full variant space:         1
    After settings filtering:   1
    After built-in stripping:   1
    After scriptable stripping: 1
    Processed in 0.00 seconds
  Pass  (vp, gles3) finished in 0.01 seconds. Local cache hits 0 (0.00s CPU time), remote cache hits 0 (0.00s CPU time), compiled 1 variants (0.01s CPU time), skipped 0 variants.
    Prepared data for serialisation in 0.00s
Serialized binary data for shader Hidden/Internal-Flare in 0.00s
    gles3 (total internal programs: 1, unique: 1)
Compiling shader "Hidden/Internal-Halo"
  Pass "" (vp)
    Target graphics API: gles3
    Full variant space:         4
    After settings filtering:   4
    After built-in stripping:   1
    After scriptable stripping: 1
    Processed in 0.00 seconds
  Pass  (vp, gles3) finished in 0.01 seconds. Local cache hits 0 (0.00s CPU time), remote cache hits 0 (0.00s CPU time), compiled 1 variants (0.01s CPU time), skipped 0 variants.
    Prepared data for serialisation in 0.00s
Serialized binary data for shader Hidden/Internal-Halo in 0.00s
    gles3 (total internal programs: 1, unique: 1)
Compiling shader "Hidden/BlitCopyWithDepth"
  Pass "" (vp)
    Target graphics API: gles3
    Full variant space:         1
    After settings filtering:   1
    After built-in stripping:   1
    After scriptable stripping: 1
    Processed in 0.00 seconds
  Pass  (vp, gles3) finished in 0.01 seconds. Local cache hits 0 (0.00s CPU time), remote cache hits 0 (0.00s CPU time), compiled 1 variants (0.01s CPU time), skipped 0 variants.
    Prepared data for serialisation in 0.00s
Serialized binary data for shader Hidden/BlitCopyWithDepth in 0.00s
    gles3 (total internal programs: 1, unique: 1)
Compiling shader "Hidden/BlitToDepth"
  Pass "" (vp)
    Target graphics API: gles3
    Full variant space:         1
    After settings filtering:   1
    After built-in stripping:   1
    After scriptable stripping: 1
    Processed in 0.00 seconds
  Pass  (vp, gles3) finished in 0.01 seconds. Local cache hits 0 (0.00s CPU time), remote cache hits 0 (0.00s CPU time), compiled 1 variants (0.01s CPU time), skipped 0 variants.
    Prepared data for serialisation in 0.00s
Serialized binary data for shader Hidden/BlitToDepth in 0.00s
    gles3 (total internal programs: 1, unique: 1)
Compiling shader "Hidden/BlitToDepth_MSAA"
  Pass "" (vp)
    Target graphics API: gles3
    Full variant space:         1
    After settings filtering:   1
    After built-in stripping:   1
    After scriptable stripping: 1
    Processed in 0.00 seconds
  Pass  (vp, gles3) finished in 0.01 seconds. Local cache hits 0 (0.00s CPU time), remote cache hits 0 (0.00s CPU time), compiled 1 variants (0.01s CPU time), skipped 0 variants.
    Prepared data for serialisation in 0.00s
Serialized binary data for shader Hidden/BlitToDepth_MSAA in 0.00s
    gles3 (total internal programs: 1, unique: 1)
Compiling shader "Hidden/BlitCopyHDRTonemap"
  Pass "" (vp)
    Target graphics API: gles3
    Full variant space:         1
    After settings filtering:   1
    After built-in stripping:   1
    After scriptable stripping: 1
    Processed in 0.00 seconds
  Pass  (vp, gles3) finished in 0.02 seconds. Local cache hits 0 (0.00s CPU time), remote cache hits 0 (0.00s CPU time), compiled 1 variants (0.02s CPU time), skipped 0 variants.
    Prepared data for serialisation in 0.00s
Serialized binary data for shader Hidden/BlitCopyHDRTonemap in 0.00s
    gles3 (total internal programs: 1, unique: 1)
Compiling shader "Hidden/Internal-DebugPattern"
  Pass "Target Color and DepthStencil" (vp)
    Target graphics API: gles3
    Full variant space:         1
    After settings filtering:   1
    After built-in stripping:   1
    After scriptable stripping: 1
    Processed in 0.00 seconds
  Pass "Target only Color" (vp)
    Target graphics API: gles3
    Full variant space:         1
    After settings filtering:   1
    After built-in stripping:   1
    After scriptable stripping: 1
    Processed in 0.00 seconds
  Pass "Target only DepthStencil" (vp)
    Target graphics API: gles3
    Full variant space:         1
    After settings filtering:   1
    After built-in stripping:   1
    After scriptable stripping: 1
    Processed in 0.00 seconds
  Pass Target Color and DepthStencil (vp, gles3) finished in 0.01 seconds. Local cache hits 0 (0.00s CPU time), remote cache hits 0 (0.00s CPU time), compiled 1 variants (0.01s CPU time), skipped 0 variants.
    Prepared data for serialisation in 0.00s
  Pass Target only Color (vp, gles3) finished in 0.01 seconds. Local cache hits 0 (0.00s CPU time), remote cache hits 0 (0.00s CPU time), compiled 1 variants (0.01s CPU time), skipped 0 variants.
    Prepared data for serialisation in 0.00s
  Pass Target only DepthStencil (vp, gles3) finished in 0.01 seconds. Local cache hits 0 (0.00s CPU time), remote cache hits 0 (0.00s CPU time), compiled 1 variants (0.01s CPU time), skipped 0 variants.
    Prepared data for serialisation in 0.00s
Serialized binary data for shader Hidden/Internal-DebugPattern in 0.00s
    gles3 (total internal programs: 3, unique: 3)
Compiling shader "Hidden/Internal-GUITextureClip"
  Pass "" (vp)
    Target graphics API: gles3
    Full variant space:         1
    After settings filtering:   1
    After built-in stripping:   1
    After scriptable stripping: 1
    Processed in 0.00 seconds
  Pass "" (vp)
    Target graphics API: gles3
    Full variant space:         1
    After settings filtering:   1
    After built-in stripping:   1
    After scriptable stripping: 1
    Processed in 0.00 seconds
  Pass  (vp, gles3) finished in 0.02 seconds. Local cache hits 0 (0.00s CPU time), remote cache hits 0 (0.00s CPU time), compiled 1 variants (0.02s CPU time), skipped 0 variants.
    Prepared data for serialisation in 0.00s
  Pass  (vp, gles3) finished in 0.02 seconds. Local cache hits 0 (0.00s CPU time), remote cache hits 0 (0.00s CPU time), compiled 1 variants (0.02s CPU time), skipped 0 variants.
    Prepared data for serialisation in 0.00s
Serialized binary data for shader Hidden/Internal-GUITextureClip in 0.00s
    gles3 (total internal programs: 2, unique: 1)
Compiling shader "Hidden/Internal-GUITextureClipText"
  Pass "" (vp)
    Target graphics API: gles3
    Full variant space:         1
    After settings filtering:   1
    After built-in stripping:   1
    After scriptable stripping: 1
    Processed in 0.00 seconds
  Pass "" (vp)
    Target graphics API: gles3
    Full variant space:         1
    After settings filtering:   1
    After built-in stripping:   1
    After scriptable stripping: 1
    Processed in 0.00 seconds
  Pass  (vp, gles3) finished in 0.01 seconds. Local cache hits 0 (0.00s CPU time), remote cache hits 0 (0.00s CPU time), compiled 1 variants (0.01s CPU time), skipped 0 variants.
    Prepared data for serialisation in 0.00s
  Pass  (vp, gles3) finished in 0.01 seconds. Local cache hits 0 (0.00s CPU time), remote cache hits 0 (0.00s CPU time), compiled 1 variants (0.01s CPU time), skipped 0 variants.
    Prepared data for serialisation in 0.00s
Serialized binary data for shader Hidden/Internal-GUITextureClipText in 0.00s
    gles3 (total internal programs: 2, unique: 1)
Compiling shader "Hidden/Internal-GUITexture"
  Pass "" (vp)
    Target graphics API: gles3
    Full variant space:         1
    After settings filtering:   1
    After built-in stripping:   1
    After scriptable stripping: 1
    Processed in 0.00 seconds
  Pass "" (vp)
    Target graphics API: gles3
    Full variant space:         1
    After settings filtering:   1
    After built-in stripping:   1
    After scriptable stripping: 1
    Processed in 0.00 seconds
  Pass  (vp, gles3) finished in 0.01 seconds. Local cache hits 0 (0.00s CPU time), remote cache hits 0 (0.00s CPU time), compiled 1 variants (0.01s CPU time), skipped 0 variants.
    Prepared data for serialisation in 0.00s
  Pass  (vp, gles3) finished in 0.01 seconds. Local cache hits 0 (0.00s CPU time), remote cache hits 0 (0.00s CPU time), compiled 1 variants (0.01s CPU time), skipped 0 variants.
    Prepared data for serialisation in 0.00s
Serialized binary data for shader Hidden/Internal-GUITexture in 0.00s
    gles3 (total internal programs: 2, unique: 1)
Compiling shader "Hidden/Internal-GUITextureBlit"
  Pass "" (vp)
    Target graphics API: gles3
    Full variant space:         1
    After settings filtering:   1
    After built-in stripping:   1
    After scriptable stripping: 1
    Processed in 0.00 seconds
  Pass "" (vp)
    Target graphics API: gles3
    Full variant space:         1
    After settings filtering:   1
    After built-in stripping:   1
    After scriptable stripping: 1
    Processed in 0.00 seconds
  Pass  (vp, gles3) finished in 0.02 seconds. Local cache hits 0 (0.00s CPU time), remote cache hits 0 (0.00s CPU time), compiled 1 variants (0.02s CPU time), skipped 0 variants.
    Prepared data for serialisation in 0.00s
  Pass  (vp, gles3) finished in 0.02 seconds. Local cache hits 0 (0.00s CPU time), remote cache hits 0 (0.00s CPU time), compiled 1 variants (0.02s CPU time), skipped 0 variants.
    Prepared data for serialisation in 0.00s
Serialized binary data for shader Hidden/Internal-GUITextureBlit in 0.00s
    gles3 (total internal programs: 2, unique: 1)
Compiling shader "Hidden/Internal-GUIRoundedRect"
  Pass "" (vp)
    Target graphics API: gles3
    Full variant space:         1
    After settings filtering:   1
    After built-in stripping:   1
    After scriptable stripping: 1
    Processed in 0.00 seconds
  Pass "" (vp)
    Target graphics API: gles3
    Full variant space:         1
    After settings filtering:   1
    After built-in stripping:   1
    After scriptable stripping: 1
    Processed in 0.00 seconds
  Pass  (vp, gles3) finished in 0.03 seconds. Local cache hits 0 (0.00s CPU time), remote cache hits 0 (0.00s CPU time), compiled 1 variants (0.03s CPU time), skipped 0 variants.
    Prepared data for serialisation in 0.00s
  Pass  (vp, gles3) finished in 0.03 seconds. Local cache hits 0 (0.00s CPU time), remote cache hits 0 (0.00s CPU time), compiled 1 variants (0.03s CPU time), skipped 0 variants.
    Prepared data for serialisation in 0.00s
Serialized binary data for shader Hidden/Internal-GUIRoundedRect in 0.00s
    gles3 (total internal programs: 2, unique: 1)
Compiling shader "Hidden/Internal-GUIRoundedRectWithColorPerBorder"
  Pass "" (vp)
    Target graphics API: gles3
    Full variant space:         1
    After settings filtering:   1
    After built-in stripping:   1
    After scriptable stripping: 1
    Processed in 0.00 seconds
  Pass "" (vp)
    Target graphics API: gles3
    Full variant space:         1
    After settings filtering:   1
    After built-in stripping:   1
    After scriptable stripping: 1
    Processed in 0.00 seconds
  Pass  (vp, gles3) finished in 0.04 seconds. Local cache hits 0 (0.00s CPU time), remote cache hits 0 (0.00s CPU time), compiled 1 variants (0.04s CPU time), skipped 0 variants.
    Prepared data for serialisation in 0.00s
  Pass  (vp, gles3) finished in 0.04 seconds. Local cache hits 0 (0.00s CPU time), remote cache hits 0 (0.00s CPU time), compiled 1 variants (0.04s CPU time), skipped 0 variants.
    Prepared data for serialisation in 0.00s
Serialized binary data for shader Hidden/Internal-GUIRoundedRectWithColorPerBorder in 0.00s
    gles3 (total internal programs: 2, unique: 1)
Compiling shader "Hidden/Internal-UIRDefault"
  Pass "" (vp)
    Target graphics API: gles3
    Full variant space:         40
    After settings filtering:   40
    After built-in stripping:   40
    After scriptable stripping: 40
    Processed in 0.00 seconds
  Pass  (vp, gles3) finished in 0.23 seconds. Local cache hits 0 (0.00s CPU time), remote cache hits 0 (0.00s CPU time), compiled 40 variants (3.14s CPU time), skipped 0 variants.
    Prepared data for serialisation in 0.00s
Serialized binary data for shader Hidden/Internal-UIRDefault in 0.00s
    gles3 (total internal programs: 40, unique: 40)
Compiling shader "Hidden/Internal-UIRAtlasBlitCopy"
  Pass "" (vp)
    Target graphics API: gles3
    Full variant space:         1
    After settings filtering:   1
    After built-in stripping:   1
    After scriptable stripping: 1
    Processed in 0.00 seconds
  Pass  (vp, gles3) finished in 0.02 seconds. Local cache hits 0 (0.00s CPU time), remote cache hits 0 (0.00s CPU time), compiled 1 variants (0.02s CPU time), skipped 0 variants.
    Prepared data for serialisation in 0.00s
Serialized binary data for shader Hidden/Internal-UIRAtlasBlitCopy in 0.00s
    gles3 (total internal programs: 1, unique: 1)
Compiling shader "Sprites/Default"
  Pass "" (vp)
    Target graphics API: gles3
    Full variant space:         8
    After settings filtering:   8
    After built-in stripping:   4
    After scriptable stripping: 4
    Processed in 0.00 seconds
  Pass  (vp, gles3) finished in 0.01 seconds. Local cache hits 0 (0.00s CPU time), remote cache hits 0 (0.00s CPU time), compiled 4 variants (0.05s CPU time), skipped 0 variants.
    Prepared data for serialisation in 0.00s
Serialized binary data for shader Sprites/Default in 0.00s
    gles3 (total internal programs: 4, unique: 4)
Compiling shader "Sprites/Mask"
  Pass "" (vp)
    Target graphics API: gles3
    Full variant space:         4
    After settings filtering:   4
    After built-in stripping:   4
    After scriptable stripping: 4
    Processed in 0.00 seconds
  Pass  (vp, gles3) finished in 0.01 seconds. Local cache hits 0 (0.00s CPU time), remote cache hits 0 (0.00s CPU time), compiled 4 variants (0.06s CPU time), skipped 0 variants.
    Prepared data for serialisation in 0.00s
Serialized binary data for shader Sprites/Mask in 0.00s
    gles3 (total internal programs: 4, unique: 4)
Compiling shader "UI/Default"
  Pass "Default" (vp)
    Target graphics API: gles3
    Full variant space:         4
    After settings filtering:   4
    After built-in stripping:   4
    After scriptable stripping: 4
    Processed in 0.00 seconds
  Pass "XRMotionVectors" (vp)
    Target graphics API: gles3
    Full variant space:         4
    After settings filtering:   4
    After built-in stripping:   4
    After scriptable stripping: 4
    Processed in 0.00 seconds
  Pass Default (vp, gles3) finished in 0.02 seconds. Local cache hits 0 (0.00s CPU time), remote cache hits 0 (0.00s CPU time), compiled 4 variants (0.09s CPU time), skipped 0 variants.
    Prepared data for serialisation in 0.00s
  Pass XRMotionVectors (vp, gles3) finished in 0.03 seconds. Local cache hits 0 (0.00s CPU time), remote cache hits 0 (0.00s CPU time), compiled 4 variants (0.12s CPU time), skipped 0 variants.
    Prepared data for serialisation in 0.00s
Serialized binary data for shader UI/Default in 0.00s
    gles3 (total internal programs: 8, unique: 8)
Compiling shader "UI/DefaultETC1"
  Pass "Default" (vp)
    Target graphics API: gles3
    Full variant space:         4
    After settings filtering:   4
    After built-in stripping:   4
    After scriptable stripping: 4
    Processed in 0.00 seconds
  Pass "XRMotionVectors" (vp)
    Target graphics API: gles3
    Full variant space:         4
    After settings filtering:   4
    After built-in stripping:   4
    After scriptable stripping: 4
    Processed in 0.00 seconds
  Pass Default (vp, gles3) finished in 0.02 seconds. Local cache hits 0 (0.00s CPU time), remote cache hits 0 (0.00s CPU time), compiled 4 variants (0.09s CPU time), skipped 0 variants.
    Prepared data for serialisation in 0.00s
  Pass XRMotionVectors (vp, gles3) finished in 0.03 seconds. Local cache hits 0 (0.00s CPU time), remote cache hits 0 (0.00s CPU time), compiled 4 variants (0.13s CPU time), skipped 0 variants.
    Prepared data for serialisation in 0.00s
Serialized binary data for shader UI/DefaultETC1 in 0.00s
    gles3 (total internal programs: 8, unique: 8)
Compiling shader "Hidden/CubeBlur"
  Pass "" (vp)
    Target graphics API: gles3
    Full variant space:         1
    After settings filtering:   1
    After built-in stripping:   1
    After scriptable stripping: 1
    Processed in 0.00 seconds
  Pass "" (vp)
    Target graphics API: gles3
    Full variant space:         1
    After settings filtering:   1
    After built-in stripping:   1
    After scriptable stripping: 1
    Processed in 0.00 seconds
  Pass  (vp, gles3) finished in 0.04 seconds. Local cache hits 0 (0.00s CPU time), remote cache hits 0 (0.00s CPU time), compiled 1 variants (0.04s CPU time), skipped 0 variants.
    Prepared data for serialisation in 0.00s
  Pass  (vp, gles3) finished in 0.04 seconds. Local cache hits 0 (0.00s CPU time), remote cache hits 0 (0.00s CPU time), compiled 1 variants (0.02s CPU time), skipped 0 variants.
    Prepared data for serialisation in 0.00s
Serialized binary data for shader Hidden/CubeBlur in 0.00s
    gles3 (total internal programs: 2, unique: 2)
Compiling shader "Hidden/CubeCopy"
  Pass "" (vp)
    Target graphics API: gles3
    Full variant space:         1
    After settings filtering:   1
    After built-in stripping:   1
    After scriptable stripping: 1
    Processed in 0.00 seconds
  Pass "" (vp)
    Target graphics API: gles3
    Full variant space:         1
    After settings filtering:   1
    After built-in stripping:   1
    After scriptable stripping: 1
    Processed in 0.00 seconds
  Pass  (vp, gles3) finished in 0.01 seconds. Local cache hits 0 (0.00s CPU time), remote cache hits 0 (0.00s CPU time), compiled 1 variants (0.01s CPU time), skipped 0 variants.
    Prepared data for serialisation in 0.00s
  Pass  (vp, gles3) finished in 0.01 seconds. Local cache hits 0 (0.00s CPU time), remote cache hits 0 (0.00s CPU time), compiled 1 variants (0.01s CPU time), skipped 0 variants.
    Prepared data for serialisation in 0.00s
Serialized binary data for shader Hidden/CubeCopy in 0.00s
    gles3 (total internal programs: 2, unique: 1)
Compiling shader "Hidden/CubeBlend"
  Pass "" (vp)
    Target graphics API: gles3
    Full variant space:         1
    After settings filtering:   1
    After built-in stripping:   1
    After scriptable stripping: 1
    Processed in 0.00 seconds
  Pass "" (vp)
    Target graphics API: gles3
    Full variant space:         1
    After settings filtering:   1
    After built-in stripping:   1
    After scriptable stripping: 1
    Processed in 0.00 seconds
  Pass  (vp, gles3) finished in 0.01 seconds. Local cache hits 0 (0.00s CPU time), remote cache hits 0 (0.00s CPU time), compiled 1 variants (0.01s CPU time), skipped 0 variants.
    Prepared data for serialisation in 0.00s
  Pass  (vp, gles3) finished in 0.01 seconds. Local cache hits 0 (0.00s CPU time), remote cache hits 0 (0.00s CPU time), compiled 1 variants (0.01s CPU time), skipped 0 variants.
    Prepared data for serialisation in 0.00s
Serialized binary data for shader Hidden/CubeBlend in 0.00s
    gles3 (total internal programs: 2, unique: 1)
Compiling shader "Hidden/VR/BlitTexArraySlice"
  Pass "" (vp)
    Target graphics API: gles3
    Full variant space:         1
    After settings filtering:   1
    After built-in stripping:   1
    After scriptable stripping: 1
    Processed in 0.00 seconds
  Pass  (vp, gles3) finished in 0.01 seconds. Local cache hits 0 (0.00s CPU time), remote cache hits 0 (0.00s CPU time), compiled 1 variants (0.01s CPU time), skipped 0 variants.
    Prepared data for serialisation in 0.00s
Serialized binary data for shader Hidden/VR/BlitTexArraySlice in 0.00s
    gles3 (total internal programs: 1, unique: 1)
Compiling shader "Hidden/Internal-ODSWorldTexture"
  Pass "" (vp)
    Target graphics API: gles3
    Full variant space:         1
    After settings filtering:   1
    After built-in stripping:   1
    After scriptable stripping: 1
    Processed in 0.00 seconds
  Pass "" (vp)
    Target graphics API: gles3
    Full variant space:         1
    After settings filtering:   1
    After built-in stripping:   1
    After scriptable stripping: 1
    Processed in 0.00 seconds
  Pass "" (vp)
    Target graphics API: gles3
    Full variant space:         1
    After settings filtering:   1
    After built-in stripping:   1
    After scriptable stripping: 1
    Processed in 0.00 seconds
  Pass "" (vp)
    Target graphics API: gles3
    Full variant space:         1
    After settings filtering:   1
    After built-in stripping:   1
    After scriptable stripping: 1
    Processed in 0.00 seconds
  Pass "" (vp)
    Target graphics API: gles3
    Full variant space:         1
    After settings filtering:   1
    After built-in stripping:   1
    After scriptable stripping: 1
    Processed in 0.00 seconds
  Pass "" (vp)
    Target graphics API: gles3
    Full variant space:         1
    After settings filtering:   1
    After built-in stripping:   1
    After scriptable stripping: 1
    Processed in 0.00 seconds
  Pass "" (vp)
    Target graphics API: gles3
    Full variant space:         1
    After settings filtering:   1
    After built-in stripping:   1
    After scriptable stripping: 1
    Processed in 0.00 seconds
  Pass "" (vp)
    Target graphics API: gles3
    Full variant space:         1
    After settings filtering:   1
    After built-in stripping:   1
    After scriptable stripping: 1
    Processed in 0.00 seconds
  Pass "" (vp)
    Target graphics API: gles3
    Full variant space:         1
    After settings filtering:   1
    After built-in stripping:   1
    After scriptable stripping: 1
    Processed in 0.00 seconds
  Pass "" (vp)
    Target graphics API: gles3
    Full variant space:         1
    After settings filtering:   1
    After built-in stripping:   1
    After scriptable stripping: 1
    Processed in 0.00 seconds
  Pass  (vp, gles3) finished in 0.01 seconds. Local cache hits 0 (0.00s CPU time), remote cache hits 0 (0.00s CPU time), compiled 1 variants (0.01s CPU time), skipped 0 variants.
    Prepared data for serialisation in 0.00s
  Pass  (vp, gles3) finished in 0.01 seconds. Local cache hits 0 (0.00s CPU time), remote cache hits 0 (0.00s CPU time), compiled 1 variants (0.01s CPU time), skipped 0 variants.
    Prepared data for serialisation in 0.00s
  Pass  (vp, gles3) finished in 0.03 seconds. Local cache hits 0 (0.00s CPU time), remote cache hits 0 (0.00s CPU time), compiled 1 variants (0.03s CPU time), skipped 0 variants.
    Prepared data for serialisation in 0.00s
  Pass  (vp, gles3) finished in 0.04 seconds. Local cache hits 0 (0.00s CPU time), remote cache hits 0 (0.00s CPU time), compiled 1 variants (0.04s CPU time), skipped 0 variants.
    Prepared data for serialisation in 0.00s
  Pass  (vp, gles3) finished in 0.04 seconds. Local cache hits 0 (0.00s CPU time), remote cache hits 0 (0.00s CPU time), compiled 1 variants (0.02s CPU time), skipped 0 variants.
    Prepared data for serialisation in 0.00s
  Pass  (vp, gles3) finished in 0.04 seconds. Local cache hits 0 (0.00s CPU time), remote cache hits 0 (0.00s CPU time), compiled 1 variants (0.02s CPU time), skipped 0 variants.
    Prepared data for serialisation in 0.00s
  Pass  (vp, gles3) finished in 0.04 seconds. Local cache hits 0 (0.00s CPU time), remote cache hits 0 (0.00s CPU time), compiled 1 variants (0.02s CPU time), skipped 0 variants.
    Prepared data for serialisation in 0.00s
  Pass  (vp, gles3) finished in 0.04 seconds. Local cache hits 0 (0.00s CPU time), remote cache hits 0 (0.00s CPU time), compiled 1 variants (0.02s CPU time), skipped 0 variants.
    Prepared data for serialisation in 0.00s
  Pass  (vp, gles3) finished in 0.04 seconds. Local cache hits 0 (0.00s CPU time), remote cache hits 0 (0.00s CPU time), compiled 1 variants (0.03s CPU time), skipped 0 variants.
    Prepared data for serialisation in 0.00s
  Pass  (vp, gles3) finished in 0.04 seconds. Local cache hits 0 (0.00s CPU time), remote cache hits 0 (0.00s CPU time), compiled 1 variants (0.03s CPU time), skipped 0 variants.
    Prepared data for serialisation in 0.00s
Serialized binary data for shader Hidden/Internal-ODSWorldTexture in 0.00s
    gles3 (total internal programs: 10, unique: 9)
Compiling shader "Hidden/Internal-CubemapToEquirect"
  Pass "" (vp)
    Target graphics API: gles3
    Full variant space:         1
    After settings filtering:   1
    After built-in stripping:   1
    After scriptable stripping: 1
    Processed in 0.00 seconds
  Pass  (vp, gles3) finished in 0.01 seconds. Local cache hits 0 (0.00s CPU time), remote cache hits 0 (0.00s CPU time), compiled 1 variants (0.01s CPU time), skipped 0 variants.
    Prepared data for serialisation in 0.00s
Serialized binary data for shader Hidden/Internal-CubemapToEquirect in 0.00s
    gles3 (total internal programs: 1, unique: 1)
Compiling shader "Hidden/VR/BlitFromTex2DToTexArraySlice"
  Pass "" (vp)
    Target graphics API: gles3
    Full variant space:         1
    After settings filtering:   1
    After built-in stripping:   1
    After scriptable stripping: 1
    Processed in 0.00 seconds
  Pass "" (vp)
    Target graphics API: gles3
    Full variant space:         1
    After settings filtering:   1
    After built-in stripping:   1
    After scriptable stripping: 1
    Processed in 0.00 seconds
  Pass  (vp, gles3) finished in 0.01 seconds. Local cache hits 0 (0.00s CPU time), remote cache hits 0 (0.00s CPU time), compiled 1 variants (0.01s CPU time), skipped 0 variants.
    Prepared data for serialisation in 0.00s
  Pass  (vp, gles3) finished in 0.02 seconds. Local cache hits 0 (0.00s CPU time), remote cache hits 0 (0.00s CPU time), compiled 1 variants (0.02s CPU time), skipped 0 variants.
    Prepared data for serialisation in 0.00s
Serialized binary data for shader Hidden/VR/BlitFromTex2DToTexArraySlice in 0.00s
    gles3 (total internal programs: 2, unique: 2)
Compiling shader "Hidden/VideoComposite"
  Pass "Default" (vp)
    Target graphics API: gles3
    Full variant space:         1
    After settings filtering:   1
    After built-in stripping:   1
    After scriptable stripping: 1
    Processed in 0.00 seconds
  Pass Default (vp, gles3) finished in 0.01 seconds. Local cache hits 0 (0.00s CPU time), remote cache hits 0 (0.00s CPU time), compiled 1 variants (0.01s CPU time), skipped 0 variants.
    Prepared data for serialisation in 0.00s
Serialized binary data for shader Hidden/VideoComposite in 0.00s
    gles3 (total internal programs: 1, unique: 1)
Compiling shader "Hidden/TextCore/Distance Field SSD"
  Pass "" (vp)
    Target graphics API: gles3
    Full variant space:         1
    After settings filtering:   1
    After built-in stripping:   1
    After scriptable stripping: 1
    Processed in 0.00 seconds
  Pass  (vp, gles3) finished in 0.02 seconds. Local cache hits 0 (0.00s CPU time), remote cache hits 0 (0.00s CPU time), compiled 1 variants (0.02s CPU time), skipped 0 variants.
    Prepared data for serialisation in 0.00s
Serialized binary data for shader Hidden/TextCore/Distance Field SSD in 0.00s
    gles3 (total internal programs: 1, unique: 1)
Compiling shader "Hidden/Physics2D/SDF_CircleGeometry"
  Pass "" (vp)
    Target graphics API: gles3
    Full variant space:         2
    After settings filtering:   2
    After built-in stripping:   1
    After scriptable stripping: 1
    Processed in 0.00 seconds
  Pass  (vp, gles3) finished in 0.03 seconds. Local cache hits 0 (0.00s CPU time), remote cache hits 0 (0.00s CPU time), compiled 1 variants (0.03s CPU time), skipped 0 variants.
    Prepared data for serialisation in 0.00s
Serialized binary data for shader Hidden/Physics2D/SDF_CircleGeometry in 0.00s
    gles3 (total internal programs: 1, unique: 1)
Compiling shader "Hidden/Physics2D/SDF_CapsuleGeometry"
  Pass "" (vp)
    Target graphics API: gles3
    Full variant space:         2
    After settings filtering:   2
    After built-in stripping:   1
    After scriptable stripping: 1
    Processed in 0.00 seconds
  Pass  (vp, gles3) finished in 0.03 seconds. Local cache hits 0 (0.00s CPU time), remote cache hits 0 (0.00s CPU time), compiled 1 variants (0.03s CPU time), skipped 0 variants.
    Prepared data for serialisation in 0.00s
Serialized binary data for shader Hidden/Physics2D/SDF_CapsuleGeometry in 0.00s
    gles3 (total internal programs: 1, unique: 1)
Compiling shader "Hidden/Physics2D/SDF_PolygonGeometry"
  Pass "" (vp)
    Target graphics API: gles3
    Full variant space:         2
    After settings filtering:   2
    After built-in stripping:   1
    After scriptable stripping: 1
    Processed in 0.00 seconds
  Pass  (vp, gles3) finished in 0.09 seconds. Local cache hits 0 (0.00s CPU time), remote cache hits 0 (0.00s CPU time), compiled 1 variants (0.09s CPU time), skipped 0 variants.
    Prepared data for serialisation in 0.00s
Serialized binary data for shader Hidden/Physics2D/SDF_PolygonGeometry in 0.00s
    gles3 (total internal programs: 1, unique: 1)
Compiling shader "Hidden/Physics2D/SDF_Line"
  Pass "" (vp)
    Target graphics API: gles3
    Full variant space:         2
    After settings filtering:   2
    After built-in stripping:   1
    After scriptable stripping: 1
    Processed in 0.00 seconds
  Pass  (vp, gles3) finished in 0.03 seconds. Local cache hits 0 (0.00s CPU time), remote cache hits 0 (0.00s CPU time), compiled 1 variants (0.03s CPU time), skipped 0 variants.
    Prepared data for serialisation in 0.00s
Serialized binary data for shader Hidden/Physics2D/SDF_Line in 0.00s
    gles3 (total internal programs: 1, unique: 1)
Compiling shader "Hidden/Physics2D/SDF_Point"
  Pass "" (vp)
    Target graphics API: gles3
    Full variant space:         2
    After settings filtering:   2
    After built-in stripping:   1
    After scriptable stripping: 1
    Processed in 0.00 seconds
  Pass  (vp, gles3) finished in 0.03 seconds. Local cache hits 0 (0.00s CPU time), remote cache hits 0 (0.00s CPU time), compiled 1 variants (0.03s CPU time), skipped 0 variants.
    Prepared data for serialisation in 0.00s
Serialized binary data for shader Hidden/Physics2D/SDF_Point in 0.00s
    gles3 (total internal programs: 1, unique: 1)

***Player size statistics***
Level 0 'Assets/Scenes/MochiMeadows.unity' uses 359.8 KB compressed / 3.6 MB uncompressed.
Total compressed size 360.2 KB. Total uncompressed size 3.6 MB.
SpriteAtlasDatabase::Cleanup
info: Microsoft.AspNetCore.Hosting.Diagnostics[1]
      Request starting HTTP/2 POST http://ilpp/UnityILPP.PostProcessing/Ping - application/grpc -
info: Microsoft.AspNetCore.Routing.EndpointMiddleware[0]
      Executing endpoint 'gRPC - /UnityILPP.PostProcessing/Ping'
info: Microsoft.AspNetCore.Routing.EndpointMiddleware[1]
      Executed endpoint 'gRPC - /UnityILPP.PostProcessing/Ping'
info: Microsoft.AspNetCore.Hosting.Diagnostics[2]
      Request finished HTTP/2 POST http://ilpp/UnityILPP.PostProcessing/Ping - 200 - application/grpc 0.2048ms
Starting: /Applications/Unity/Hub/Editor/6000.5.6f1/Unity.app/Contents/Resources/BuildPipeline/bee_backend --ipc --dagfile="Library/Bee/Playerf20f6bd5.dag" --profile="Library/Bee/backend1.traceevents" Player
WorkingDir: /Users/greg/git/kawaii-game/MochiMeadows
[             ] Require frontend run.  Library/Bee/Playerf20f6bd5.dag couldn't be loaded
Starting: /Applications/Unity/Hub/Editor/6000.5.6f1/Unity.app/Contents/Resources/Scripting/netcorerun/netcorerun "/Applications/Unity/Hub/Editor/6000.5.6f1/PlaybackEngines/WebGLSupport/WebGLPlayerBuildProgram.exe" "/Applications/Unity/Hub/Editor/6000.5.6f1/PlaybackEngines/WebGLSupport/Bee:/Applications/Unity/Hub/Editor/6000.5.6f1/Unity.app/Contents/Resources/BuildPipeline" "Library/Bee/Playerf20f6bd5.dag.json" "Library/Bee/Playerf20f6bd5-inputdata.json" "Library/Bee/buildprogram0.traceevents"
WorkingDir: /Users/greg/git/kawaii-game/MochiMeadows
ExitCode: 4 Duration: 0s105msDisplayProgressbar: Incremental Player Build

ExitCode: 0 Duration: 0s410ms
Starting: /Applications/Unity/Hub/Editor/6000.5.6f1/Unity.app/Contents/Resources/BuildPipeline/bee_backend --ipc --dagfile="Library/Bee/Playerf20f6bd5.dag" --dagfilejson="Library/Bee/Playerf20f6bd5.dag.json" --profile="Library/Bee/backend2.traceevents" Player
WorkingDir: /Users/greg/git/kawaii-game/MochiMeadows
Finished compiling graph: 231 nodes, 494 flattened edges (494 ToBuild, 0 ToUse), maximum node priority 40
[ 1/40      0s] WriteText Library/Bee/artifacts/WebGL/GameAssembly/release_WebGL_wasm/_dummy_for_header_discovery
[ 2/40      0s] WriteText Library/Bee/artifacts/csharpactions/build.framework.js_mumr.info
[ 3/40      0s] WriteText Library/Bee/artifacts/csharpactions/UnityClassRegistration.cpp_o2yh.info
[ 4/40      0s] WriteText Library/Bee/artifacts/csharpactions/webgl.data_qnm2.info
[ 5/40      0s] WriteText Library/Bee/artifacts/csharpactions/boot.config_7kyv.info
[ 6/40      0s] AddBootConfigGUID Library/Bee/artifacts/WebGL/boot.config
[ 7/40      0s] Assemble WebGL Data Library/Bee/artifacts/WebGL/webgl.data
[ 8/40      0s] PreprocessJS Library/Bee/artifacts/WebGLWebGL.loader.js
[           0s] ComputeLeafInputSignature Lib_WebGL_wasm Library/Bee/artifacts/WebGL/il2cpp/release_WebGL_wasm/il2cpp.a [success 50812f1e675e120a71e82ae2ef5c7425]
[ 9/40      0s] Lib_WebGL_wasm Library/Bee/artifacts/WebGL/il2cpp/release_WebGL_wasm/il2cpp.a [CacheHit 50812f1e675e120a71e82ae2ef5c742500000000000000000000000000000006]
[ 9/40      0s] Lib_WebGL_wasm Library/Bee/artifacts/WebGL/il2cpp/release_WebGL_wasm/il2cpp.a
[11/40      1s] UnityLinker /Users/greg/git/kawaii-game/MochiMeadows/Library/Bee/artifacts/unitylinker_ber2.traceevents
/Applications/Unity/Hub/Editor/6000.5.6f1/Unity.app/Contents/Resources/Scripting/il2cpp/build/deploy/UnityLinker --out=Library/Bee/artifacts/WebGL/ManagedStripped --include-link-xml=/Users/greg/git/kawaii-game/MochiMeadows/Library/Bee/artifacts/UnityLinkerInputs/TypesInScenes.xml --include-directory=/Users/greg/git/kawaii-game/MochiMeadows/Library/Bee/PlayerScriptAssemblies --include-directory=/Applications/Unity/Hub/Editor/6000.5.6f1/Unity.app/Contents/Resources/Scripting/BCLExtensions/runtime/netstandard2.1 --include-directory=/Applications/Unity/Hub/Editor/6000.5.6f1/Unity.app/Contents/Resources/Scripting/MonoBleedingEdge/lib/mono/unityaot-linux --include-directory=/Applications/Unity/Hub/Editor/6000.5.6f1/Unity.app/Contents/Resources/Scripting/MonoBleedingEdge/lib/mono/unityaot-linux/Facades --include-directory=/Applications/Unity/Hub/Editor/6000.5.6f1/PlaybackEngines/WebGLSupport/Managed --profiler-report --profiler-output-file=/Users/greg/git/kawaii-game/MochiMeadows/Library/Bee/artifacts/unitylinker_ber2.traceevents --dotnetprofile=unityaot-linux --dotnetruntime=Il2Cpp --architecture=EmscriptenJavaScript --platform=WebGL --use-editor-options --enable-engine-module-stripping --engine-modules-asset-file=/Applications/Unity/Hub/Editor/6000.5.6f1/PlaybackEngines/WebGLSupport/modules.asset --editor-data-file=/Users/greg/git/kawaii-game/MochiMeadows/Library/Bee/artifacts/UnityLinkerInputs/EditorToUnityLinkerData.json --include-unity-root-assembly=/Users/greg/git/kawaii-game/MochiMeadows/Library/Bee/PlayerScriptAssemblies/Assembly-CSharp.dll --print-command-line --enable-analytics --allowed-assembly=/Applications/Unity/Hub/Editor/6000.5.6f1/Unity.app/Contents/Resources/Scripting/BCLExtensions/runtime/netstandard2.1/Microsoft.Bcl.AsyncInterfaces.dll --allowed-assembly=/Applications/Unity/Hub/Editor/6000.5.6f1/Unity.app/Contents/Resources/Scripting/BCLExtensions/runtime/netstandard2.1/Microsoft.Extensions.DependencyInjection.Abstractions.dll --allowed-assembly=/Applications/Unity/Hub/Editor/6000.5.6f1/Unity.app/Contents/Resources/Scripting/BCLExtensions/runtime/netstandard2.1/Microsoft.Extensions.Logging.Abstractions.dll --allowed-assembly=/Applications/Unity/Hub/Editor/6000.5.6f1/Unity.app/Contents/Resources/Scripting/BCLExtensions/runtime/netstandard2.1/System.Collections.Immutable.dll --allowed-assembly=/Applications/Unity/Hub/Editor/6000.5.6f1/Unity.app/Contents/Resources/Scripting/BCLExtensions/runtime/netstandard2.1/System.Diagnostics.DiagnosticSource.dll --allowed-assembly=/Applications/Unity/Hub/Editor/6000.5.6f1/Unity.app/Contents/Resources/Scripting/BCLExtensions/runtime/netstandard2.1/System.IO.Hashing.dll --allowed-assembly=/Applications/Unity/Hub/Editor/6000.5.6f1/Unity.app/Contents/Resources/Scripting/BCLExtensions/runtime/netstandard2.1/System.Reflection.Metadata.dll --allowed-assembly=/Applications/Unity/Hub/Editor/6000.5.6f1/Unity.app/Contents/Resources/Scripting/BCLExtensions/runtime/netstandard2.1/System.Runtime.CompilerServices.Unsafe.dll --allowed-assembly=/Applications/Unity/Hub/Editor/6000.5.6f1/Unity.app/Contents/Resources/Scripting/BCLExtensions/runtime/netstandard2.1/System.Text.Encodings.Web.dll --allowed-assembly=/Applications/Unity/Hub/Editor/6000.5.6f1/Unity.app/Contents/Resources/Scripting/BCLExtensions/runtime/netstandard2.1/System.Text.Json.dll --allowed-assembly=/Applications/Unity/Hub/Editor/6000.5.6f1/Unity.app/Contents/Resources/Scripting/MonoBleedingEdge/lib/mono/unityaot-linux/Accessibility.dll --allowed-assembly=/Applications/Unity/Hub/Editor/6000.5.6f1/Unity.app/Contents/Resources/Scripting/MonoBleedingEdge/lib/mono/unityaot-linux/I18N.CJK.dll --allowed-assembly=/Applications/Unity/Hub/Editor/6000.5.6f1/Unity.app/Contents/Resources/Scripting/MonoBleedingEdge/lib/mono/unityaot-linux/I18N.MidEast.dll --allowed-assembly=/Applications/Unity/Hub/Editor/6000.5.6f1/Unity.app/Contents/Resources/Scripting/MonoBleedingEdge/lib/mono/unityaot-linux/I18N.Other.dll --allowed-assembly=/Applications/Unity/Hub/Editor/6000.5.6f1/Unity.app/Contents/Resources/Scripting/MonoBleedingEdge/lib/mono/unityaot-linux/I18N.Rare.dll --allowed-assembly=/Applications/Unity/Hub/Editor/6000.5.6f1/Unity.app/Contents/Resources/Scripting/MonoBleedingEdge/lib/mono/unityaot-linux/I18N.West.dll --allowed-assembly=/Applications/Unity/Hub/Editor/6000.5.6f1/Unity.app/Contents/Resources/Scripting/MonoBleedingEdge/lib/mono/unityaot-linux/I18N.dll --allowed-assembly=/Applications/Unity/Hub/Editor/6000.5.6f1/Unity.app/Contents/Resources/Scripting/MonoBleedingEdge/lib/mono/unityaot-linux/Microsoft.CSharp.dll --allowed-assembly=/Applications/Unity/Hub/Editor/6000.5.6f1/Unity.app/Contents/Resources/Scripting/MonoBleedingEdge/lib/mono/unityaot-linux/Mono.Data.Sqlite.dll --allowed-assembly=/Applications/Unity/Hub/Editor/6000.5.6f1/Unity.app/Contents/Resources/Scripting/MonoBleedingEdge/lib/mono/unityaot-linux/Mono.Data.Tds.dll --allowed-assembly=/Applications/Unity/Hub/Editor/6000.5.6f1/Unity.app/Contents/Resources/Scripting/MonoBleedingEdge/lib/mono/unityaot-linux/Mono.Security.dll --allowed-assembly=/Applications/Unity/Hub/Editor/6000.5.6f1/Unity.app/Contents/Resources/Scripting/MonoBleedingEdge/lib/mono/unityaot-linux/System.ComponentModel.Composition.dll --allowed-assembly=/Applications/Unity/Hub/Editor/6000.5.6f1/Unity.app/Contents/Resources/Scripting/MonoBleedingEdge/lib/mono/unityaot-linux/System.ComponentModel.DataAnnotations.dll --allowed-assembly=/Applications/Unity/Hub/Editor/6000.5.6f1/Unity.app/Contents/Resources/Scripting/MonoBleedingEdge/lib/mono/unityaot-linux/System.Configuration.Install.dll --allowed-assembly=/Applications/Unity/Hub/Editor/6000.5.6f1/Unity.app/Contents/Resources/Scripting/MonoBleedingEdge/lib/mono/unityaot-linux/System.Configuration.dll --allowed-assembly=/Applications/Unity/Hub/Editor/6000.5.6f1/Unity.app/Contents/Resources/Scripting/MonoBleedingEdge/lib/mono/unityaot-linux/System.Core.dll --allowed-assembly=/Applications/Unity/Hub/Editor/6000.5.6f1/Unity.app/Contents/Resources/Scripting/MonoBleedingEdge/lib/mono/unityaot-linux/System.Data.DataSetExtensions.dll --allowed-assembly=/Applications/Unity/Hub/Editor/6000.5.6f1/Unity.app/Contents/Resources/Scripting/MonoBleedingEdge/lib/mono/unityaot-linux/System.Data.Entity.dll --allowed-assembly=/Applications/Unity/Hub/Editor/6000.5.6f1/Unity.app/Contents/Resources/Scripting/MonoBleedingEdge/lib/mono/unityaot-linux/System.Data.Linq.dll --allowed-assembly=/Applications/Unity/Hub/Editor/6000.5.6f1/Unity.app/Contents/Resources/Scripting/MonoBleedingEdge/lib/mono/unityaot-linux/System.Data.OracleClient.dll --allowed-assembly=/Applications/Unity/Hub/Editor/6000.5.6f1/Unity.app/Contents/Resources/Scripting/MonoBleedingEdge/lib/mono/unityaot-linux/System.Data.Services.Client.dll --allowed-assembly=/Applications/Unity/Hub/Editor/6000.5.6f1/Unity.app/Contents/Resources/Scripting/MonoBleedingEdge/lib/mono/unityaot-linux/System.Data.Services.dll --allowed-assembly=/Applications/Unity/Hub/Editor/6000.5.6f1/Unity.app/Contents/Resources/Scripting/MonoBleedingEdge/lib/mono/unityaot-linux/System.Data.dll --allowed-assembly=/Applications/Unity/Hub/Editor/6000.5.6f1/Unity.app/Contents/Resources/Scripting/MonoBleedingEdge/lib/mono/unityaot-linux/System.Design.dll --allowed-assembly=/Applications/Unity/Hub/Editor/6000.5.6f1/Unity.app/Contents/Resources/Scripting/MonoBleedingEdge/lib/mono/unityaot-linux/System.DirectoryServices.Protocols.dll --allowed-assembly=/Applications/Unity/Hub/Editor/6000.5.6f1/Unity.app/Contents/Resources/Scripting/MonoBleedingEdge/lib/mono/unityaot-linux/System.DirectoryServices.dll --allowed-assembly=/Applications/Unity/Hub/Editor/6000.5.6f1/Unity.app/Contents/Resources/Scripting/MonoBleedingEdge/lib/mono/unityaot-linux/System.Drawing.Design.dll --allowed-assembly=/Applications/Unity/Hub/Editor/6000.5.6f1/Unity.app/Contents/Resources/Scripting/MonoBleedingEdge/lib/mono/unityaot-linux/System.Drawing.dll --allowed-assembly=/Applications/Unity/Hub/Editor/6000.5.6f1/Unity.app/Contents/Resources/Scripting/MonoBleedingEdge/lib/mono/unityaot-linux/System.EnterpriseServices.dll --allowed-assembly=/Applications/Unity/Hub/Editor/6000.5.6f1/Unity.app/Contents/Resources/Scripting/MonoBleedingEdge/lib/mono/unityaot-linux/System.IO.Compression.FileSystem.dll --allowed-assembly=/Applications/Unity/Hub/Editor/6000.5.6f1/Unity.app/Contents/Resources/Scripting/MonoBleedingEdge/lib/mono/unityaot-linux/System.IO.Compression.dll --allowed-assembly=/Applications/Unity/Hub/Editor/6000.5.6f1/Unity.app/Contents/Resources/Scripting/MonoBleedingEdge/lib/mono/unityaot-linux/System.IdentityModel.Selectors.dll --allowed-assembly=/Applications/Unity/Hub/Editor/6000.5.6f1/Unity.app/Contents/Resources/Scripting/MonoBleedingEdge/lib/mono/unityaot-linux/System.IdentityModel.dll --allowed-assembly=/Applications/Unity/Hub/Editor/6000.5.6f1/Unity.app/Contents/Resources/Scripting/MonoBleedingEdge/lib/mono/unityaot-linux/System.Json.dll --allowed-assembly=/Applications/Unity/Hub/Editor/6000.5.6f1/Unity.app/Contents/Resources/Scripting/MonoBleedingEdge/lib/mono/unityaot-linux/System.Management.dll --allowed-assembly=/Applications/Unity/Hub/Editor/6000.5.6f1/Unity.app/Contents/Resources/Scripting/MonoBleedingEdge/lib/mono/unityaot-linux/System.Messaging.dll --allowed-assembly=/Applications/Unity/Hub/Editor/6000.5.6f1/Unity.app/Contents/Resources/Scripting/MonoBleedingEdge/lib/mono/unityaot-linux/System.Net.Http.WebRequest.dll --allowed-assembly=/Applications/Unity/Hub/Editor/6000.5.6f1/Unity.app/Contents/Resources/Scripting/MonoBleedingEdge/lib/mono/unityaot-linux/System.Net.Http.dll --allowed-assembly=/Applications/Unity/Hub/Editor/6000.5.6f1/Unity.app/Contents/Resources/Scripting/MonoBleedingEdge/lib/mono/unityaot-linux/System.Net.dll --allowed-assembly=/Applications/Unity/Hub/Editor/6000.5.6f1/Unity.app/Contents/Resources/Scripting/MonoBleedingEdge/lib/mono/unityaot-linux/System.Numerics.Vectors.dll --allowed-assembly=/Applications/Unity/Hub/Editor/6000.5.6f1/Unity.app/Contents/Resources/Scripting/MonoBleedingEdge/lib/mono/unityaot-linux/System.Numerics.dll --allowed-assembly=/Applications/Unity/Hub/Editor/6000.5.6f1/Unity.app/Contents/Resources/Scripting/MonoBleedingEdge/lib/mono/unityaot-linux/System.Reflection.Context.dll --allowed-assembly=/Applications/Unity/Hub/Editor/6000.5.6f1/Unity.app/Contents/Resources/Scripting/MonoBleedingEdge/lib/mono/unityaot-linux/System.Runtime.Caching.dll --allowed-assembly=/Applications/Unity/Hub/Editor/6000.5.6f1/Unity.app/Contents/Resources/Scripting/MonoBleedingEdge/lib/mono/unityaot-linux/System.Runtime.DurableInstancing.dll --allowed-assembly=/Applications/Unity/Hub/Editor/6000.5.6f1/Unity.app/Contents/Resources/Scripting/MonoBleedingEdge/lib/mono/unityaot-linux/System.Runtime.Remoting.dll --allowed-assembly=/Applications/Unity/Hub/Editor/6000.5.6f1/Unity.app/Contents/Resources/Scripting/MonoBleedingEdge/lib/mono/unityaot-linux/System.Runtime.Serialization.Formatters.Soap.dll --allowed-assembly=/Applications/Unity/Hub/Editor/6000.5.6f1/Unity.app/Contents/Resources/Scripting/MonoBleedingEdge/lib/mono/unityaot-linux/System.Runtime.Serialization.dll --allowed-assembly=/Applications/Unity/Hub/Editor/6000.5.6f1/Unity.app/Contents/Resources/Scripting/MonoBleedingEdge/lib/mono/unityaot-linux/System.Security.dll --allowed-assembly=/Applications/Unity/Hub/Editor/6000.5.6f1/Unity.app/Contents/Resources/Scripting/MonoBleedingEdge/lib/mono/unityaot-linux/System.ServiceModel.Activation.dll --allowed-assembly=/Applications/Unity/Hub/Editor/6000.5.6f1/Unity.app/Contents/Resources/Scripting/MonoBleedingEdge/lib/mono/unityaot-linux/System.ServiceModel.Discovery.dll --allowed-assembly=/Applications/Unity/Hub/Editor/6000.5.6f1/Unity.app/Contents/Resources/Scripting/MonoBleedingEdge/lib/mono/unityaot-linux/System.ServiceModel.Internals.dll --allowed-assembly=/Applications/Unity/Hub/Editor/6000.5.6f1/Unity.app/Contents/Resources/Scripting/MonoBleedingEdge/lib/mono/unityaot-linux/System.ServiceModel.Routing.dll --allowed-assembly=/Applications/Unity/Hub/Editor/6000.5.6f1/Unity.app/Contents/Resources/Scripting/MonoBleedingEdge/lib/mono/unityaot-linux/System.ServiceModel.Web.dll --allowed-assembly=/Applications/Unity/Hub/Editor/6000.5.6f1/Unity.app/Contents/Resources/Scripting/MonoBleedingEdge/lib/mono/unityaot-linux/System.ServiceModel.dll --allowed-assembly=/Applications/Unity/Hub/Editor/6000.5.6f1/Unity.app/Contents/Resources/Scripting/MonoBleedingEdge/lib/mono/unityaot-linux/System.ServiceProcess.dll --allowed-assembly=/Applications/Unity/Hub/Editor/6000.5.6f1/Unity.app/Contents/Resources/Scripting/MonoBleedingEdge/lib/mono/unityaot-linux/System.Transactions.dll --allowed-assembly=/Applications/Unity/Hub/Editor/6000.5.6f1/Unity.app/Contents/Resources/Scripting/MonoBleedingEdge/lib/mono/unityaot-linux/System.Web.ApplicationServices.dll --allowed-assembly=/Applications/Unity/Hub/Editor/6000.5.6f1/Unity.app/Contents/Resources/Scripting/MonoBleedingEdge/lib/mono/unityaot-linux/System.Web.DynamicData.dll --allowed-assembly=/Applications/Unity/Hub/Editor/6000.5.6f1/Unity.app/Contents/Resources/Scripting/MonoBleedingEdge/lib/mono/unityaot-linux/System.Web.Extensions.Design.dll --allowed-assembly=/Applications/Unity/Hub/Editor/6000.5.6f1/Unity.app/Contents/Resources/Scripting/MonoBleedingEdge/lib/mono/unityaot-linux/System.Web.Extensions.dll --allowed-assembly=/Applications/Unity/Hub/Editor/6000.5.6f1/Unity.app/Contents/Resources/Scripting/MonoBleedingEdge/lib/mono/unityaot-linux/System.Web.RegularExpressions.dll --allowed-assembly=/Applications/Unity/Hub/Editor/6000.5.6f1/Unity.app/Contents/Resources/Scripting/MonoBleedingEdge/lib/mono/unityaot-linux/System.Web.Services.dll --allowed-assembly=/Applications/Unity/Hub/Editor/6000.5.6f1/Unity.app/Contents/Resources/Scripting/MonoBleedingEdge/lib/mono/unityaot-linux/System.Web.dll --allowed-assembly=/Applications/Unity/Hub/Editor/6000.5.6f1/Unity.app/Contents/Resources/Scripting/MonoBleedingEdge/lib/mono/unityaot-linux/System.Windows.Forms.DataVisualization.dll --allowed-assembly=/Applications/Unity/Hub/Editor/6000.5.6f1/Unity.app/Contents/Resources/Scripting/MonoBleedingEdge/lib/mono/unityaot-linux/System.Windows.Forms.dll --allowed-assembly=/Applications/Unity/Hub/Editor/6000.5.6f1/Unity.app/Contents/Resources/Scripting/MonoBleedingEdge/lib/mono/unityaot-linux/System.Windows.dll --allowed-assembly=/Applications/Unity/Hub/Editor/6000.5.6f1/Unity.app/Contents/Resources/Scripting/MonoBleedingEdge/lib/mono/unityaot-linux/System.Xaml.dll --allowed-assembly=/Applications/Unity/Hub/Editor/6000.5.6f1/Unity.app/Contents/Resources/Scripting/MonoBleedingEdge/lib/mono/unityaot-linux/System.Xml.Linq.dll --allowed-assembly=/Applications/Unity/Hub/Editor/6000.5.6f1/Unity.app/Contents/Resources/Scripting/MonoBleedingEdge/lib/mono/unityaot-linux/System.Xml.Serialization.dll --allowed-assembly=/Applications/Unity/Hub/Editor/6000.5.6f1/Unity.app/Contents/Resources/Scripting/MonoBleedingEdge/lib/mono/unityaot-linux/System.Xml.dll --allowed-assembly=/Applications/Unity/Hub/Editor/6000.5.6f1/Unity.app/Contents/Resources/Scripting/MonoBleedingEdge/lib/mono/unityaot-linux/System.dll --allowed-assembly=/Applications/Unity/Hub/Editor/6000.5.6f1/Unity.app/Contents/Resources/Scripting/MonoBleedingEdge/lib/mono/unityaot-linux/mscorlib.dll --allowed-assembly=/Applications/Unity/Hub/Editor/6000.5.6f1/Unity.app/Contents/Resources/Scripting/MonoBleedingEdge/lib/mono/unityaot-linux/Facades/Microsoft.Win32.Primitives.dll --allowed-assembly=/Applications/Unity/Hub/Editor/6000.5.6f1/Unity.app/Contents/Resources/Scripting/MonoBleedingEdge/lib/mono/unityaot-linux/Facades/Microsoft.Win32.Registry.AccessControl.dll --allowed-assembly=/Applications/Unity/Hub/Editor/6000.5.6f1/Unity.app/Contents/Resources/Scripting/MonoBleedingEdge/lib/mono/unityaot-linux/Facades/Microsoft.Win32.Registry.dll --allowed-assembly=/Applications/Unity/Hub/Editor/6000.5.6f1/Unity.app/Contents/Resources/Scripting/MonoBleedingEdge/lib/mono/unityaot-linux/Facades/System.AppContext.dll --allowed-assembly=/Applications/Unity/Hub/Editor/6000.5.6f1/Unity.app/Contents/Resources/Scripting/MonoBleedingEdge/lib/mono/unityaot-linux/Facades/System.Buffers.dll --allowed-assembly=/Applications/Unity/Hub/Editor/6000.5.6f1/Unity.app/Contents/Resources/Scripting/MonoBleedingEdge/lib/mono/unityaot-linux/Facades/System.Collections.Concurrent.dll --allowed-assembly=/Applications/Unity/Hub/Editor/6000.5.6f1/Unity.app/Contents/Resources/Scripting/MonoBleedingEdge/lib/mono/unityaot-linux/Facades/System.Collections.NonGeneric.dll --allowed-assembly=/Applications/Unity/Hub/Editor/6000.5.6f1/Unity.app/Contents/Resources/Scripting/MonoBleedingEdge/lib/mono/unityaot-linux/Facades/System.Collections.Specialized.dll --allowed-assembly=/Applications/Unity/Hub/Editor/6000.5.6f1/Unity.app/Contents/Resources/Scripting/MonoBleedingEdge/lib/mono/unityaot-linux/Facades/System.Collections.dll --allowed-assembly=/Applications/Unity/Hub/Editor/6000.5.6f1/Unity.app/Contents/Resources/Scripting/MonoBleedingEdge/lib/mono/unityaot-linux/Facades/System.ComponentModel.Annotations.dll --allowed-assembly=/Applications/Unity/Hub/Editor/6000.5.6f1/Unity.app/Contents/Resources/Scripting/MonoBleedingEdge/lib/mono/unityaot-linux/Facades/System.ComponentModel.EventBasedAsync.dll --allowed-assembly=/Applications/Unity/Hub/Editor/6000.5.6f1/Unity.app/Contents/Resources/Scripting/MonoBleedingEdge/lib/mono/unityaot-linux/Facades/System.ComponentModel.Primitives.dll --allowed-assembly=/Applications/Unity/Hub/Editor/6000.5.6f1/Unity.app/Contents/Resources/Scripting/MonoBleedingEdge/lib/mono/unityaot-linux/Facades/System.ComponentModel.TypeConverter.dll --allowed-assembly=/Applications/Unity/Hub/Editor/6000.5.6f1/Unity.app/Contents/Resources/Scripting/MonoBleedingEdge/lib/mono/unityaot-linux/Facades/System.ComponentModel.dll --allowed-assembly=/Applications/Unity/Hub/Editor/6000.5.6f1/Unity.app/Contents/Resources/Scripting/MonoBleedingEdge/lib/mono/unityaot-linux/Facades/System.Console.dll --allowed-assembly=/Applications/Unity/Hub/Editor/6000.5.6f1/Unity.app/Contents/Resources/Scripting/MonoBleedingEdge/lib/mono/unityaot-linux/Facades/System.Data.Common.dll --allowed-assembly=/Applications/Unity/Hub/Editor/6000.5.6f1/Unity.app/Contents/Resources/Scripting/MonoBleedingEdge/lib/mono/unityaot-linux/Facades/System.Data.SqlClient.dll --allowed-assembly=/Applications/Unity/Hub/Editor/6000.5.6f1/Unity.app/Contents/Resources/Scripting/MonoBleedingEdge/lib/mono/unityaot-linux/Facades/System.Diagnostics.Contracts.dll --allowed-assembly=/Applications/Unity/Hub/Editor/6000.5.6f1/Unity.app/Contents/Resources/Scripting/MonoBleedingEdge/lib/mono/unityaot-linux/Facades/System.Diagnostics.Debug.dll --allowed-assembly=/Applications/Unity/Hub/Editor/6000.5.6f1/Unity.app/Contents/Resources/Scripting/MonoBleedingEdge/lib/mono/unityaot-linux/Facades/System.Diagnostics.FileVersionInfo.dll --allowed-assembly=/Applications/Unity/Hub/Editor/6000.5.6f1/Unity.app/Contents/Resources/Scripting/MonoBleedingEdge/lib/mono/unityaot-linux/Facades/System.Diagnostics.Process.dll --allowed-assembly=/Applications/Unity/Hub/Editor/6000.5.6f1/Unity.app/Contents/Resources/Scripting/MonoBleedingEdge/lib/mono/unityaot-linux/Facades/System.Diagnostics.StackTrace.dll --allowed-assembly=/Applications/Unity/Hub/Editor/6000.5.6f1/Unity.app/Contents/Resources/Scripting/MonoBleedingEdge/lib/mono/unityaot-linux/Facades/System.Diagnostics.TextWriterTraceListener.dll --allowed-assembly=/Applications/Unity/Hub/Editor/6000.5.6f1/Unity.app/Contents/Resources/Scripting/MonoBleedingEdge/lib/mono/unityaot-linux/Facades/System.Diagnostics.Tools.dll --allowed-assembly=/Applications/Unity/Hub/Editor/6000.5.6f1/Unity.app/Contents/Resources/Scripting/MonoBleedingEdge/lib/mono/unityaot-linux/Facades/System.Diagnostics.TraceEvent.dll --allowed-assembly=/Applications/Unity/Hub/Editor/6000.5.6f1/Unity.app/Contents/Resources/Scripting/MonoBleedingEdge/lib/mono/unityaot-linux/Facades/System.Diagnostics.TraceSource.dll --allowed-assembly=/Applications/Unity/Hub/Editor/6000.5.6f1/Unity.app/Contents/Resources/Scripting/MonoBleedingEdge/lib/mono/unityaot-linux/Facades/System.Diagnostics.Tracing.dll --allowed-assembly=/Applications/Unity/Hub/Editor/6000.5.6f1/Unity.app/Contents/Resources/Scripting/MonoBleedingEdge/lib/mono/unityaot-linux/Facades/System.Drawing.Primitives.dll --allowed-assembly=/Applications/Unity/Hub/Editor/6000.5.6f1/Unity.app/Contents/Resources/Scripting/MonoBleedingEdge/lib/mono/unityaot-linux/Facades/System.Dynamic.Runtime.dll --allowed-assembly=/Applications/Unity/Hub/Editor/6000.5.6f1/Unity.app/Contents/Resources/Scripting/MonoBleedingEdge/lib/mono/unityaot-linux/Facades/System.Globalization.Calendars.dll --allowed-assembly=/Applications/Unity/Hub/Editor/6000.5.6f1/Unity.app/Contents/Resources/Scripting/MonoBleedingEdge/lib/mono/unityaot-linux/Facades/System.Globalization.Extensions.dll --allowed-assembly=/Applications/Unity/Hub/Editor/6000.5.6f1/Unity.app/Contents/Resources/Scripting/MonoBleedingEdge/lib/mono/unityaot-linux/Facades/System.Globalization.dll --allowed-assembly=/Applications/Unity/Hub/Editor/6000.5.6f1/Unity.app/Contents/Resources/Scripting/MonoBleedingEdge/lib/mono/unityaot-linux/Facades/System.IO.Compression.ZipFile.dll --allowed-assembly=/Applications/Unity/Hub/Editor/6000.5.6f1/Unity.app/Contents/Resources/Scripting/MonoBleedingEdge/lib/mono/unityaot-linux/Facades/System.IO.FileSystem.AccessControl.dll --allowed-assembly=/Applications/Unity/Hub/Editor/6000.5.6f1/Unity.app/Contents/Resources/Scripting/MonoBleedingEdge/lib/mono/unityaot-linux/Facades/System.IO.FileSystem.DriveInfo.dll --allowed-assembly=/Applications/Unity/Hub/Editor/6000.5.6f1/Unity.app/Contents/Resources/Scripting/MonoBleedingEdge/lib/mono/unityaot-linux/Facades/System.IO.FileSystem.Primitives.dll --allowed-assembly=/Applications/Unity/Hub/Editor/6000.5.6f1/Unity.app/Contents/Resources/Scripting/MonoBleedingEdge/lib/mono/unityaot-linux/Facades/System.IO.FileSystem.Watcher.dll --allowed-assembly=/Applications/Unity/Hub/Editor/6000.5.6f1/Unity.app/Contents/Resources/Scripting/MonoBleedingEdge/lib/mono/unityaot-linux/Facades/System.IO.FileSystem.dll --allowed-assembly=/Applications/Unity/Hub/Editor/6000.5.6f1/Unity.app/Contents/Resources/Scripting/MonoBleedingEdge/lib/mono/unityaot-linux/Facades/System.IO.IsolatedStorage.dll --allowed-assembly=/Applications/Unity/Hub/Editor/6000.5.6f1/Unity.app/Contents/Resources/Scripting/MonoBleedingEdge/lib/mono/unityaot-linux/Facades/System.IO.MemoryMappedFiles.dll --allowed-assembly=/Applications/Unity/Hub/Editor/6000.5.6f1/Unity.app/Contents/Resources/Scripting/MonoBleedingEdge/lib/mono/unityaot-linux/Facades/System.IO.Pipes.dll --allowed-assembly=/Applications/Unity/Hub/Editor/6000.5.6f1/Unity.app/Contents/Resources/Scripting/MonoBleedingEdge/lib/mono/unityaot-linux/Facades/System.IO.UnmanagedMemoryStream.dll --allowed-assembly=/Applications/Unity/Hub/Editor/6000.5.6f1/Unity.app/Contents/Resources/Scripting/MonoBleedingEdge/lib/mono/unityaot-linux/Facades/System.IO.dll --allowed-assembly=/Applications/Unity/Hub/Editor/6000.5.6f1/Unity.app/Contents/Resources/Scripting/MonoBleedingEdge/lib/mono/unityaot-linux/Facades/System.Linq.Expressions.dll --allowed-assembly=/Applications/Unity/Hub/Editor/6000.5.6f1/Unity.app/Contents/Resources/Scripting/MonoBleedingEdge/lib/mono/unityaot-linux/Facades/System.Linq.Parallel.dll --allowed-assembly=/Applications/Unity/Hub/Editor/6000.5.6f1/Unity.app/Contents/Resources/Scripting/MonoBleedingEdge/lib/mono/unityaot-linux/Facades/System.Linq.Queryable.dll --allowed-assembly=/Applications/Unity/Hub/Editor/6000.5.6f1/Unity.app/Contents/Resources/Scripting/MonoBleedingEdge/lib/mono/unityaot-linux/Facades/System.Linq.dll --allowed-assembly=/Applications/Unity/Hub/Editor/6000.5.6f1/Unity.app/Contents/Resources/Scripting/MonoBleedingEdge/lib/mono/unityaot-linux/Facades/System.Memory.dll --allowed-assembly=/Applications/Unity/Hub/Editor/6000.5.6f1/Unity.app/Contents/Resources/Scripting/MonoBleedingEdge/lib/mono/unityaot-linux/Facades/System.Net.AuthenticationManager.dll --allowed-assembly=/Applications/Unity/Hub/Editor/6000.5.6f1/Unity.app/Contents/Resources/Scripting/MonoBleedingEdge/lib/mono/unityaot-linux/Facades/System.Net.Cache.dll --allowed-assembly=/Applications/Unity/Hub/Editor/6000.5.6f1/Unity.app/Contents/Resources/Scripting/MonoBleedingEdge/lib/mono/unityaot-linux/Facades/System.Net.HttpListener.dll --allowed-assembly=/Applications/Unity/Hub/Editor/6000.5.6f1/Unity.app/Contents/Resources/Scripting/MonoBleedingEdge/lib/mono/unityaot-linux/Facades/System.Net.Mail.dll --allowed-assembly=/Applications/Unity/Hub/Editor/6000.5.6f1/Unity.app/Contents/Resources/Scripting/MonoBleedingEdge/lib/mono/unityaot-linux/Facades/System.Net.NameResolution.dll --allowed-assembly=/Applications/Unity/Hub/Editor/6000.5.6f1/Unity.app/Contents/Resources/Scripting/MonoBleedingEdge/lib/mono/unityaot-linux/Facades/System.Net.NetworkInformation.dll --allowed-assembly=/Applications/Unity/Hub/Editor/6000.5.6f1/Unity.app/Contents/Resources/Scripting/MonoBleedingEdge/lib/mono/unityaot-linux/Facades/System.Net.Ping.dll --allowed-assembly=/Applications/Unity/Hub/Editor/6000.5.6f1/Unity.app/Contents/Resources/Scripting/MonoBleedingEdge/lib/mono/unityaot-linux/Facades/System.Net.Primitives.dll --allowed-assembly=/Applications/Unity/Hub/Editor/6000.5.6f1/Unity.app/Contents/Resources/Scripting/MonoBleedingEdge/lib/mono/unityaot-linux/Facades/System.Net.Requests.dll --allowed-assembly=/Applications/Unity/Hub/Editor/6000.5.6f1/Unity.app/Contents/Resources/Scripting/MonoBleedingEdge/lib/mono/unityaot-linux/Facades/System.Net.Security.dll --allowed-assembly=/Applications/Unity/Hub/Editor/6000.5.6f1/Unity.app/Contents/Resources/Scripting/MonoBleedingEdge/lib/mono/unityaot-linux/Facades/System.Net.ServicePoint.dll --allowed-assembly=/Applications/Unity/Hub/Editor/6000.5.6f1/Unity.app/Contents/Resources/Scripting/MonoBleedingEdge/lib/mono/unityaot-linux/Facades/System.Net.Sockets.dll --allowed-assembly=/Applications/Unity/Hub/Editor/6000.5.6f1/Unity.app/Contents/Resources/Scripting/MonoBleedingEdge/lib/mono/unityaot-linux/Facades/System.Net.Utilities.dll --allowed-assembly=/Applications/Unity/Hub/Editor/6000.5.6f1/Unity.app/Contents/Resources/Scripting/MonoBleedingEdge/lib/mono/unityaot-linux/Facades/System.Net.WebHeaderCollection.dll --allowed-assembly=/Applications/Unity/Hub/Editor/6000.5.6f1/Unity.app/Contents/Resources/Scripting/MonoBleedingEdge/lib/mono/unityaot-linux/Facades/System.Net.WebSockets.Client.dll --allowed-assembly=/Applications/Unity/Hub/Editor/6000.5.6f1/Unity.app/Contents/Resources/Scripting/MonoBleedingEdge/lib/mono/unityaot-linux/Facades/System.Net.WebSockets.dll --allowed-assembly=/Applications/Unity/Hub/Editor/6000.5.6f1/Unity.app/Contents/Resources/Scripting/MonoBleedingEdge/lib/mono/unityaot-linux/Facades/System.ObjectModel.dll --allowed-assembly=/Applications/Unity/Hub/Editor/6000.5.6f1/Unity.app/Contents/Resources/Scripting/MonoBleedingEdge/lib/mono/unityaot-linux/Facades/System.Reflection.DispatchProxy.dll --allowed-assembly=/Applications/Unity/Hub/Editor/6000.5.6f1/Unity.app/Contents/Resources/Scripting/MonoBleedingEdge/lib/mono/unityaot-linux/Facades/System.Reflection.Emit.ILGeneration.dll --allowed-assembly=/Applications/Unity/Hub/Editor/6000.5.6f1/Unity.app/Contents/Resources/Scripting/MonoBleedingEdge/lib/mono/unityaot-linux/Facades/System.Reflection.Emit.Lightweight.dll --allowed-assembly=/Applications/Unity/Hub/Editor/6000.5.6f1/Unity.app/Contents/Resources/Scripting/MonoBleedingEdge/lib/mono/unityaot-linux/Facades/System.Reflection.Emit.dll --allowed-assembly=/Applications/Unity/Hub/Editor/6000.5.6f1/Unity.app/Contents/Resources/Scripting/MonoBleedingEdge/lib/mono/unityaot-linux/Facades/System.Reflection.Extensions.dll --allowed-assembly=/Applications/Unity/Hub/Editor/6000.5.6f1/Unity.app/Contents/Resources/Scripting/MonoBleedingEdge/lib/mono/unityaot-linux/Facades/System.Reflection.Primitives.dll --allowed-assembly=/Applications/Unity/Hub/Editor/6000.5.6f1/Unity.app/Contents/Resources/Scripting/MonoBleedingEdge/lib/mono/unityaot-linux/Facades/System.Reflection.TypeExtensions.dll --allowed-assembly=/Applications/Unity/Hub/Editor/6000.5.6f1/Unity.app/Contents/Resources/Scripting/MonoBleedingEdge/lib/mono/unityaot-linux/Facades/System.Reflection.dll --allowed-assembly=/Applications/Unity/Hub/Editor/6000.5.6f1/Unity.app/Contents/Resources/Scripting/MonoBleedingEdge/lib/mono/unityaot-linux/Facades/System.Resources.Reader.dll --allowed-assembly=/Applications/Unity/Hub/Editor/6000.5.6f1/Unity.app/Contents/Resources/Scripting/MonoBleedingEdge/lib/mono/unityaot-linux/Facades/System.Resources.ReaderWriter.dll --allowed-assembly=/Applications/Unity/Hub/Editor/6000.5.6f1/Unity.app/Contents/Resources/Scripting/MonoBleedingEdge/lib/mono/unityaot-linux/Facades/System.Resources.ResourceManager.dll --allowed-assembly=/Applications/Unity/Hub/Editor/6000.5.6f1/Unity.app/Contents/Resources/Scripting/MonoBleedingEdge/lib/mono/unityaot-linux/Facades/System.Resources.Writer.dll --allowed-assembly=/Applications/Unity/Hub/Editor/6000.5.6f1/Unity.app/Contents/Resources/Scripting/MonoBleedingEdge/lib/mono/unityaot-linux/Facades/System.Runtime.CompilerServices.VisualC.dll --allowed-assembly=/Applications/Unity/Hub/Editor/6000.5.6f1/Unity.app/Contents/Resources/Scripting/MonoBleedingEdge/lib/mono/unityaot-linux/Facades/System.Runtime.Extensions.dll --allowed-assembly=/Applications/Unity/Hub/Editor/6000.5.6f1/Unity.app/Contents/Resources/Scripting/MonoBleedingEdge/lib/mono/unityaot-linux/Facades/System.Runtime.Handles.dll --allowed-assembly=/Applications/Unity/Hub/Editor/6000.5.6f1/Unity.app/Contents/Resources/Scripting/MonoBleedingEdge/lib/mono/unityaot-linux/Facades/System.Runtime.InteropServices.RuntimeInformation.dll --allowed-assembly=/Applications/Unity/Hub/Editor/6000.5.6f1/Unity.app/Contents/Resources/Scripting/MonoBleedingEdge/lib/mono/unityaot-linux/Facades/System.Runtime.InteropServices.WindowsRuntime.dll --allowed-assembly=/Applications/Unity/Hub/Editor/6000.5.6f1/Unity.app/Contents/Resources/Scripting/MonoBleedingEdge/lib/mono/unityaot-linux/Facades/System.Runtime.InteropServices.dll --allowed-assembly=/Applications/Unity/Hub/Editor/6000.5.6f1/Unity.app/Contents/Resources/Scripting/MonoBleedingEdge/lib/mono/unityaot-linux/Facades/System.Runtime.Loader.dll --allowed-assembly=/Applications/Unity/Hub/Editor/6000.5.6f1/Unity.app/Contents/Resources/Scripting/MonoBleedingEdge/lib/mono/unityaot-linux/Facades/System.Runtime.Numerics.dll --allowed-assembly=/Applications/Unity/Hub/Editor/6000.5.6f1/Unity.app/Contents/Resources/Scripting/MonoBleedingEdge/lib/mono/unityaot-linux/Facades/System.Runtime.Serialization.Formatters.dll --allowed-assembly=/Applications/Unity/Hub/Editor/6000.5.6f1/Unity.app/Contents/Resources/Scripting/MonoBleedingEdge/lib/mono/unityaot-linux/Facades/System.Runtime.Serialization.Json.dll --allowed-assembly=/Applications/Unity/Hub/Editor/6000.5.6f1/Unity.app/Contents/Resources/Scripting/MonoBleedingEdge/lib/mono/unityaot-linux/Facades/System.Runtime.Serialization.Primitives.dll --allowed-assembly=/Applications/Unity/Hub/Editor/6000.5.6f1/Unity.app/Contents/Resources/Scripting/MonoBleedingEdge/lib/mono/unityaot-linux/Facades/System.Runtime.Serialization.Xml.dll --allowed-assembly=/Applications/Unity/Hub/Editor/6000.5.6f1/Unity.app/Contents/Resources/Scripting/MonoBleedingEdge/lib/mono/unityaot-linux/Facades/System.Runtime.dll --allowed-assembly=/Applications/Unity/Hub/Editor/6000.5.6f1/Unity.app/Contents/Resources/Scripting/MonoBleedingEdge/lib/mono/unityaot-linux/Facades/System.Security.AccessControl.dll --allowed-assembly=/Applications/Unity/Hub/Editor/6000.5.6f1/Unity.app/Contents/Resources/Scripting/MonoBleedingEdge/lib/mono/unityaot-linux/Facades/System.Security.Claims.dll --allowed-assembly=/Applications/Unity/Hub/Editor/6000.5.6f1/Unity.app/Contents/Resources/Scripting/MonoBleedingEdge/lib/mono/unityaot-linux/Facades/System.Security.Cryptography.Algorithms.dll --allowed-assembly=/Applications/Unity/Hub/Editor/6000.5.6f1/Unity.app/Contents/Resources/Scripting/MonoBleedingEdge/lib/mono/unityaot-linux/Facades/System.Security.Cryptography.Cng.dll --allowed-assembly=/Applications/Unity/Hub/Editor/6000.5.6f1/Unity.app/Contents/Resources/Scripting/MonoBleedingEdge/lib/mono/unityaot-linux/Facades/System.Security.Cryptography.Csp.dll --allowed-assembly=/Applications/Unity/Hub/Editor/6000.5.6f1/Unity.app/Contents/Resources/Scripting/MonoBleedingEdge/lib/mono/unityaot-linux/Facades/System.Security.Cryptography.DeriveBytes.dll --allowed-assembly=/Applications/Unity/Hub/Editor/6000.5.6f1/Unity.app/Contents/Resources/Scripting/MonoBleedingEdge/lib/mono/unityaot-linux/Facades/System.Security.Cryptography.Encoding.dll --allowed-assembly=/Applications/Unity/Hub/Editor/6000.5.6f1/Unity.app/Contents/Resources/Scripting/MonoBleedingEdge/lib/mono/unityaot-linux/Facades/System.Security.Cryptography.Encryption.Aes.dll --allowed-assembly=/Applications/Unity/Hub/Editor/6000.5.6f1/Unity.app/Contents/Resources/Scripting/MonoBleedingEdge/lib/mono/unityaot-linux/Facades/System.Security.Cryptography.Encryption.ECDiffieHellman.dll --allowed-assembly=/Applications/Unity/Hub/Editor/6000.5.6f1/Unity.app/Contents/Resources/Scripting/MonoBleedingEdge/lib/mono/unityaot-linux/Facades/System.Security.Cryptography.Encryption.ECDsa.dll --allowed-assembly=/Applications/Unity/Hub/Editor/6000.5.6f1/Unity.app/Contents/Resources/Scripting/MonoBleedingEdge/lib/mono/unityaot-linux/Facades/System.Security.Cryptography.Encryption.dll --allowed-assembly=/Applications/Unity/Hub/Editor/6000.5.6f1/Unity.app/Contents/Resources/Scripting/MonoBleedingEdge/lib/mono/unityaot-linux/Facades/System.Security.Cryptography.Hashing.Algorithms.dll --allowed-assembly=/Applications/Unity/Hub/Editor/6000.5.6f1/Unity.app/Contents/Resources/Scripting/MonoBleedingEdge/lib/mono/unityaot-linux/Facades/System.Security.Cryptography.Hashing.dll --allowed-assembly=/Applications/Unity/Hub/Editor/6000.5.6f1/Unity.app/Contents/Resources/Scripting/MonoBleedingEdge/lib/mono/unityaot-linux/Facades/System.Security.Cryptography.OpenSsl.dll --allowed-assembly=/Applications/Unity/Hub/Editor/6000.5.6f1/Unity.app/Contents/Resources/Scripting/MonoBleedingEdge/lib/mono/unityaot-linux/Facades/System.Security.Cryptography.Pkcs.dll --allowed-assembly=/Applications/Unity/Hub/Editor/6000.5.6f1/Unity.app/Contents/Resources/Scripting/MonoBleedingEdge/lib/mono/unityaot-linux/Facades/System.Security.Cryptography.Primitives.dll --allowed-assembly=/Applications/Unity/Hub/Editor/6000.5.6f1/Unity.app/Contents/Resources/Scripting/MonoBleedingEdge/lib/mono/unityaot-linux/Facades/System.Security.Cryptography.ProtectedData.dll --allowed-assembly=/Applications/Unity/Hub/Editor/6000.5.6f1/Unity.app/Contents/Resources/Scripting/MonoBleedingEdge/lib/mono/unityaot-linux/Facades/System.Security.Cryptography.RSA.dll --allowed-assembly=/Applications/Unity/Hub/Editor/6000.5.6f1/Unity.app/Contents/Resources/Scripting/MonoBleedingEdge/lib/mono/unityaot-linux/Facades/System.Security.Cryptography.RandomNumberGenerator.dll --allowed-assembly=/Applications/Unity/Hub/Editor/6000.5.6f1/Unity.app/Contents/Resources/Scripting/MonoBleedingEdge/lib/mono/unityaot-linux/Facades/System.Security.Cryptography.X509Certificates.dll --allowed-assembly=/Applications/Unity/Hub/Editor/6000.5.6f1/Unity.app/Contents/Resources/Scripting/MonoBleedingEdge/lib/mono/unityaot-linux/Facades/System.Security.Principal.Windows.dll --allowed-assembly=/Applications/Unity/Hub/Editor/6000.5.6f1/Unity.app/Contents/Resources/Scripting/MonoBleedingEdge/lib/mono/unityaot-linux/Facades/System.Security.Principal.dll --allowed-assembly=/Applications/Unity/Hub/Editor/6000.5.6f1/Unity.app/Contents/Resources/Scripting/MonoBleedingEdge/lib/mono/unityaot-linux/Facades/System.Security.SecureString.dll --allowed-assembly=/Applications/Unity/Hub/Editor/6000.5.6f1/Unity.app/Contents/Resources/Scripting/MonoBleedingEdge/lib/mono/unityaot-linux/Facades/System.ServiceModel.Duplex.dll --allowed-assembly=/Applications/Unity/Hub/Editor/6000.5.6f1/Unity.app/Contents/Resources/Scripting/MonoBleedingEdge/lib/mono/unityaot-linux/Facades/System.ServiceModel.Http.dll --allowed-assembly=/Applications/Unity/Hub/Editor/6000.5.6f1/Unity.app/Contents/Resources/Scripting/MonoBleedingEdge/lib/mono/unityaot-linux/Facades/System.ServiceModel.NetTcp.dll --allowed-assembly=/Applications/Unity/Hub/Editor/6000.5.6f1/Unity.app/Contents/Resources/Scripting/MonoBleedingEdge/lib/mono/unityaot-linux/Facades/System.ServiceModel.Primitives.dll --allowed-assembly=/Applications/Unity/Hub/Editor/6000.5.6f1/Unity.app/Contents/Resources/Scripting/MonoBleedingEdge/lib/mono/unityaot-linux/Facades/System.ServiceModel.Security.dll --allowed-assembly=/Applications/Unity/Hub/Editor/6000.5.6f1/Unity.app/Contents/Resources/Scripting/MonoBleedingEdge/lib/mono/unityaot-linux/Facades/System.ServiceProcess.ServiceController.dll --allowed-assembly=/Applications/Unity/Hub/Editor/6000.5.6f1/Unity.app/Contents/Resources/Scripting/MonoBleedingEdge/lib/mono/unityaot-linux/Facades/System.Text.Encoding.CodePages.dll --allowed-assembly=/Applications/Unity/Hub/Editor/6000.5.6f1/Unity.app/Contents/Resources/Scripting/MonoBleedingEdge/lib/mono/unityaot-linux/Facades/System.Text.Encoding.Extensions.dll --allowed-assembly=/Applications/Unity/Hub/Editor/6000.5.6f1/Unity.app/Contents/Resources/Scripting/MonoBleedingEdge/lib/mono/unityaot-linux/Facades/System.Text.Encoding.dll --allowed-assembly=/Applications/Unity/Hub/Editor/6000.5.6f1/Unity.app/Contents/Resources/Scripting/MonoBleedingEdge/lib/mono/unityaot-linux/Facades/System.Text.RegularExpressions.dll --allowed-assembly=/Applications/Unity/Hub/Editor/6000.5.6f1/Unity.app/Contents/Resources/Scripting/MonoBleedingEdge/lib/mono/unityaot-linux/Facades/System.Threading.AccessControl.dll --allowed-assembly=/Applications/Unity/Hub/Editor/6000.5.6f1/Unity.app/Contents/Resources/Scripting/MonoBleedingEdge/lib/mono/unityaot-linux/Facades/System.Threading.Overlapped.dll --allowed-assembly=/Applications/Unity/Hub/Editor/6000.5.6f1/Unity.app/Contents/Resources/Scripting/MonoBleedingEdge/lib/mono/unityaot-linux/Facades/System.Threading.Tasks.Extensions.dll --allowed-assembly=/Applications/Unity/Hub/Editor/6000.5.6f1/Unity.app/Contents/Resources/Scripting/MonoBleedingEdge/lib/mono/unityaot-linux/Facades/System.Threading.Tasks.Parallel.dll --allowed-assembly=/Applications/Unity/Hub/Editor/6000.5.6f1/Unity.app/Contents/Resources/Scripting/MonoBleedingEdge/lib/mono/unityaot-linux/Facades/System.Threading.Tasks.dll --allowed-assembly=/Applications/Unity/Hub/Editor/6000.5.6f1/Unity.app/Contents/Resources/Scripting/MonoBleedingEdge/lib/mono/unityaot-linux/Facades/System.Threading.Thread.dll --allowed-assembly=/Applications/Unity/Hub/Editor/6000.5.6f1/Unity.app/Contents/Resources/Scripting/MonoBleedingEdge/lib/mono/unityaot-linux/Facades/System.Threading.ThreadPool.dll --allowed-assembly=/Applications/Unity/Hub/Editor/6000.5.6f1/Unity.app/Contents/Resources/Scripting/MonoBleedingEdge/lib/mono/unityaot-linux/Facades/System.Threading.Timer.dll --allowed-assembly=/Applications/Unity/Hub/Editor/6000.5.6f1/Unity.app/Contents/Resources/Scripting/MonoBleedingEdge/lib/mono/unityaot-linux/Facades/System.Threading.dll --allowed-assembly=/Applications/Unity/Hub/Editor/6000.5.6f1/Unity.app/Contents/Resources/Scripting/MonoBleedingEdge/lib/mono/unityaot-linux/Facades/System.ValueTuple.dll --allowed-assembly=/Applications/Unity/Hub/Editor/6000.5.6f1/Unity.app/Contents/Resources/Scripting/MonoBleedingEdge/lib/mono/unityaot-linux/Facades/System.Xml.ReaderWriter.dll --allowed-assembly=/Applications/Unity/Hub/Editor/6000.5.6f1/Unity.app/Contents/Resources/Scripting/MonoBleedingEdge/lib/mono/unityaot-linux/Facades/System.Xml.XDocument.dll --allowed-assembly=/Applications/Unity/Hub/Editor/6000.5.6f1/Unity.app/Contents/Resources/Scripting/MonoBleedingEdge/lib/mono/unityaot-linux/Facades/System.Xml.XPath.XDocument.dll --allowed-assembly=/Applications/Unity/Hub/Editor/6000.5.6f1/Unity.app/Contents/Resources/Scripting/MonoBleedingEdge/lib/mono/unityaot-linux/Facades/System.Xml.XPath.XmlDocument.dll --allowed-assembly=/Applications/Unity/Hub/Editor/6000.5.6f1/Unity.app/Contents/Resources/Scripting/MonoBleedingEdge/lib/mono/unityaot-linux/Facades/System.Xml.XPath.dll --allowed-assembly=/Applications/Unity/Hub/Editor/6000.5.6f1/Unity.app/Contents/Resources/Scripting/MonoBleedingEdge/lib/mono/unityaot-linux/Facades/System.Xml.XmlDocument.dll --allowed-assembly=/Applications/Unity/Hub/Editor/6000.5.6f1/Unity.app/Contents/Resources/Scripting/MonoBleedingEdge/lib/mono/unityaot-linux/Facades/System.Xml.XmlSerializer.dll --allowed-assembly=/Applications/Unity/Hub/Editor/6000.5.6f1/Unity.app/Contents/Resources/Scripting/MonoBleedingEdge/lib/mono/unityaot-linux/Facades/System.Xml.Xsl.Primitives.dll --allowed-assembly=/Applications/Unity/Hub/Editor/6000.5.6f1/Unity.app/Contents/Resources/Scripting/MonoBleedingEdge/lib/mono/unityaot-linux/Facades/netstandard.dll --allowed-assembly=/Applications/Unity/Hub/Editor/6000.5.6f1/PlaybackEngines/WebGLSupport/Managed/Unity.Scripting.dll --allowed-assembly=/Applications/Unity/Hub/Editor/6000.5.6f1/PlaybackEngines/WebGLSupport/Managed/UnityEngine.AIModule.dll --allowed-assembly=/Applications/Unity/Hub/Editor/6000.5.6f1/PlaybackEngines/WebGLSupport/Managed/UnityEngine.AccessibilityModule.dll --allowed-assembly=/Applications/Unity/Hub/Editor/6000.5.6f1/PlaybackEngines/WebGLSupport/Managed/UnityEngine.AdaptivePerformanceModule.dll --allowed-assembly=/Applications/Unity/Hub/Editor/6000.5.6f1/PlaybackEngines/WebGLSupport/Managed/UnityEngine.AndroidJNIModule.dll --allowed-assembly=/Applications/Unity/Hub/Editor/6000.5.6f1/PlaybackEngines/WebGLSupport/Managed/UnityEngine.AnimationModule.dll --allowed-assembly=/Applications/Unity/Hub/Editor/6000.5.6f1/PlaybackEngines/WebGLSupport/Managed/UnityEngine.AssetBundleModule.dll --allowed-assembly=/Applications/Unity/Hub/Editor/6000.5.6f1/PlaybackEngines/WebGLSupport/Managed/UnityEngine.AudioModule.dll --allowed-assembly=/Applications/Unity/Hub/Editor/6000.5.6f1/PlaybackEngines/WebGLSupport/Managed/UnityEngine.ClothModule.dll --allowed-assembly=/Applications/Unity/Hub/Editor/6000.5.6f1/PlaybackEngines/WebGLSupport/Managed/UnityEngine.ContentLoadModule.dll --allowed-assembly=/Applications/Unity/Hub/Editor/6000.5.6f1/PlaybackEngines/WebGLSupport/Managed/UnityEngine.CoreModule.dll --allowed-assembly=/Applications/Unity/Hub/Editor/6000.5.6f1/PlaybackEngines/WebGLSupport/Managed/UnityEngine.CrashReportingModule.dll --allowed-assembly=/Applications/Unity/Hub/Editor/6000.5.6f1/PlaybackEngines/WebGLSupport/Managed/UnityEngine.DSPGraphModule.dll --allowed-assembly=/Applications/Unity/Hub/Editor/6000.5.6f1/PlaybackEngines/WebGLSupport/Managed/UnityEngine.DirectorModule.dll --allowed-assembly=/Applications/Unity/Hub/Editor/6000.5.6f1/PlaybackEngines/WebGLSupport/Managed/UnityEngine.GIModule.dll --allowed-assembly=/Applications/Unity/Hub/Editor/6000.5.6f1/PlaybackEngines/WebGLSupport/Managed/UnityEngine.GameCenterModule.dll --allowed-assembly=/Applications/Unity/Hub/Editor/6000.5.6f1/PlaybackEngines/WebGLSupport/Managed/UnityEngine.GraphicsStateCollectionSerializerModule.dll --allowed-assembly=/Applications/Unity/Hub/Editor/6000.5.6f1/PlaybackEngines/WebGLSupport/Managed/UnityEngine.GridModule.dll --allowed-assembly=/Applications/Unity/Hub/Editor/6000.5.6f1/PlaybackEngines/WebGLSupport/Managed/UnityEngine.HierarchyCoreModule.dll --allowed-assembly=/Applications/Unity/Hub/Editor/6000.5.6f1/PlaybackEngines/WebGLSupport/Managed/UnityEngine.HierarchyModule.dll --allowed-assembly=/Applications/Unity/Hub/Editor/6000.5.6f1/PlaybackEngines/WebGLSupport/Managed/UnityEngine.HotReloadModule.dll --allowed-assembly=/Applications/Unity/Hub/Editor/6000.5.6f1/PlaybackEngines/WebGLSupport/Managed/UnityEngine.IMGUIModule.dll --allowed-assembly=/Applications/Unity/Hub/Editor/6000.5.6f1/PlaybackEngines/WebGLSupport/Managed/UnityEngine.IdentifiersModule.dll --allowed-assembly=/Applications/Unity/Hub/Editor/6000.5.6f1/PlaybackEngines/WebGLSupport/Managed/UnityEngine.ImageConversionModule.dll --allowed-assembly=/Applications/Unity/Hub/Editor/6000.5.6f1/PlaybackEngines/WebGLSupport/Managed/UnityEngine.InputForUIModule.dll --allowed-assembly=/Applications/Unity/Hub/Editor/6000.5.6f1/PlaybackEngines/WebGLSupport/Managed/UnityEngine.InputLegacyModule.dll --allowed-assembly=/Applications/Unity/Hub/Editor/6000.5.6f1/PlaybackEngines/WebGLSupport/Managed/UnityEngine.InputModule.dll --allowed-assembly=/Applications/Unity/Hub/Editor/6000.5.6f1/PlaybackEngines/WebGLSupport/Managed/UnityEngine.JSONSerializeModule.dll --allowed-assembly=/Applications/Unity/Hub/Editor/6000.5.6f1/PlaybackEngines/WebGLSupport/Managed/UnityEngine.LocalizationModule.dll --allowed-assembly=/Applications/Unity/Hub/Editor/6000.5.6f1/PlaybackEngines/WebGLSupport/Managed/UnityEngine.MarshallingModule.dll --allowed-assembly=/Applications/Unity/Hub/Editor/6000.5.6f1/PlaybackEngines/WebGLSupport/Managed/UnityEngine.MathematicsModule.dll --allowed-assembly=/Applications/Unity/Hub/Editor/6000.5.6f1/PlaybackEngines/WebGLSupport/Managed/UnityEngine.MultiplayerModule.dll --allowed-assembly=/Applications/Unity/Hub/Editor/6000.5.6f1/PlaybackEngines/WebGLSupport/Managed/UnityEngine.ParticleSystemModule.dll --allowed-assembly=/Applications/Unity/Hub/Editor/6000.5.6f1/PlaybackEngines/WebGLSupport/Managed/UnityEngine.PerformanceReportingModule.dll --allowed-assembly=/Applications/Unity/Hub/Editor/6000.5.6f1/PlaybackEngines/WebGLSupport/Managed/UnityEngine.Physics2DModule.dll --allowed-assembly=/Applications/Unity/Hub/Editor/6000.5.6f1/PlaybackEngines/WebGLSupport/Managed/UnityEngine.PhysicsBackendPhysXModule.dll --allowed-assembly=/Applications/Unity/Hub/Editor/6000.5.6f1/PlaybackEngines/WebGLSupport/Managed/UnityEngine.PhysicsCore2DModule.dll --allowed-assembly=/Applications/Unity/Hub/Editor/6000.5.6f1/PlaybackEngines/WebGLSupport/Managed/UnityEngine.PhysicsModule.dll --allowed-assembly=/Applications/Unity/Hub/Editor/6000.5.6f1/PlaybackEngines/WebGLSupport/Managed/UnityEngine.PropertiesModule.dll --allowed-assembly=/Applications/Unity/Hub/Editor/6000.5.6f1/PlaybackEngines/WebGLSupport/Managed/UnityEngine.RenderAs2DModule.dll --allowed-assembly=/Applications/Unity/Hub/Editor/6000.5.6f1/PlaybackEngines/WebGLSupport/Managed/UnityEngine.RuntimeInitializeOnLoadManagerInitializerModule.dll --allowed-assembly=/Applications/Unity/Hub/Editor/6000.5.6f1/PlaybackEngines/WebGLSupport/Managed/UnityEngine.ScreenCaptureModule.dll --allowed-assembly=/Applications/Unity/Hub/Editor/6000.5.6f1/PlaybackEngines/WebGLSupport/Managed/UnityEngine.ScriptingModule.dll --allowed-assembly=/Applications/Unity/Hub/Editor/6000.5.6f1/PlaybackEngines/WebGLSupport/Managed/UnityEngine.ShaderVariantAnalyticsModule.dll --allowed-assembly=/Applications/Unity/Hub/Editor/6000.5.6f1/PlaybackEngines/WebGLSupport/Managed/UnityEngine.SharedInternalsModule.dll --allowed-assembly=/Applications/Unity/Hub/Editor/6000.5.6f1/PlaybackEngines/WebGLSupport/Managed/UnityEngine.SpriteMaskModule.dll --allowed-assembly=/Applications/Unity/Hub/Editor/6000.5.6f1/PlaybackEngines/WebGLSupport/Managed/UnityEngine.SpriteShapeModule.dll --allowed-assembly=/Applications/Unity/Hub/Editor/6000.5.6f1/PlaybackEngines/WebGLSupport/Managed/UnityEngine.StreamingModule.dll --allowed-assembly=/Applications/Unity/Hub/Editor/6000.5.6f1/PlaybackEngines/WebGLSupport/Managed/UnityEngine.SubstanceModule.dll --allowed-assembly=/Applications/Unity/Hub/Editor/6000.5.6f1/PlaybackEngines/WebGLSupport/Managed/UnityEngine.SubsystemsModule.dll --allowed-assembly=/Applications/Unity/Hub/Editor/6000.5.6f1/PlaybackEngines/WebGLSupport/Managed/UnityEngine.TLSModule.dll --allowed-assembly=/Applications/Unity/Hub/Editor/6000.5.6f1/PlaybackEngines/WebGLSupport/Managed/UnityEngine.TerrainModule.dll --allowed-assembly=/Applications/Unity/Hub/Editor/6000.5.6f1/PlaybackEngines/WebGLSupport/Managed/UnityEngine.TerrainPhysicsModule.dll --allowed-assembly=/Applications/Unity/Hub/Editor/6000.5.6f1/PlaybackEngines/WebGLSupport/Managed/UnityEngine.TextCoreFontEngineModule.dll --allowed-assembly=/Applications/Unity/Hub/Editor/6000.5.6f1/PlaybackEngines/WebGLSupport/Managed/UnityEngine.TextCoreTextEngineModule.dll --allowed-assembly=/Applications/Unity/Hub/Editor/6000.5.6f1/PlaybackEngines/WebGLSupport/Managed/UnityEngine.TextRenderingModule.dll --allowed-assembly=/Applications/Unity/Hub/Editor/6000.5.6f1/PlaybackEngines/WebGLSupport/Managed/UnityEngine.TilemapModule.dll --allowed-assembly=/Applications/Unity/Hub/Editor/6000.5.6f1/PlaybackEngines/WebGLSupport/Managed/UnityEngine.U2DRuntimeModule.dll --allowed-assembly=/Applications/Unity/Hub/Editor/6000.5.6f1/PlaybackEngines/WebGLSupport/Managed/UnityEngine.UIElementsModule.dll --allowed-assembly=/Applications/Unity/Hub/Editor/6000.5.6f1/PlaybackEngines/WebGLSupport/Managed/UnityEngine.UIModule.dll --allowed-assembly=/Applications/Unity/Hub/Editor/6000.5.6f1/PlaybackEngines/WebGLSupport/Managed/UnityEngine.UmbraModule.dll --allowed-assembly=/Applications/Unity/Hub/Editor/6000.5.6f1/PlaybackEngines/WebGLSupport/Managed/UnityEngine.UnityAnalyticsCommonModule.dll --allowed-assembly=/Applications/Unity/Hub/Editor/6000.5.6f1/PlaybackEngines/WebGLSupport/Managed/UnityEngine.UnityAnalyticsModule.dll --allowed-assembly=/Applications/Unity/Hub/Editor/6000.5.6f1/PlaybackEngines/WebGLSupport/Managed/UnityEngine.UnityConnectModule.dll --allowed-assembly=/Applications/Unity/Hub/Editor/6000.5.6f1/PlaybackEngines/WebGLSupport/Managed/UnityEngine.UnityConsentModule.dll --allowed-assembly=/Applications/Unity/Hub/Editor/6000.5.6f1/PlaybackEngines/WebGLSupport/Managed/UnityEngine.UnityCurlModule.dll --allowed-assembly=/Applications/Unity/Hub/Editor/6000.5.6f1/PlaybackEngines/WebGLSupport/Managed/UnityEngine.UnityWebRequestAssetBundleModule.dll --allowed-assembly=/Applications/Unity/Hub/Editor/6000.5.6f1/PlaybackEngines/WebGLSupport/Managed/UnityEngine.UnityWebRequestAudioModule.dll --allowed-assembly=/Applications/Unity/Hub/Editor/6000.5.6f1/PlaybackEngines/WebGLSupport/Managed/UnityEngine.UnityWebRequestModule.dll --allowed-assembly=/Applications/Unity/Hub/Editor/6000.5.6f1/PlaybackEngines/WebGLSupport/Managed/UnityEngine.UnityWebRequestTextureModule.dll --allowed-assembly=/Applications/Unity/Hub/Editor/6000.5.6f1/PlaybackEngines/WebGLSupport/Managed/UnityEngine.UnityWebRequestWWWModule.dll --allowed-assembly=/Applications/Unity/Hub/Editor/6000.5.6f1/PlaybackEngines/WebGLSupport/Managed/UnityEngine.VFXModule.dll --allowed-assembly=/Applications/Unity/Hub/Editor/6000.5.6f1/PlaybackEngines/WebGLSupport/Managed/UnityEngine.VectorGraphicsModule.dll --allowed-assembly=/Applications/Unity/Hub/Editor/6000.5.6f1/PlaybackEngines/WebGLSupport/Managed/UnityEngine.VehiclesModule.dll --allowed-assembly=/Applications/Unity/Hub/Editor/6000.5.6f1/PlaybackEngines/WebGLSupport/Managed/UnityEngine.VideoModule.dll --allowed-assembly=/Applications/Unity/Hub/Editor/6000.5.6f1/PlaybackEngines/WebGLSupport/Managed/UnityEngine.WebGLModule.dll --allowed-assembly=/Applications/Unity/Hub/Editor/6000.5.6f1/PlaybackEngines/WebGLSupport/Managed/UnityEngine.WindModule.dll --allowed-assembly=/Applications/Unity/Hub/Editor/6000.5.6f1/PlaybackEngines/WebGLSupport/Managed/UnityEngine.XRModule.dll --allowed-assembly=/Applications/Unity/Hub/Editor/6000.5.6f1/PlaybackEngines/WebGLSupport/Managed/UnityEngine.dll --allowed-assembly=/Users/greg/git/kawaii-game/MochiMeadows/Library/Bee/PlayerScriptAssemblies/Assembly-CSharp.dll --allowed-assembly=/Users/greg/git/kawaii-game/MochiMeadows/Library/Bee/PlayerScriptAssemblies/Unity.InternalAPIEngineBridge.004.dll --allowed-assembly=/Users/greg/git/kawaii-game/MochiMeadows/Library/Bee/PlayerScriptAssemblies/Unity.Multiplayer.Center.Common.dll --allowed-assembly=/Users/greg/git/kawaii-game/MochiMeadows/Library/Bee/PlayerScriptAssemblies/Unity.TextMeshPro.dll --allowed-assembly=/Users/greg/git/kawaii-game/MochiMeadows/Library/Bee/PlayerScriptAssemblies/UnityEngine.UI.dll
*** Tundra requires additional run (1.86 seconds), 9 items updated, 40 evaluated
*** Additional run caused by: contents change of Library/Bee/artifacts/WebGL/ManagedStripped
Starting: /Applications/Unity/Hub/Editor/6000.5.6f1/Unity.app/Contents/Resources/Scripting/netcorerun/netcorerun "/Applications/Unity/Hub/Editor/6000.5.6f1/PlaybackEngines/WebGLSupport/WebGLPlayerBuildProgram.exe" "/Applications/Unity/Hub/Editor/6000.5.6f1/PlaybackEngines/WebGLSupport/Bee:/Applications/Unity/Hub/Editor/6000.5.6f1/Unity.app/Contents/Resources/BuildPipeline" "Library/Bee/Playerf20f6bd5.dag.json" "Library/Bee/Playerf20f6bd5-inputdata.json" "Library/Bee/buildprogram1.traceevents"
WorkingDir: /Users/greg/git/kawaii-game/MochiMeadows
ExitCode: 4 Duration: 1s923ms
ExitCode: 0 Duration: 0s381ms
Starting: /Applications/Unity/Hub/Editor/6000.5.6f1/Unity.app/Contents/Resources/BuildPipeline/bee_backend --ipc --dagfile="Library/Bee/Playerf20f6bd5.dag" --dagfilejson="Library/Bee/Playerf20f6bd5.dag.json" --profile="Library/Bee/backend3.traceevents" Player
WorkingDir: /Users/greg/git/kawaii-game/MochiMeadows
Finished compiling graph: 231 nodes, 494 flattened edges (494 ToBuild, 0 ToUse), maximum node priority 40
[10/40      0s] CopyFiles Temp/EditorBuildOutput/UnityLinkerToEditorData.json
[           0s] ComputeLeafInputSignature Lib_WebGL_wasm Library/Bee/artifacts/WebGL/il2cpp/release_WebGL_wasm/il2cpp.a [success 50812f1e675e120a71e82ae2ef5c7425]
[12/40      0s] ICallRegistrationGenerator /Users/greg/git/kawaii-game/MochiMeadows/Library/Bee/artifacts/WebGL/il2cppOutput/UnityICallRegistration.cpp
[13/40      0s] ClassRegistrationGenerator /Users/greg/git/kawaii-game/MochiMeadows/Library/Bee/artifacts/WebGL/il2cppOutput/UnityClassRegistration.cpp
[14/40      0s] C_WebGL_wasm Library/Bee/artifacts/WebGL/GameAssembly/release_WebGL_wasm/r5q4ec0gnw61.o
[15/40      0s] C_WebGL_wasm Library/Bee/artifacts/WebGL/GameAssembly/release_WebGL_wasm/o2yhtvlijpqr.o
[16/40      1s] IL2CPP_CodeGen /Users/greg/git/kawaii-game/MochiMeadows/Library/Bee/artifacts/il2cpp_conv_o49v.traceevents
/Applications/Unity/Hub/Editor/6000.5.6f1/Unity.app/Contents/Resources/Scripting/il2cpp/build/deploy/il2cpp --convert-to-cpp --assembly=Library/Bee/artifacts/WebGL/ManagedStripped/Assembly-CSharp.dll --assembly=Library/Bee/artifacts/WebGL/ManagedStripped/Mono.Security.dll --assembly=Library/Bee/artifacts/WebGL/ManagedStripped/mscorlib.dll --assembly=Library/Bee/artifacts/WebGL/ManagedStripped/System.Configuration.dll --assembly=Library/Bee/artifacts/WebGL/ManagedStripped/System.Core.dll --assembly=Library/Bee/artifacts/WebGL/ManagedStripped/System.dll --assembly=Library/Bee/artifacts/WebGL/ManagedStripped/System.Runtime.CompilerServices.Unsafe.dll --assembly=Library/Bee/artifacts/WebGL/ManagedStripped/System.Xml.dll --assembly=Library/Bee/artifacts/WebGL/ManagedStripped/Unity.Scripting.dll --assembly=Library/Bee/artifacts/WebGL/ManagedStripped/UnityEngine.AnimationModule.dll --assembly=Library/Bee/artifacts/WebGL/ManagedStripped/UnityEngine.AudioModule.dll --assembly=Library/Bee/artifacts/WebGL/ManagedStripped/UnityEngine.ContentLoadModule.dll --assembly=Library/Bee/artifacts/WebGL/ManagedStripped/UnityEngine.CoreModule.dll --assembly=Library/Bee/artifacts/WebGL/ManagedStripped/UnityEngine.dll --assembly=Library/Bee/artifacts/WebGL/ManagedStripped/UnityEngine.GridModule.dll --assembly=Library/Bee/artifacts/WebGL/ManagedStripped/UnityEngine.HierarchyCoreModule.dll --assembly=Library/Bee/artifacts/WebGL/ManagedStripped/UnityEngine.IMGUIModule.dll --assembly=Library/Bee/artifacts/WebGL/ManagedStripped/UnityEngine.InputForUIModule.dll --assembly=Library/Bee/artifacts/WebGL/ManagedStripped/UnityEngine.InputLegacyModule.dll --assembly=Library/Bee/artifacts/WebGL/ManagedStripped/UnityEngine.JSONSerializeModule.dll --assembly=Library/Bee/artifacts/WebGL/ManagedStripped/UnityEngine.Physics2DModule.dll --assembly=Library/Bee/artifacts/WebGL/ManagedStripped/UnityEngine.PhysicsCore2DModule.dll --assembly=Library/Bee/artifacts/WebGL/ManagedStripped/UnityEngine.PhysicsModule.dll --assembly=Library/Bee/artifacts/WebGL/ManagedStripped/UnityEngine.PropertiesModule.dll --assembly=Library/Bee/artifacts/WebGL/ManagedStripped/UnityEngine.ScreenCaptureModule.dll --assembly=Library/Bee/artifacts/WebGL/ManagedStripped/UnityEngine.ScriptingModule.dll --assembly=Library/Bee/artifacts/WebGL/ManagedStripped/UnityEngine.SharedInternalsModule.dll --assembly=Library/Bee/artifacts/WebGL/ManagedStripped/UnityEngine.SpriteShapeModule.dll --assembly=Library/Bee/artifacts/WebGL/ManagedStripped/UnityEngine.TextCoreFontEngineModule.dll --assembly=Library/Bee/artifacts/WebGL/ManagedStripped/UnityEngine.TextCoreTextEngineModule.dll --assembly=Library/Bee/artifacts/WebGL/ManagedStripped/UnityEngine.TextRenderingModule.dll --assembly=Library/Bee/artifacts/WebGL/ManagedStripped/UnityEngine.TilemapModule.dll --assembly=Library/Bee/artifacts/WebGL/ManagedStripped/UnityEngine.UI.dll --assembly=Library/Bee/artifacts/WebGL/ManagedStripped/UnityEngine.UIElementsModule.dll --assembly=Library/Bee/artifacts/WebGL/ManagedStripped/UnityEngine.UIModule.dll --generatedcppdir=/Users/greg/git/kawaii-game/MochiMeadows/Library/Bee/artifacts/WebGL/il2cppOutput/cpp --symbols-folder=/Users/greg/git/kawaii-game/MochiMeadows/Library/Bee/artifacts/WebGL/il2cppOutput/cpp/Symbols --enable-analytics --emit-method-map --dotnetprofile=unityaot-linux --usymtool-path=/Applications/Unity/Hub/Editor/6000.5.6f1/Unity.app/Contents/Helpers/usymtool --profiler-report --profiler-output-file=/Users/greg/git/kawaii-game/MochiMeadows/Library/Bee/artifacts/il2cpp_conv_o49v.traceevents --print-command-line --static-lib-il2-cpp --data-folder=/Users/greg/git/kawaii-game/MochiMeadows/Library/Bee/artifacts/WebGL/il2cppOutput/data
[17/40      2s] Brotli Builds/WebGL/Build/WebGL.data.br
*** Tundra requires additional run (2.48 seconds), 7 items updated, 40 evaluated
*** Additional run caused by: contents change of /Users/greg/git/kawaii-game/MochiMeadows/Library/Bee/artifacts/WebGL/il2cppOutput/cpp
Starting: /Applications/Unity/Hub/Editor/6000.5.6f1/Unity.app/Contents/Resources/Scripting/netcorerun/netcorerun "/Applications/Unity/Hub/Editor/6000.5.6f1/PlaybackEngines/WebGLSupport/WebGLPlayerBuildProgram.exe" "/Applications/Unity/Hub/Editor/6000.5.6f1/PlaybackEngines/WebGLSupport/Bee:/Applications/Unity/Hub/Editor/6000.5.6f1/Unity.app/Contents/Resources/BuildPipeline" "Library/Bee/Playerf20f6bd5.dag.json" "Library/Bee/Playerf20f6bd5-inputdata.json" "Library/Bee/buildprogram2.traceevents"
WorkingDir: /Users/greg/git/kawaii-game/MochiMeadows
ExitCode: 4 Duration: 2s533ms
ExitCode: 0 Duration: 0s520ms
Starting: /Applications/Unity/Hub/Editor/6000.5.6f1/Unity.app/Contents/Resources/BuildPipeline/bee_backend --ipc --dagfile="Library/Bee/Playerf20f6bd5.dag" --dagfilejson="Library/Bee/Playerf20f6bd5.dag.json" --profile="Library/Bee/backend4.traceevents" Player
WorkingDir: /Users/greg/git/kawaii-game/MochiMeadows
Finished compiling graph: 461 nodes, 1187 flattened edges (1183 ToBuild, 2 ToUse), maximum node priority 271
[  6/270    0s] WriteText Library/Bee/artifacts/csharpactions/webgl.data_qnm2.info
[           0s] ComputeLeafInputSignature Lib_WebGL_wasm Library/Bee/artifacts/WebGL/il2cpp/release_WebGL_wasm/il2cpp.a [success 50812f1e675e120a71e82ae2ef5c7425]
[ 15/270    0s] C_WebGL_wasm Library/Bee/artifacts/WebGL/GameAssembly/release_WebGL_wasm/d5qx4nkgytev.o
[ 16/270    0s] C_WebGL_wasm Library/Bee/artifacts/WebGL/GameAssembly/release_WebGL_wasm/oucl0biqqe1h.o
[ 17/270    0s] C_WebGL_wasm Library/Bee/artifacts/WebGL/GameAssembly/release_WebGL_wasm/oqmerkvbh9k7.o
[ 18/270    0s] C_WebGL_wasm Library/Bee/artifacts/WebGL/GameAssembly/release_WebGL_wasm/amtezr4wey5v.o
[ 19/270    0s] C_WebGL_wasm Library/Bee/artifacts/WebGL/GameAssembly/release_WebGL_wasm/trejoi7cd407.o
[ 20/270    1s] C_WebGL_wasm Library/Bee/artifacts/WebGL/GameAssembly/release_WebGL_wasm/59lnnoe1ifdv.o
[ 21/270    1s] C_WebGL_wasm Library/Bee/artifacts/WebGL/GameAssembly/release_WebGL_wasm/acr653we7avv.o
[ 22/270    1s] C_WebGL_wasm Library/Bee/artifacts/WebGL/GameAssembly/release_WebGL_wasm/kuiz7e03fr1b.o
[ 23/270    1s] C_WebGL_wasm Library/Bee/artifacts/WebGL/GameAssembly/release_WebGL_wasm/te94h0m3d23b.o
[ 24/270    1s] C_WebGL_wasm Library/Bee/artifacts/WebGL/GameAssembly/release_WebGL_wasm/jwsvkmc1e73h.o
[ 25/270    0s] C_WebGL_wasm Library/Bee/artifacts/WebGL/GameAssembly/release_WebGL_wasm/1ilp56ogm327.o
[ 26/270    1s] C_WebGL_wasm Library/Bee/artifacts/WebGL/GameAssembly/release_WebGL_wasm/l3s6l9mfv44h.o
[ 27/270    1s] C_WebGL_wasm Library/Bee/artifacts/WebGL/GameAssembly/release_WebGL_wasm/x7dhdmys075v.o
[ 28/270    1s] C_WebGL_wasm Library/Bee/artifacts/WebGL/GameAssembly/release_WebGL_wasm/juac6z9b0ot7.o
[ 29/270    1s] C_WebGL_wasm Library/Bee/artifacts/WebGL/GameAssembly/release_WebGL_wasm/qgs6kv7ifwq7.o
[ 30/270    1s] C_WebGL_wasm Library/Bee/artifacts/WebGL/GameAssembly/release_WebGL_wasm/111rkk0evx77.o
[ 31/270    0s] C_WebGL_wasm Library/Bee/artifacts/WebGL/GameAssembly/release_WebGL_wasm/ejwqa8tb607a.o
[ 32/270    1s] C_WebGL_wasm Library/Bee/artifacts/WebGL/GameAssembly/release_WebGL_wasm/bm8vrj6l8zn7.o
[ 33/270    1s] C_WebGL_wasm Library/Bee/artifacts/WebGL/GameAssembly/release_WebGL_wasm/r4ubz2fr6v9h.o
[ 34/270    1s] C_WebGL_wasm Library/Bee/artifacts/WebGL/GameAssembly/release_WebGL_wasm/x0sx1wryjh27.o
[ 35/270    1s] C_WebGL_wasm Library/Bee/artifacts/WebGL/GameAssembly/release_WebGL_wasm/5hyg6o476em6.o
[ 36/270    0s] C_WebGL_wasm Library/Bee/artifacts/WebGL/GameAssembly/release_WebGL_wasm/4w47a7bq6dvn.o
[ 37/270    1s] C_WebGL_wasm Library/Bee/artifacts/WebGL/GameAssembly/release_WebGL_wasm/xfqawmozo7e7.o
[ 38/270    0s] C_WebGL_wasm Library/Bee/artifacts/WebGL/GameAssembly/release_WebGL_wasm/nvnzzvpgb7iu.o
[ 39/270    0s] C_WebGL_wasm Library/Bee/artifacts/WebGL/GameAssembly/release_WebGL_wasm/k6nr4kp4ik6t.o
[ 40/270    0s] C_WebGL_wasm Library/Bee/artifacts/WebGL/GameAssembly/release_WebGL_wasm/rci5eucw2xbt.o
[ 41/270    1s] C_WebGL_wasm Library/Bee/artifacts/WebGL/GameAssembly/release_WebGL_wasm/jknvf6e3lwla.o
[ 42/270    0s] C_WebGL_wasm Library/Bee/artifacts/WebGL/GameAssembly/release_WebGL_wasm/3m1oq2uluffz.o
[ 43/270    0s] C_WebGL_wasm Library/Bee/artifacts/WebGL/GameAssembly/release_WebGL_wasm/g6q8sv68crhz.o
[ 44/270    1s] C_WebGL_wasm Library/Bee/artifacts/WebGL/GameAssembly/release_WebGL_wasm/3d7xjw42c67a.o
[ 45/270    1s] C_WebGL_wasm Library/Bee/artifacts/WebGL/GameAssembly/release_WebGL_wasm/nvj6onisb5y7.o
[ 46/270    1s] C_WebGL_wasm Library/Bee/artifacts/WebGL/GameAssembly/release_WebGL_wasm/5uu807532qgn.o
[ 47/270    1s] C_WebGL_wasm Library/Bee/artifacts/WebGL/GameAssembly/release_WebGL_wasm/f2w9hphzkswa.o
[ 48/270    1s] C_WebGL_wasm Library/Bee/artifacts/WebGL/GameAssembly/release_WebGL_wasm/4zqjvft0okxt.o
[ 49/270    1s] C_WebGL_wasm Library/Bee/artifacts/WebGL/GameAssembly/release_WebGL_wasm/t79f5szo8mha.o
[ 50/270    0s] C_WebGL_wasm Library/Bee/artifacts/WebGL/GameAssembly/release_WebGL_wasm/eq6rl7cdvpwl.o
[ 51/270    1s] C_WebGL_wasm Library/Bee/artifacts/WebGL/GameAssembly/release_WebGL_wasm/5ipqd0nkeort.o
[ 52/270    1s] C_WebGL_wasm Library/Bee/artifacts/WebGL/GameAssembly/release_WebGL_wasm/n7z3c72o020t.o
[ 53/270    1s] C_WebGL_wasm Library/Bee/artifacts/WebGL/GameAssembly/release_WebGL_wasm/e01d6aemlq0z.o
[ 54/270    1s] C_WebGL_wasm Library/Bee/artifacts/WebGL/GameAssembly/release_WebGL_wasm/jwwzf3xni95n.o
[ 55/270    1s] C_WebGL_wasm Library/Bee/artifacts/WebGL/GameAssembly/release_WebGL_wasm/ct124n374szz.o
[ 56/270    1s] C_WebGL_wasm Library/Bee/artifacts/WebGL/GameAssembly/release_WebGL_wasm/d2b2pu14v05z.o
[ 57/270    0s] C_WebGL_wasm Library/Bee/artifacts/WebGL/GameAssembly/release_WebGL_wasm/a342wfh38rml.o
[ 58/270    1s] C_WebGL_wasm Library/Bee/artifacts/WebGL/GameAssembly/release_WebGL_wasm/g3k0sk2wsa3z.o
[ 59/270    1s] C_WebGL_wasm Library/Bee/artifacts/WebGL/GameAssembly/release_WebGL_wasm/drr6rgra6cxt.o
[ 60/270    2s] C_WebGL_wasm Library/Bee/artifacts/WebGL/GameAssembly/release_WebGL_wasm/tqqik6anhhma.o
[ 61/270    0s] C_WebGL_wasm Library/Bee/artifacts/WebGL/GameAssembly/release_WebGL_wasm/a7176dowy1ll.o
[ 62/270    0s] C_WebGL_wasm Library/Bee/artifacts/WebGL/GameAssembly/release_WebGL_wasm/v6m07qndlghl.o
[ 63/270    0s] C_WebGL_wasm Library/Bee/artifacts/WebGL/GameAssembly/release_WebGL_wasm/ouee97j9de8i.o
[ 64/270    1s] C_WebGL_wasm Library/Bee/artifacts/WebGL/GameAssembly/release_WebGL_wasm/r778fhnfwprl.o
[ 65/270    1s] C_WebGL_wasm Library/Bee/artifacts/WebGL/GameAssembly/release_WebGL_wasm/6d5xz3qbju3l.o
[ 66/270    1s] C_WebGL_wasm Library/Bee/artifacts/WebGL/GameAssembly/release_WebGL_wasm/pxthkjsdu0pl.o
[ 67/270    1s] C_WebGL_wasm Library/Bee/artifacts/WebGL/GameAssembly/release_WebGL_wasm/d1pnkk5scxil.o
[ 68/270    2s] C_WebGL_wasm Library/Bee/artifacts/WebGL/GameAssembly/release_WebGL_wasm/k13ij46xwh5z.o
[ 69/270    1s] C_WebGL_wasm Library/Bee/artifacts/WebGL/GameAssembly/release_WebGL_wasm/k52u5say5eai.o
[ 70/270    1s] C_WebGL_wasm Library/Bee/artifacts/WebGL/GameAssembly/release_WebGL_wasm/umtl2f31h4kr.o
[ 71/270    1s] C_WebGL_wasm Library/Bee/artifacts/WebGL/GameAssembly/release_WebGL_wasm/lb5ysg0068fi.o
[ 72/270    1s] C_WebGL_wasm Library/Bee/artifacts/WebGL/GameAssembly/release_WebGL_wasm/j2m5o0zioo2i.o
[ 73/270    1s] C_WebGL_wasm Library/Bee/artifacts/WebGL/GameAssembly/release_WebGL_wasm/w75tb770k5xr.o
[ 74/270    1s] C_WebGL_wasm Library/Bee/artifacts/WebGL/GameAssembly/release_WebGL_wasm/g7g0v5y819bx.o
[ 75/270    0s] C_WebGL_wasm Library/Bee/artifacts/WebGL/GameAssembly/release_WebGL_wasm/3vd0let7bcyx.o
[ 76/270    1s] C_WebGL_wasm Library/Bee/artifacts/WebGL/GameAssembly/release_WebGL_wasm/cueurpytjqhr.o
[ 77/270    1s] C_WebGL_wasm Library/Bee/artifacts/WebGL/GameAssembly/release_WebGL_wasm/mh5f0tecyljr.o
[ 78/270    0s] C_WebGL_wasm Library/Bee/artifacts/WebGL/GameAssembly/release_WebGL_wasm/xb0bmm6xkery.o
[ 79/270    0s] C_WebGL_wasm Library/Bee/artifacts/WebGL/GameAssembly/release_WebGL_wasm/h08530cbftly.o
[ 80/270    0s] C_WebGL_wasm Library/Bee/artifacts/WebGL/GameAssembly/release_WebGL_wasm/46vutl3dn5lx.o
[ 81/270    0s] C_WebGL_wasm Library/Bee/artifacts/WebGL/GameAssembly/release_WebGL_wasm/iqzeysp1cyss.o
[ 82/270    1s] C_WebGL_wasm Library/Bee/artifacts/WebGL/GameAssembly/release_WebGL_wasm/8sb7xclo1wtr.o
[ 83/270    0s] C_WebGL_wasm Library/Bee/artifacts/WebGL/GameAssembly/release_WebGL_wasm/z99p4lvl25jy.o
[ 84/270    0s] C_WebGL_wasm Library/Bee/artifacts/WebGL/GameAssembly/release_WebGL_wasm/20w0bc0rjvgu.o
[ 85/270    0s] C_WebGL_wasm Library/Bee/artifacts/WebGL/GameAssembly/release_WebGL_wasm/ldnbq8qw9grx.o
[ 86/270    1s] C_WebGL_wasm Library/Bee/artifacts/WebGL/GameAssembly/release_WebGL_wasm/mbdn6o3dz6lx.o
[ 87/270    0s] C_WebGL_wasm Library/Bee/artifacts/WebGL/GameAssembly/release_WebGL_wasm/1907vfwkr3gk.o
[ 88/270    1s] C_WebGL_wasm Library/Bee/artifacts/WebGL/GameAssembly/release_WebGL_wasm/mjpfdwgzabxx.o
[ 89/270    2s] C_WebGL_wasm Library/Bee/artifacts/WebGL/GameAssembly/release_WebGL_wasm/8anu4wwpetar.o
[ 90/270    1s] C_WebGL_wasm Library/Bee/artifacts/WebGL/GameAssembly/release_WebGL_wasm/bkqcdx3wthdx.o
[ 91/270    1s] C_WebGL_wasm Library/Bee/artifacts/WebGL/GameAssembly/release_WebGL_wasm/0npi6z8hsgty.o
[ 92/270    1s] C_WebGL_wasm Library/Bee/artifacts/WebGL/GameAssembly/release_WebGL_wasm/m5n2xnqsu60s.o
[ 93/270    1s] C_WebGL_wasm Library/Bee/artifacts/WebGL/GameAssembly/release_WebGL_wasm/t80pc4i1fwmx.o
[ 94/270    1s] C_WebGL_wasm Library/Bee/artifacts/WebGL/GameAssembly/release_WebGL_wasm/zpz6pjw02qyy.o
[ 95/270    1s] C_WebGL_wasm Library/Bee/artifacts/WebGL/GameAssembly/release_WebGL_wasm/8y5g2q85aess.o
[ 96/270    1s] C_WebGL_wasm Library/Bee/artifacts/WebGL/GameAssembly/release_WebGL_wasm/xz1nul8lc8wk.o
[ 97/270    0s] C_WebGL_wasm Library/Bee/artifacts/WebGL/GameAssembly/release_WebGL_wasm/8o4bfchjvgvq.o
[ 98/270    0s] C_WebGL_wasm Library/Bee/artifacts/WebGL/GameAssembly/release_WebGL_wasm/mqob56phg39q.o
[ 99/270    1s] C_WebGL_wasm Library/Bee/artifacts/WebGL/GameAssembly/release_WebGL_wasm/kv98eqjgn06y.o
[100/270    1s] C_WebGL_wasm Library/Bee/artifacts/WebGL/GameAssembly/release_WebGL_wasm/mrvejj8w7b6s.o
[101/270    1s] C_WebGL_wasm Library/Bee/artifacts/WebGL/GameAssembly/release_WebGL_wasm/dvvdg6hb3fkk.o
[102/270    0s] C_WebGL_wasm Library/Bee/artifacts/WebGL/GameAssembly/release_WebGL_wasm/xl5q5xeodsm0.o
[103/270    0s] C_WebGL_wasm Library/Bee/artifacts/WebGL/GameAssembly/release_WebGL_wasm/hxucf3il9m8q.o
[104/270    1s] C_WebGL_wasm Library/Bee/artifacts/WebGL/GameAssembly/release_WebGL_wasm/9q0cer2ylvuk.o
[105/270    0s] C_WebGL_wasm Library/Bee/artifacts/WebGL/GameAssembly/release_WebGL_wasm/beu8tf12uclq.o
[106/270    0s] C_WebGL_wasm Library/Bee/artifacts/WebGL/GameAssembly/release_WebGL_wasm/o7w1xn2f4w8q.o
[107/270    1s] C_WebGL_wasm Library/Bee/artifacts/WebGL/GameAssembly/release_WebGL_wasm/yzk2dkle06fq.o
[108/270    1s] C_WebGL_wasm Library/Bee/artifacts/WebGL/GameAssembly/release_WebGL_wasm/w1bk7skjbozq.o
[109/270    1s] C_WebGL_wasm Library/Bee/artifacts/WebGL/GameAssembly/release_WebGL_wasm/blhmk8m90qik.o
[110/270    0s] C_WebGL_wasm Library/Bee/artifacts/WebGL/GameAssembly/release_WebGL_wasm/1s9bkhsyut60.o
[111/270    1s] C_WebGL_wasm Library/Bee/artifacts/WebGL/GameAssembly/release_WebGL_wasm/gahq24xxoudq.o
[112/270    0s] C_WebGL_wasm Library/Bee/artifacts/WebGL/GameAssembly/release_WebGL_wasm/n8ccyat1ujie.o
[113/270    0s] C_WebGL_wasm Library/Bee/artifacts/WebGL/GameAssembly/release_WebGL_wasm/r8tnlrjrfte0.o
[114/270    1s] C_WebGL_wasm Library/Bee/artifacts/WebGL/GameAssembly/release_WebGL_wasm/ivtybw2wrvqq.o
[115/270    1s] C_WebGL_wasm Library/Bee/artifacts/WebGL/GameAssembly/release_WebGL_wasm/y7l4e1okgae0.o
[117/270    2s] C_WebGL_wasm Library/Bee/artifacts/WebGL/GameAssembly/release_WebGL_wasm/jtj2yoqzsfok.o
[118/270    1s] C_WebGL_wasm Library/Bee/artifacts/WebGL/GameAssembly/release_WebGL_wasm/49d0l9n92c5q.o
[119/270    0s] C_WebGL_wasm Library/Bee/artifacts/WebGL/GameAssembly/release_WebGL_wasm/olp23lrlksi4.o
[120/270    1s] C_WebGL_wasm Library/Bee/artifacts/WebGL/GameAssembly/release_WebGL_wasm/yh2yretpqgaq.o
[121/270    0s] C_WebGL_wasm Library/Bee/artifacts/WebGL/GameAssembly/release_WebGL_wasm/xmpe82ldyme6.o
[122/270    0s] C_WebGL_wasm Library/Bee/artifacts/WebGL/GameAssembly/release_WebGL_wasm/7o71vv3t4b26.o
[123/270    0s] C_WebGL_wasm Library/Bee/artifacts/WebGL/GameAssembly/release_WebGL_wasm/mlls20mafah6.o
[124/270    1s] C_WebGL_wasm Library/Bee/artifacts/WebGL/GameAssembly/release_WebGL_wasm/4aw9fh20h2i0.o
[125/270    0s] C_WebGL_wasm Library/Bee/artifacts/WebGL/GameAssembly/release_WebGL_wasm/f9yolhy3s0h6.o
[126/270    1s] C_WebGL_wasm Library/Bee/artifacts/WebGL/GameAssembly/release_WebGL_wasm/q5dy4y8by260.o
[127/270    0s] C_WebGL_wasm Library/Bee/artifacts/WebGL/GameAssembly/release_WebGL_wasm/563hy02kinu6.o
[128/270    1s] C_WebGL_wasm Library/Bee/artifacts/WebGL/GameAssembly/release_WebGL_wasm/cnbxvq1czd34.o
[129/270    1s] C_WebGL_wasm Library/Bee/artifacts/WebGL/GameAssembly/release_WebGL_wasm/ygtb0tjqflu4.o
[130/270    0s] C_WebGL_wasm Library/Bee/artifacts/WebGL/GameAssembly/release_WebGL_wasm/zpb74f6t1qim.o
[131/270    0s] C_WebGL_wasm Library/Bee/artifacts/WebGL/GameAssembly/release_WebGL_wasm/p9k5b8t86c4m.o
[132/270    1s] C_WebGL_wasm Library/Bee/artifacts/WebGL/GameAssembly/release_WebGL_wasm/mzfnsrmqw0je.o
[133/270    0s] C_WebGL_wasm Library/Bee/artifacts/WebGL/GameAssembly/release_WebGL_wasm/er91383831im.o
[134/270    1s] C_WebGL_wasm Library/Bee/artifacts/WebGL/GameAssembly/release_WebGL_wasm/8sx1wu43c8ae.o
[135/270    0s] C_WebGL_wasm Library/Bee/artifacts/WebGL/GameAssembly/release_WebGL_wasm/3euaojepo8j6.o
[136/270    1s] C_WebGL_wasm Library/Bee/artifacts/WebGL/GameAssembly/release_WebGL_wasm/nppwk9ua2n06.o
[137/270    1s] C_WebGL_wasm Library/Bee/artifacts/WebGL/GameAssembly/release_WebGL_wasm/4a59sk7lamae.o
[138/270    0s] C_WebGL_wasm Library/Bee/artifacts/WebGL/GameAssembly/release_WebGL_wasm/7g1vnwdfj6f8.o
[139/270    1s] C_WebGL_wasm Library/Bee/artifacts/WebGL/GameAssembly/release_WebGL_wasm/vb6q8qadawz6.o
[140/270    1s] C_WebGL_wasm Library/Bee/artifacts/WebGL/GameAssembly/release_WebGL_wasm/cj7p70ac2age.o
[141/270    1s] C_WebGL_wasm Library/Bee/artifacts/WebGL/GameAssembly/release_WebGL_wasm/c4fblk2emmj6.o
[142/270    1s] C_WebGL_wasm Library/Bee/artifacts/WebGL/GameAssembly/release_WebGL_wasm/55khfoadfsm6.o
[143/270    1s] C_WebGL_wasm Library/Bee/artifacts/WebGL/GameAssembly/release_WebGL_wasm/d2yac5esnsy6.o
[144/270    0s] C_WebGL_wasm Library/Bee/artifacts/WebGL/GameAssembly/release_WebGL_wasm/2z9a1oi79rb8.o
[145/270    1s] C_WebGL_wasm Library/Bee/artifacts/WebGL/GameAssembly/release_WebGL_wasm/qaywghk15es6.o
[146/270    0s] C_WebGL_wasm Library/Bee/artifacts/WebGL/GameAssembly/release_WebGL_wasm/9zax8d2z6mh8.o
[147/270    1s] C_WebGL_wasm Library/Bee/artifacts/WebGL/GameAssembly/release_WebGL_wasm/rocn5aohjy7m.o
[148/270    0s] C_WebGL_wasm Library/Bee/artifacts/WebGL/GameAssembly/release_WebGL_wasm/4fbfizro4pfc.o
[149/270    0s] C_WebGL_wasm Library/Bee/artifacts/WebGL/GameAssembly/release_WebGL_wasm/vdf1ty7q7kjc.o
[150/270    1s] C_WebGL_wasm Library/Bee/artifacts/WebGL/GameAssembly/release_WebGL_wasm/2w4m3pajpcw8.o
[151/270    0s] C_WebGL_wasm Library/Bee/artifacts/WebGL/GameAssembly/release_WebGL_wasm/gr47rjvpi5lw.o
[152/270    0s] C_WebGL_wasm Library/Bee/artifacts/WebGL/GameAssembly/release_WebGL_wasm/yswg8o3t7ekw.o
[153/270    1s] C_WebGL_wasm Library/Bee/artifacts/WebGL/GameAssembly/release_WebGL_wasm/5jk4fssjpzym.o
[154/270    0s] C_WebGL_wasm Library/Bee/artifacts/WebGL/GameAssembly/release_WebGL_wasm/voj186tml7uw.o
[155/270    1s] C_WebGL_wasm Library/Bee/artifacts/WebGL/GameAssembly/release_WebGL_wasm/nd8ii36qy8h8.o
[156/270    0s] C_WebGL_wasm Library/Bee/artifacts/WebGL/GameAssembly/release_WebGL_wasm/j1dvzj65ax7c.o
[157/270    1s] C_WebGL_wasm Library/Bee/artifacts/WebGL/GameAssembly/release_WebGL_wasm/x6m75afgty08.o
[158/270    1s] C_WebGL_wasm Library/Bee/artifacts/WebGL/GameAssembly/release_WebGL_wasm/bs25vxt3hhm8.o
[159/270    0s] C_WebGL_wasm Library/Bee/artifacts/WebGL/GameAssembly/release_WebGL_wasm/ol2npfucp46w.o
[160/270    0s] C_WebGL_wasm Library/Bee/artifacts/WebGL/GameAssembly/release_WebGL_wasm/oan7qfucdwi2.o
[161/270    1s] C_WebGL_wasm Library/Bee/artifacts/WebGL/GameAssembly/release_WebGL_wasm/pykrrubq19u8.o
[162/270    1s] C_WebGL_wasm Library/Bee/artifacts/WebGL/GameAssembly/release_WebGL_wasm/y6uu7p57808c.o
[163/270    1s] C_WebGL_wasm Library/Bee/artifacts/WebGL/GameAssembly/release_WebGL_wasm/jmec95m8si9c.o
[164/270    0s] C_WebGL_wasm Library/Bee/artifacts/WebGL/GameAssembly/release_WebGL_wasm/evcyfcp64hr2.o
[165/270    0s] C_WebGL_wasm Library/Bee/artifacts/WebGL/GameAssembly/release_WebGL_wasm/dz8xjrhjplz2.o
[166/270    0s] C_WebGL_wasm Library/Bee/artifacts/WebGL/GameAssembly/release_WebGL_wasm/0mc2c18s6fr2.o
[167/270    0s] C_WebGL_wasm Library/Bee/artifacts/WebGL/GameAssembly/release_WebGL_wasm/20sm0ibvirso.o
[168/270    1s] C_WebGL_wasm Library/Bee/artifacts/WebGL/GameAssembly/release_WebGL_wasm/qyset91hhc3c.o
[169/270    1s] C_WebGL_wasm Library/Bee/artifacts/WebGL/GameAssembly/release_WebGL_wasm/csatxckvxjuc.o
[170/270    1s] C_WebGL_wasm Library/Bee/artifacts/WebGL/GameAssembly/release_WebGL_wasm/jmyinzj5bpkw.o
[171/270    2s] C_WebGL_wasm Library/Bee/artifacts/WebGL/GameAssembly/release_WebGL_wasm/ugl6wjzzjy3c.o
[172/270    0s] C_WebGL_wasm Library/Bee/artifacts/WebGL/GameAssembly/release_WebGL_wasm/g3h1pxajjfro.o
[173/270    1s] C_WebGL_wasm Library/Bee/artifacts/WebGL/GameAssembly/release_WebGL_wasm/4hqt49dgrce2.o
[174/270    1s] C_WebGL_wasm Library/Bee/artifacts/WebGL/GameAssembly/release_WebGL_wasm/ukcp9cbsh4cw.o
[175/270    1s] C_WebGL_wasm Library/Bee/artifacts/WebGL/GameAssembly/release_WebGL_wasm/qwavenzs2ts2.o
[176/270    0s] C_WebGL_wasm Library/Bee/artifacts/WebGL/GameAssembly/release_WebGL_wasm/49hzr53hcwqj.o
[177/270    1s] C_WebGL_wasm Library/Bee/artifacts/WebGL/GameAssembly/release_WebGL_wasm/fwouctdxmmfw.o
[178/270    0s] C_WebGL_wasm Library/Bee/artifacts/WebGL/GameAssembly/release_WebGL_wasm/1ar4e6kzqdfj.o
[179/270    1s] C_WebGL_wasm Library/Bee/artifacts/WebGL/GameAssembly/release_WebGL_wasm/6r4k078ht1f2.o
[180/270    1s] C_WebGL_wasm Library/Bee/artifacts/WebGL/GameAssembly/release_WebGL_wasm/clp9lnd1gtqo.o
[181/270    1s] C_WebGL_wasm Library/Bee/artifacts/WebGL/GameAssembly/release_WebGL_wasm/jv1ldbto7xyu.o
[182/270    1s] C_WebGL_wasm Library/Bee/artifacts/WebGL/GameAssembly/release_WebGL_wasm/ye7nqqvex0ho.o
[183/270    2s] C_WebGL_wasm Library/Bee/artifacts/WebGL/GameAssembly/release_WebGL_wasm/io8e06v2a5m2.o
[184/270    0s] C_WebGL_wasm Library/Bee/artifacts/WebGL/GameAssembly/release_WebGL_wasm/r8wvkcy6m5n3.o
[185/270    0s] C_WebGL_wasm Library/Bee/artifacts/WebGL/GameAssembly/release_WebGL_wasm/mcm1e933sp13.o
[186/270    0s] C_WebGL_wasm Library/Bee/artifacts/WebGL/GameAssembly/release_WebGL_wasm/5g76ydlvz5gj.o
[187/270    1s] C_WebGL_wasm Library/Bee/artifacts/WebGL/GameAssembly/release_WebGL_wasm/q647baso5bco.o
[188/270    0s] C_WebGL_wasm Library/Bee/artifacts/WebGL/GameAssembly/release_WebGL_wasm/ju8g4pfjw1s3.o
[189/270    0s] C_WebGL_wasm Library/Bee/artifacts/WebGL/GameAssembly/release_WebGL_wasm/4q9ztsagn0u3.o
[190/270    0s] C_WebGL_wasm Library/Bee/artifacts/WebGL/GameAssembly/release_WebGL_wasm/84t0cgiq7253.o
[191/270    1s] C_WebGL_wasm Library/Bee/artifacts/WebGL/GameAssembly/release_WebGL_wasm/gmy34amhs9vo.o
[192/270    1s] C_WebGL_wasm Library/Bee/artifacts/WebGL/GameAssembly/release_WebGL_wasm/j7630ib8v0no.o
[193/270    1s] C_WebGL_wasm Library/Bee/artifacts/WebGL/GameAssembly/release_WebGL_wasm/jnpsua3hjypj.o
[194/270    1s] C_WebGL_wasm Library/Bee/artifacts/WebGL/GameAssembly/release_WebGL_wasm/yhfq53f2yohj.o
[195/270    1s] C_WebGL_wasm Library/Bee/artifacts/WebGL/GameAssembly/release_WebGL_wasm/zf51lksjoecj.o
[196/270    0s] C_WebGL_wasm Library/Bee/artifacts/WebGL/GameAssembly/release_WebGL_wasm/alt3cktwzgvp.o
[197/270    1s] C_WebGL_wasm Library/Bee/artifacts/WebGL/GameAssembly/release_WebGL_wasm/q0jam4nonoc3.o
[198/270    1s] C_WebGL_wasm Library/Bee/artifacts/WebGL/GameAssembly/release_WebGL_wasm/x84qkxh57gbj.o
[199/270    1s] C_WebGL_wasm Library/Bee/artifacts/WebGL/GameAssembly/release_WebGL_wasm/mzhsjzzlfmc3.o
[200/270    0s] C_WebGL_wasm Library/Bee/artifacts/WebGL/GameAssembly/release_WebGL_wasm/ufuwp8fncpyp.o
[201/270    1s] C_WebGL_wasm Library/Bee/artifacts/WebGL/GameAssembly/release_WebGL_wasm/r9tvez4efxtp.o
[202/270    1s] C_WebGL_wasm Library/Bee/artifacts/WebGL/GameAssembly/release_WebGL_wasm/kfrklyr6z243.o
[203/270    1s] C_WebGL_wasm Library/Bee/artifacts/WebGL/GameAssembly/release_WebGL_wasm/qx14lyi592xp.o
[204/270    1s] C_WebGL_wasm Library/Bee/artifacts/WebGL/GameAssembly/release_WebGL_wasm/iu2o4kjkkml3.o
[205/270    1s] C_WebGL_wasm Library/Bee/artifacts/WebGL/GameAssembly/release_WebGL_wasm/crjjq10iqapp.o
[206/270    0s] C_WebGL_wasm Library/Bee/artifacts/WebGL/GameAssembly/release_WebGL_wasm/16o51o90w9lf.o
[207/270    1s] C_WebGL_wasm Library/Bee/artifacts/WebGL/GameAssembly/release_WebGL_wasm/k4gg0iemmbn3.o
[208/270    1s] C_WebGL_wasm Library/Bee/artifacts/WebGL/GameAssembly/release_WebGL_wasm/w7dzdp8rfedp.o
[209/270    0s] C_WebGL_wasm Library/Bee/artifacts/WebGL/GameAssembly/release_WebGL_wasm/2shsofnsp139.o
[210/270    1s] C_WebGL_wasm Library/Bee/artifacts/WebGL/GameAssembly/release_WebGL_wasm/xjjz0tgcpavp.o
[211/270    1s] C_WebGL_wasm Library/Bee/artifacts/WebGL/GameAssembly/release_WebGL_wasm/0bsis2ruparf.o
[212/270    0s] C_WebGL_wasm Library/Bee/artifacts/WebGL/GameAssembly/release_WebGL_wasm/rcq8oaqc4pf1.o
[213/270    0s] C_WebGL_wasm Library/Bee/artifacts/WebGL/GameAssembly/release_WebGL_wasm/5igq0wizl4zf.o
[214/270    0s] C_WebGL_wasm Library/Bee/artifacts/WebGL/GameAssembly/release_WebGL_wasm/2vw5e03yk761.o
[215/270    0s] C_WebGL_wasm Library/Bee/artifacts/WebGL/GameAssembly/release_WebGL_wasm/077r4ddfk00d.o
[216/270    0s] C_WebGL_wasm Library/Bee/artifacts/WebGL/GameAssembly/release_WebGL_wasm/fvxk5hukfda9.o
[217/270    1s] C_WebGL_wasm Library/Bee/artifacts/WebGL/GameAssembly/release_WebGL_wasm/inh5svcq3vhf.o
[218/270    0s] C_WebGL_wasm Library/Bee/artifacts/WebGL/GameAssembly/release_WebGL_wasm/uv5zvcq85efd.o
[219/270    0s] C_WebGL_wasm Library/Bee/artifacts/WebGL/GameAssembly/release_WebGL_wasm/qhmniljz9ux5.o
[220/270    0s] C_WebGL_wasm Library/Bee/artifacts/WebGL/GameAssembly/release_WebGL_wasm/rvqjisuvb90d.o
[221/270    1s] C_WebGL_wasm Library/Bee/artifacts/WebGL/GameAssembly/release_WebGL_wasm/4ih3blxsyljp.o
[222/270    0s] C_WebGL_wasm Library/Bee/artifacts/WebGL/GameAssembly/release_WebGL_wasm/ckyzecuo9jl1.o
[223/270    0s] C_WebGL_wasm Library/Bee/artifacts/WebGL/GameAssembly/release_WebGL_wasm/nap4tteeb4i5.o
[224/270    0s] C_WebGL_wasm Library/Bee/artifacts/WebGL/GameAssembly/release_WebGL_wasm/66yc54a78ek5.o
[225/270    1s] C_WebGL_wasm Library/Bee/artifacts/WebGL/GameAssembly/release_WebGL_wasm/1pkeiecvrip9.o
[226/270    1s] C_WebGL_wasm Library/Bee/artifacts/WebGL/GameAssembly/release_WebGL_wasm/uyaz4lrllj3p.o
[227/270    1s] C_WebGL_wasm Library/Bee/artifacts/WebGL/GameAssembly/release_WebGL_wasm/qvjl7bggvknf.o
[228/270    0s] C_WebGL_wasm Library/Bee/artifacts/WebGL/GameAssembly/release_WebGL_wasm/dovo36u1iivg.o
[229/270    2s] C_WebGL_wasm Library/Bee/artifacts/WebGL/GameAssembly/release_WebGL_wasm/w2pxmqse88hp.o
[230/270    0s] CopyFiles /Users/greg/git/kawaii-game/MochiMeadows/Library/Bee/artifacts/WebGL/il2cppOutput/build/Data/Metadata/global-metadata.dat
[231/270    0s] CopyFiles /Users/greg/git/kawaii-game/MochiMeadows/Library/Bee/artifacts/WebGL/il2cppOutput/build/Data/Resources/mscorlib.dll-resources.dat
[232/270    0s] C_WebGL_wasm Library/Bee/artifacts/WebGL/GameAssembly/release_WebGL_wasm/r5ll6dz3d5e5.o
[233/270    0s] CopyFiles Temp/EditorBuildOutput/MethodMap.tsv
[234/270    0s] Assemble WebGL Data Library/Bee/artifacts/WebGL/webgl.data
[235/270    1s] C_WebGL_wasm Library/Bee/artifacts/WebGL/GameAssembly/release_WebGL_wasm/feenkv5io7e9.o
[236/270    1s] C_WebGL_wasm Library/Bee/artifacts/WebGL/GameAssembly/release_WebGL_wasm/m59ww5975hif.o
[237/270    1s] C_WebGL_wasm Library/Bee/artifacts/WebGL/GameAssembly/release_WebGL_wasm/j3dfwbjvvx75.o
[238/270    1s] C_WebGL_wasm Library/Bee/artifacts/WebGL/GameAssembly/release_WebGL_wasm/q4moxnpzqt1d.o
[239/270    0s] C_WebGL_wasm Library/Bee/artifacts/WebGL/GameAssembly/release_WebGL_wasm/7ys3s5uwdz8g.o
[240/270    1s] C_WebGL_wasm Library/Bee/artifacts/WebGL/GameAssembly/release_WebGL_wasm/yr3fl9watcc5.o
[241/270    1s] C_WebGL_wasm Library/Bee/artifacts/WebGL/GameAssembly/release_WebGL_wasm/6sqz5h5tc52g.o
[242/270    0s] C_WebGL_wasm Library/Bee/artifacts/WebGL/GameAssembly/release_WebGL_wasm/1jczci8stc8u.o
[243/270    1s] C_WebGL_wasm Library/Bee/artifacts/WebGL/GameAssembly/release_WebGL_wasm/sm8daln7scug.o
[244/270    1s] C_WebGL_wasm Library/Bee/artifacts/WebGL/GameAssembly/release_WebGL_wasm/tkypq1zoi2og.o
[245/270    1s] C_WebGL_wasm Library/Bee/artifacts/WebGL/GameAssembly/release_WebGL_wasm/5oj0heb2n5pu.o
[246/270    1s] C_WebGL_wasm Library/Bee/artifacts/WebGL/GameAssembly/release_WebGL_wasm/r331rrwezm4u.o
[247/270    1s] C_WebGL_wasm Library/Bee/artifacts/WebGL/GameAssembly/release_WebGL_wasm/ndudhlq69jzu.o
[248/270    9s] C_WebGL_wasm Library/Bee/artifacts/WebGL/GameAssembly/release_WebGL_wasm/bej7uw5moe08.o
[249/270    0s] Lib_WebGL_wasm Library/Bee/artifacts/WebGL/GameAssembly/release_WebGL_wasm/GameAssembly.a
[250/270    0s] CopyFiles /Users/greg/git/kawaii-game/MochiMeadows/Library/Bee/artifacts/WebGL/il2cppOutput/build/GameAssembly.a
[BUSY       6s] Link_WebGL_wasm Library/Bee/artifacts/WebGL/build/debug_WebGL_wasm/build.js (+wasm)
[251/270   15s] Link_WebGL_wasm Library/Bee/artifacts/WebGL/build/debug_WebGL_wasm/build.js (+wasm)
warning: /Applications/Unity/Hub/Editor/6000.5.6f1/PlaybackEngines/WebGLSupport/BuildTools/lib/lib_webgpu.js:7: #warning "Firefox browser before version 149 has issues with WebGPU (e.g. https://bugzilla.mozilla.org/show_bug.cgi?id=2023423 )"
warning: /Applications/Unity/Hub/Editor/6000.5.6f1/PlaybackEngines/WebGLSupport/BuildTools/lib/lib_webgpu.js:7: #warning "Firefox browser before version 149 has issues with WebGPU (e.g. https://bugzilla.mozilla.org/show_bug.cgi?id=2023423 )"
warning: JS library symbol '$stackTrace' is deprecated. Please open a bug if you have a continuing need for this symbol [-Wdeprecated]
emcc: warning: warnings in JS library compilation [-Wjs-compiler]
*** Tundra requires additional run (33.86 seconds), 237 items updated, 270 evaluated
*** Additional run caused by: timestamp change of Library/Bee/artifacts/WebGL/build/debug_WebGL_wasm/build.wasm
Starting: /Applications/Unity/Hub/Editor/6000.5.6f1/Unity.app/Contents/Resources/Scripting/netcorerun/netcorerun "/Applications/Unity/Hub/Editor/6000.5.6f1/PlaybackEngines/WebGLSupport/WebGLPlayerBuildProgram.exe" "/Applications/Unity/Hub/Editor/6000.5.6f1/PlaybackEngines/WebGLSupport/Bee:/Applications/Unity/Hub/Editor/6000.5.6f1/Unity.app/Contents/Resources/BuildPipeline" "Library/Bee/Playerf20f6bd5.dag.json" "Library/Bee/Playerf20f6bd5-inputdata.json" "Library/Bee/buildprogram3.traceevents"
WorkingDir: /Users/greg/git/kawaii-game/MochiMeadows
ExitCode: 4 Duration: 33s
ExitCode: 0 Duration: 0s383ms
Starting: /Applications/Unity/Hub/Editor/6000.5.6f1/Unity.app/Contents/Resources/BuildPipeline/bee_backend --ipc --dagfile="Library/Bee/Playerf20f6bd5.dag" --dagfilejson="Library/Bee/Playerf20f6bd5.dag.json" --profile="Library/Bee/backend5.traceevents" Player
WorkingDir: /Users/greg/git/kawaii-game/MochiMeadows
Finished compiling graph: 461 nodes, 1187 flattened edges (1183 ToBuild, 2 ToUse), maximum node priority 271
[           0s] ComputeLeafInputSignature Lib_WebGL_wasm Library/Bee/artifacts/WebGL/il2cpp/release_WebGL_wasm/il2cpp.a [success 50812f1e675e120a71e82ae2ef5c7425]
[251/270    0s] PreprocessJS Library/Bee/artifacts/WebGLWebGL.loader.js
[252/270    1s] Merging JavaScript Code Library/Bee/artifacts/WebGL/build/debug_WebGL_wasm/build.framework.js
[BUSY       6s] Brotli Builds/WebGL/Build/WebGL.wasm.br
[253/270    7s] Brotli Builds/WebGL/Build/WebGL.data.br
[BUSY      13s] Brotli Builds/WebGL/Build/WebGL.wasm.br
[BUSY      23s] Brotli Builds/WebGL/Build/WebGL.wasm.br
[BUSY      33s] Brotli Builds/WebGL/Build/WebGL.wasm.br
[BUSY      43s] Brotli Builds/WebGL/Build/WebGL.wasm.br
[254/270   43s] Brotli Builds/WebGL/Build/WebGL.wasm.br
*** Tundra requires additional run (43.18 seconds), 4 items updated, 270 evaluated
*** Additional run caused by: timestamp change of Library/Bee/artifacts/WebGL/build/debug_WebGL_wasm/build.framework.js
Starting: /Applications/Unity/Hub/Editor/6000.5.6f1/Unity.app/Contents/Resources/Scripting/netcorerun/netcorerun "/Applications/Unity/Hub/Editor/6000.5.6f1/PlaybackEngines/WebGLSupport/WebGLPlayerBuildProgram.exe" "/Applications/Unity/Hub/Editor/6000.5.6f1/PlaybackEngines/WebGLSupport/Bee:/Applications/Unity/Hub/Editor/6000.5.6f1/Unity.app/Contents/Resources/BuildPipeline" "Library/Bee/Playerf20f6bd5.dag.json" "Library/Bee/Playerf20f6bd5-inputdata.json" "Library/Bee/buildprogram4.traceevents"
WorkingDir: /Users/greg/git/kawaii-game/MochiMeadows
ExitCode: 4 Duration: 43s
ExitCode: 0 Duration: 0s416ms
Starting: /Applications/Unity/Hub/Editor/6000.5.6f1/Unity.app/Contents/Resources/BuildPipeline/bee_backend --ipc --dagfile="Library/Bee/Playerf20f6bd5.dag" --dagfilejson="Library/Bee/Playerf20f6bd5.dag.json" --profile="Library/Bee/backend6.traceevents" Player
WorkingDir: /Users/greg/git/kawaii-game/MochiMeadows
Finished compiling graph: 461 nodes, 1187 flattened edges (1183 ToBuild, 2 ToUse), maximum node priority 271
[           0s] ComputeLeafInputSignature Lib_WebGL_wasm Library/Bee/artifacts/WebGL/il2cpp/release_WebGL_wasm/il2cpp.a [success 50812f1e675e120a71e82ae2ef5c7425]
[255/270    0s] Brotli Builds/WebGL/Build/WebGL.framework.js.br
[256/270    0s] CopyFiles Builds/WebGL/Build/WebGL.loader.js
[257/270    0s] CopyFiles Builds/WebGL/TemplateData/unity-logo-title-footer.png
[258/270    0s] CopyFiles Builds/WebGL/TemplateData/webmemd-icon.png
[259/270    0s] CopyFiles Builds/WebGL/TemplateData/favicon.ico
[260/270    0s] CopyFiles Builds/WebGL/TemplateData/progress-bar-empty-dark.png
[261/270    0s] CopyFiles Builds/WebGL/TemplateData/unity-logo-dark.png
[262/270    0s] CopyFiles Builds/WebGL/TemplateData/progress-bar-empty-light.png
[263/270    0s] CopyFiles Builds/WebGL/TemplateData/MemoryProfiler.png
[264/270    0s] CopyFiles Builds/WebGL/TemplateData/fullscreen-button.png
[265/270    0s] CopyFiles Builds/WebGL/TemplateData/progress-bar-full-dark.png
[266/270    0s] CopyFiles Builds/WebGL/TemplateData/unity-logo-light.png
[267/270    0s] CopyFiles Builds/WebGL/TemplateData/progress-bar-full-light.png
[268/270    0s] PreprocessJS Builds/WebGL/TemplateData/style.css
[269/270    0s] PreprocessJS Builds/WebGL/index.html
*** Tundra build success (0.35 seconds), 15 items updated, 270 evaluated
[websockify wrapper] Start node and websockify.js
[Licensing::Client] Successfully resolved entitlement details

-------------------------------------------------------------------------------
Build Report
Uncompressed usage by category (Percentages based on user generated assets only):
Textures               3.2 mb	 99.1% 
Meshes                 0.0 kb	 0.0% 
Animations             0.0 kb	 0.0% 
Sounds                 0.0 kb	 0.0% 
Shaders                7.1 kb	 0.2% 
Other Assets           1.4 kb	 0.0% 
Levels                 0.0 kb	 0.0% 
File headers           5.7 kb	 0.2% 
Total User Assets      3.2 mb	 100.0% 
Complete build size    6.8 mb
Used Assets and files from the Resources folder, sorted by uncompressed size:
 2.7 mb	 39.2% Built-in Texture2D: Splash Screen Unity Logo
 519.8 kb	 7.5% Resources/unity_builtin_extra
 0.4 kb	 0.0% Built-in Sprite: 
 0.2 kb	 0.0% Packages/com.unity.multiplayer.center/Common/IOnboardingSectionAnalyticsProvider.cs
 0.1 kb	 0.0% Packages/com.unity.multiplayer.center/Common/SelectedSolutionsData.cs
 0.1 kb	 0.0% Packages/com.unity.ugui/Runtime/UGUI/EventSystem/UIElements/UIToolkitInteroperabilityBridge.cs
 0.1 kb	 0.0% Packages/com.unity.multiplayer.center/Common/IOnboardingSection.cs
 0.1 kb	 0.0% Packages/com.unity.ugui/Runtime/TMP/TMP_SpriteAssetImportFormats.cs
 0.1 kb	 0.0% Packages/com.unity.multiplayer.center/Common/StyleConstants.cs
 0.1 kb	 0.0% Packages/com.unity.ugui/Runtime/UGUI/UI/Core/Layout/HorizontalOrVerticalLayoutGroup.cs
 0.1 kb	 0.0% Packages/com.unity.ugui/Runtime/TMP/TMP_DynamicFontAssetUtilities.cs
 0.1 kb	 0.0% Packages/com.unity.ugui/Runtime/UGUI/EventSystem/UIElements/WorldDocumentRaycaster.cs
 0.1 kb	 0.0% Packages/com.unity.ugui/Runtime/UGUI/EventSystem/InputModules/StandaloneInputModule.cs
 0.1 kb	 0.0% Packages/com.unity.multiplayer.center/Common/AnswerData.cs
 0.1 kb	 0.0% Packages/com.unity.ugui/Runtime/TMP/TMP_ScrollbarEventHandler.cs
 0.1 kb	 0.0% Packages/com.unity.ugui/Runtime/TMP/TMP_PackageResourceImporter.cs
 0.1 kb	 0.0% Packages/com.unity.ugui/Runtime/InternalBridge/ObjectUtilsBridge.cs
 0.1 kb	 0.0% Packages/com.unity.ugui/Runtime/UGUI/UI/Core/Utility/ReflectionMethodsCache.cs
 0.1 kb	 0.0% Packages/com.unity.ugui/Runtime/UGUI/UI/Core/MultipleDisplayUtilities.cs
 0.1 kb	 0.0% Packages/com.unity.ugui/Runtime/UGUI/UI/Core/Layout/HorizontalLayoutGroup.cs
 0.1 kb	 0.0% Packages/com.unity.ugui/Runtime/UGUI/UI/Core/IGraphicEnabledDisabled.cs
 0.1 kb	 0.0% Packages/com.unity.ugui/Runtime/UGUI/UI/Core/GraphicRebuildTracker.cs
 0.1 kb	 0.0% Packages/com.unity.ugui/Runtime/UGUI/UI/Core/Culling/RectangularVertexClipper.cs
 0.1 kb	 0.0% Packages/com.unity.ugui/Runtime/UGUI/EventSystem/UIElements/PanelEventHandler.cs
 0.1 kb	 0.0% Packages/com.unity.ugui/Runtime/UGUI/EventSystem/Raycasters/Physics2DRaycaster.cs
 0.1 kb	 0.0% Packages/com.unity.ugui/Runtime/UGUI/EventSystem/InputModules/PointerInputModule.cs
 0.1 kb	 0.0% Packages/com.unity.ugui/Runtime/UGUI/UI/Animation/CoroutineTween.cs
 0.1 kb	 0.0% Packages/com.unity.ugui/Runtime/UGUI/EventSystem/EventInterfaces.cs
 0.1 kb	 0.0% Packages/com.unity.ugui/Runtime/TMP/TMPro_ExtensionMethods.cs
 0.1 kb	 0.0% Packages/com.unity.ugui/Runtime/TMP/TMP_TextParsingUtilities.cs
 0.1 kb	 0.0% Packages/com.unity.ugui/Runtime/TMP/TMP_TextElement_Legacy.cs
 0.1 kb	 0.0% Packages/com.unity.ugui/Runtime/TMP/TMP_FontAssetUtilities.cs
 0.1 kb	 0.0% Packages/com.unity.ugui/Runtime/TMP/MaterialReferenceManager.cs
 0.1 kb	 0.0% Packages/com.unity.ugui/Runtime/TMP/FontFeatureCommonGSUB.cs
 0.1 kb	 0.0% Assets/Scripts/Runtime/Game/WeatherController.cs
 0.1 kb	 0.0% Assets/Scripts/Runtime/Game/DayNightController.cs
 0.1 kb	 0.0% Assets/Scripts/Runtime/Game/CritterController.cs
 0.1 kb	 0.0% Assets/Scripts/Runtime/Core/PlaytestSimulator.cs
 0.1 kb	 0.0% Packages/com.unity.ugui/Runtime/UGUI/UI/Core/SetPropertyUtility.cs
 0.1 kb	 0.0% Packages/com.unity.ugui/Runtime/UGUI/UI/Core/MaterialModifiers/IMaterialModifier.cs
 0.1 kb	 0.0% Packages/com.unity.ugui/Runtime/UGUI/UI/Core/Layout/VerticalLayoutGroup.cs
 0.1 kb	 0.0% Packages/com.unity.ugui/Runtime/UGUI/UI/Core/Layout/ContentSizeFitter.cs
 0.1 kb	 0.0% Packages/com.unity.ugui/Runtime/UGUI/UI/Core/Layout/AspectRatioFitter.cs
 0.1 kb	 0.0% Packages/com.unity.ugui/Runtime/UGUI/UI/Core/FontUpdateTracker.cs
 0.1 kb	 0.0% Packages/com.unity.ugui/Runtime/UGUI/UI/Core/CanvasUpdateRegistry.cs
 0.1 kb	 0.0% Packages/com.unity.ugui/Runtime/UGUI/UI/Core/AnimationTriggers.cs
 0.1 kb	 0.0% Packages/com.unity.ugui/Runtime/UGUI/EventSystem/UIElements/PanelRaycaster.cs
 0.1 kb	 0.0% Packages/com.unity.ugui/Runtime/UGUI/EventSystem/Raycasters/PhysicsRaycaster.cs
 0.1 kb	 0.0% Packages/com.unity.ugui/Runtime/UGUI/EventSystem/Raycasters/BaseRaycaster.cs
 0.1 kb	 0.0% Packages/com.unity.ugui/Runtime/UGUI/EventSystem/RaycasterManager.cs
 0.1 kb	 0.0% Packages/com.unity.ugui/Runtime/UGUI/EventSystem/RaycastResult.cs
 0.1 kb	 0.0% Packages/com.unity.ugui/Runtime/UGUI/EventSystem/InputModules/TouchInputModule.cs
 0.1 kb	 0.0% Packages/com.unity.ugui/Runtime/UGUI/EventSystem/InputModules/BaseInputModule.cs
 0.1 kb	 0.0% Packages/com.unity.ugui/Runtime/UGUI/EventSystem/ExecuteEvents.cs
 0.1 kb	 0.0% Packages/com.unity.ugui/Runtime/UGUI/EventSystem/EventData/PointerEventData.cs
 0.1 kb	 0.0% Packages/com.unity.ugui/Runtime/UGUI/EventSystem/EventData/BaseEventData.cs
 0.1 kb	 0.0% Packages/com.unity.ugui/Runtime/UGUI/EventSystem/EventData/AxisEventData.cs
 0.1 kb	 0.0% Packages/com.unity.ugui/Runtime/TMP/TMP_TextProcessingStack.cs
 0.1 kb	 0.0% Packages/com.unity.ugui/Runtime/TMP/TMP_FontFeaturesCommon.cs
 0.1 kb	 0.0% Packages/com.unity.ugui/Runtime/TMP/TMPro_EventManager.cs
 0.1 kb	 0.0% Packages/com.unity.ugui/Runtime/TMP/TMP_UpdateRegistery.cs
 0.1 kb	 0.0% Packages/com.unity.ugui/Runtime/TMP/TMP_UpdateManager.cs
 0.1 kb	 0.0% Packages/com.unity.ugui/Runtime/TMP/TMP_TextUtilities.cs
 0.1 kb	 0.0% Packages/com.unity.ugui/Runtime/TMP/TMP_TextProcessingCommon.cs
 0.1 kb	 0.0% Packages/com.unity.ugui/Runtime/TMP/TMP_SpriteCharacter.cs
 0.1 kb	 0.0% Packages/com.unity.ugui/Runtime/TMP/TMP_SpriteAnimator.cs
 0.1 kb	 0.0% Packages/com.unity.ugui/Runtime/TMP/TMP_SelectionCaret.cs
 0.1 kb	 0.0% Packages/com.unity.ugui/Runtime/TMP/TMP_ResourcesManager.cs
 0.1 kb	 0.0% Packages/com.unity.ugui/Runtime/TMP/TMP_MaterialManager.cs
 0.1 kb	 0.0% Packages/com.unity.ugui/Runtime/TMP/TMP_InputValidator.cs
 0.1 kb	 0.0% Packages/com.unity.ugui/Runtime/TMP/TMP_FontFeatureTable.cs
 0.1 kb	 0.0% Packages/com.unity.ugui/Runtime/TMP/TMP_DefaultControls.cs
 0.1 kb	 0.0% Packages/com.unity.ugui/Runtime/TMP/TMP_Compatibility.cs
 0.1 kb	 0.0% Packages/com.unity.ugui/Runtime/TMP/TMP_ColorGradient.cs
 0.1 kb	 0.0% Packages/com.unity.ugui/Runtime/TMP/TMP_CharacterInfo.cs
 0.1 kb	 0.0% Packages/com.unity.ugui/Runtime/TMP/ITextPreProcessor.cs
 0.1 kb	 0.0% Packages/com.unity.ugui/Runtime/TMP/FontFeatureCommonGPOS.cs
 0.1 kb	 0.0% Packages/com.unity.ugui/Runtime/InternalBridge/TMPHelpURL.cs
 0.1 kb	 0.0% Assets/Scripts/Runtime/Game/SeasonController.cs
 0.1 kb	 0.0% Assets/Scripts/Runtime/Game/PlayerController.cs
 0.1 kb	 0.0% Assets/Scripts/Runtime/Game/NpcController.cs
 0.1 kb	 0.0% Assets/Scripts/Runtime/Core/GameBootstrap.cs
 0.1 kb	 0.0% Packages/com.unity.ugui/Runtime/UGUI/UI/Core/VertexModifiers/PositionAsUV1.cs
 0.1 kb	 0.0% Packages/com.unity.ugui/Runtime/UGUI/UI/Core/VertexModifiers/IMeshModifier.cs
 0.1 kb	 0.0% Packages/com.unity.ugui/Runtime/UGUI/UI/Core/VertexModifiers/BaseMeshEffect.cs
 0.1 kb	 0.0% Packages/com.unity.ugui/Runtime/UGUI/UI/Core/StencilMaterial.cs
 0.1 kb	 0.0% Packages/com.unity.ugui/Runtime/UGUI/UI/Core/RaycastReceiver.cs
 0.1 kb	 0.0% Packages/com.unity.ugui/Runtime/UGUI/UI/Core/MaskableGraphic.cs
 0.1 kb	 0.0% Packages/com.unity.ugui/Runtime/UGUI/UI/Core/MaskUtilities.cs
 0.1 kb	 0.0% Packages/com.unity.ugui/Runtime/UGUI/UI/Core/Layout/LayoutUtility.cs
 0.1 kb	 0.0% Packages/com.unity.ugui/Runtime/UGUI/UI/Core/Layout/LayoutRebuilder.cs
 0.1 kb	 0.0% Packages/com.unity.ugui/Runtime/UGUI/UI/Core/Layout/LayoutElement.cs
 0.1 kb	 0.0% Packages/com.unity.ugui/Runtime/UGUI/UI/Core/Layout/ILayoutElement.cs
 0.1 kb	 0.0% Packages/com.unity.ugui/Runtime/UGUI/UI/Core/Layout/GridLayoutGroup.cs
 0.1 kb	 0.0% Packages/com.unity.ugui/Runtime/UGUI/UI/Core/GraphicRegistry.cs
 0.1 kb	 0.0% Packages/com.unity.ugui/Runtime/UGUI/UI/Core/GraphicRaycaster.cs
 0.1 kb	 0.0% Packages/com.unity.ugui/Runtime/UGUI/UI/Core/DefaultControls.cs
 0.1 kb	 0.0% Packages/com.unity.ugui/Runtime/UGUI/UI/Core/Culling/ClipperRegistry.cs
 0.1 kb	 0.0% Packages/com.unity.ugui/Runtime/UGUI/EventSystem/UIBehaviour.cs
 0.1 kb	 0.0% Packages/com.unity.ugui/Runtime/UGUI/EventSystem/InputModules/BaseInput.cs
 0.1 kb	 0.0% Packages/com.unity.ugui/Runtime/UGUI/EventSystem/EventTrigger.cs
 0.1 kb	 0.0% Packages/com.unity.ugui/Runtime/UGUI/EventSystem/EventSystem.cs
 0.1 kb	 0.0% Packages/com.unity.ugui/Runtime/TMP/TMPro_MeshUtilities.cs
 0.1 kb	 0.0% Packages/com.unity.ugui/Runtime/TMP/TMP_ShaderUtilities.cs
 0.1 kb	 0.0% Packages/com.unity.ugui/Runtime/TMP/TMP_RichTextTagsCommon.cs
 0.1 kb	 0.0% Packages/com.unity.ugui/Runtime/TMP/TMP_FontAssetCommon.cs
 0.1 kb	 0.0% Packages/com.unity.ugui/Runtime/TMP/TextMeshProUGUI.cs
 0.1 kb	 0.0% Packages/com.unity.ugui/Runtime/TMP/TextContainer.cs
 0.1 kb	 0.0% Packages/com.unity.ugui/Runtime/TMP/TMP_TextElement.cs
 0.1 kb	 0.0% Packages/com.unity.ugui/Runtime/TMP/TMP_SubMeshUI.cs
 0.1 kb	 0.0% Packages/com.unity.ugui/Runtime/TMP/TMP_StyleSheet.cs
 0.1 kb	 0.0% Packages/com.unity.ugui/Runtime/TMP/TMP_SpriteGlyph.cs
 0.1 kb	 0.0% Packages/com.unity.ugui/Runtime/TMP/TMP_SpriteAsset.cs
 0.1 kb	 0.0% Packages/com.unity.ugui/Runtime/TMP/TMP_InputField.cs
 0.1 kb	 0.0% Packages/com.unity.ugui/Runtime/TMP/TMP_FontAsset.cs
 0.1 kb	 0.0% Packages/com.unity.ugui/Runtime/TMP/TMP_CoroutineTween.cs
 0.1 kb	 0.0% Packages/com.unity.ugui/Runtime/TMP/TMP_Character.cs
 0.1 kb	 0.0% Assets/Scripts/Runtime/Inputs/InputService.cs
 0.1 kb	 0.0% Assets/Scripts/Runtime/Game/SaveSystem.cs
 0.1 kb	 0.0% Assets/Scripts/Runtime/Game/QuestManager.cs
 0.1 kb	 0.0% Assets/Scripts/Runtime/Game/GameManager.cs
 0.1 kb	 0.0% Assets/Scripts/Runtime/Audio/AudioService.cs
 0.1 kb	 0.0% Packages/com.unity.ugui/Runtime/UGUI/UI/Core/Utility/VertexHelper.cs
 0.1 kb	 0.0% Packages/com.unity.ugui/Runtime/UGUI/UI/Core/ToggleGroup.cs
 0.1 kb	 0.0% Packages/com.unity.ugui/Runtime/UGUI/UI/Core/SpriteState.cs
 0.1 kb	 0.0% Packages/com.unity.ugui/Runtime/UGUI/UI/Core/Selectable.cs
 0.1 kb	 0.0% Packages/com.unity.ugui/Runtime/UGUI/UI/Core/Scrollbar.cs
 0.1 kb	 0.0% Packages/com.unity.ugui/Runtime/UGUI/UI/Core/ScrollRect.cs
 0.1 kb	 0.0% Packages/com.unity.ugui/Runtime/UGUI/UI/Core/RectMask2D.cs
 0.1 kb	 0.0% Packages/com.unity.ugui/Runtime/UGUI/UI/Core/Navigation.cs
 0.1 kb	 0.0% Packages/com.unity.ugui/Runtime/UGUI/UI/Core/Layout/LayoutGroup.cs
 0.1 kb	 0.0% Packages/com.unity.ugui/Runtime/UGUI/UI/Core/Layout/CanvasScaler.cs
 0.1 kb	 0.0% Packages/com.unity.ugui/Runtime/UGUI/UI/Core/InputField.cs
 0.1 kb	 0.0% Packages/com.unity.ugui/Runtime/UGUI/UI/Core/IMaskable.cs
 0.1 kb	 0.0% Packages/com.unity.ugui/Runtime/UGUI/UI/Core/ColorBlock.cs
 0.1 kb	 0.0% Assets/Scripts/Runtime/Ui/UiController.cs
 0.1 kb	 0.0% Assets/Scripts/Runtime/Art/SpriteBank.cs
 0.1 kb	 0.0% Packages/com.unity.ugui/Runtime/UGUI/UI/Core/Culling/IClipRegion.cs
 0.1 kb	 0.0% Packages/com.unity.ugui/Runtime/TMP/TextMeshPro.cs
 0.1 kb	 0.0% Packages/com.unity.ugui/Runtime/TMP/TMP_TextInfo.cs
 0.1 kb	 0.0% Packages/com.unity.ugui/Runtime/TMP/TMP_SubMesh.cs
 0.1 kb	 0.0% Packages/com.unity.ugui/Runtime/TMP/TMP_Style.cs
 0.1 kb	 0.0% Packages/com.unity.ugui/Runtime/TMP/TMP_Sprite.cs
 0.1 kb	 0.0% Packages/com.unity.ugui/Runtime/TMP/TMP_Settings.cs
 0.1 kb	 0.0% Packages/com.unity.ugui/Runtime/TMP/TMP_MeshInfo.cs
 0.1 kb	 0.0% Packages/com.unity.ugui/Runtime/TMP/TMP_LineInfo.cs
 0.1 kb	 0.0% Packages/com.unity.ugui/Runtime/TMP/TMP_Dropdown.cs
 0.1 kb	 0.0% Packages/com.unity.ugui/Runtime/TMP/TMP_Asset.cs
 0.1 kb	 0.0% Packages/com.unity.ugui/Runtime/TMP/FastAction.cs
 0.1 kb	 0.0% Assets/Scripts/Runtime/Game/FarmGrid.cs
 0.1 kb	 0.0% Packages/com.unity.ugui/Runtime/UGUI/UI/Core/VertexModifiers/Shadow.cs
 0.1 kb	 0.0% Packages/com.unity.ugui/Runtime/UGUI/UI/Core/VertexModifiers/Outline.cs
 0.1 kb	 0.0% Packages/com.unity.ugui/Runtime/UGUI/UI/Core/Toggle.cs
 0.1 kb	 0.0% Packages/com.unity.ugui/Runtime/UGUI/UI/Core/Slider.cs
 0.1 kb	 0.0% Packages/com.unity.ugui/Runtime/UGUI/UI/Core/RawImage.cs
 0.1 kb	 0.0% Packages/com.unity.ugui/Runtime/UGUI/UI/Core/Image.cs
 0.1 kb	 0.0% Packages/com.unity.ugui/Runtime/UGUI/UI/Core/IMask.cs
 0.1 kb	 0.0% Packages/com.unity.ugui/Runtime/UGUI/UI/Core/Graphic.cs
 0.1 kb	 0.0% Packages/com.unity.ugui/Runtime/UGUI/UI/Core/FontData.cs
 0.1 kb	 0.0% Packages/com.unity.ugui/Runtime/UGUI/UI/Core/Dropdown.cs
 0.1 kb	 0.0% Packages/com.unity.ugui/Runtime/UGUI/UI/Core/Culling/Clipping.cs
 0.1 kb	 0.0% Packages/com.unity.ugui/Runtime/UGUI/UI/Core/Button.cs
 0.1 kb	 0.0% Assets/Scripts/Runtime/Art/PixelArt.cs
 0.1 kb	 0.0% Packages/com.unity.ugui/Runtime/TMP/TMP_Text.cs
 0.1 kb	 0.0% Packages/com.unity.ugui/Runtime/UGUI/UI/Core/Text.cs
 0.1 kb	 0.0% Packages/com.unity.ugui/Runtime/UGUI/UI/Core/Misc.cs
 0.1 kb	 0.0% Packages/com.unity.ugui/Runtime/UGUI/UI/Core/Mask.cs
-------------------------------------------------------------------------------
Unloading 4 Unused Serialized files (Serialized files now loaded: 0)
Unloading 3 unused Assets / (6.8 KB). Loaded Objects now: 1176.
Memory consumption went from 143.6 MB to 143.6 MB.
Total: 5.774958 ms (FindLiveObjects: 0.033000 ms CreateObjectMapping: 0.018291 ms MarkObjects: 5.657084 ms  DeleteObjects: 0.066416 ms)

Build Finished, Result: Success.
[websockify wrapper] Proxying from :35020 to localhost:34999
Total cache size 74232226
Total cache size after purge 74232226, took 00:00:00.0506403
ExitCode: 0 Duration: 0s462ms
##utp:{"success":true,"type":"PlayerBuildInfo","version":2,"phase":"Immediate","time":1785788012045,"processId":15410,"steps":[{"description":"Preprocess Player","duration":6},{"description":"Prepare For Build","duration":0},{"description":"ProducePlayerScriptAssemblies","duration":2264},{"description":"Verify Build setup","duration":3},{"description":"Prepare assets for target platform","duration":0},{"description":"Prepare splash screen","duration":9},{"description":"Build scripts DLLs","duration":6},{"description":"Building scenes","duration":16},{"description":"Build GlobalGameManagers file","duration":42},{"description":"Writing asset files","duration":69},{"description":"Building Resources/unity_builtin_extra","duration":1734},{"description":"Creating compressed player package","duration":127},{"description":"Write data build dirty tracking information","duration":11},{"description":"Postprocess built player","duration":84113}],"duration":88400}
Unloading 0 Unused Serialized files (Serialized files now loaded: 0)
Loaded scene 'Temp/__Backupscenes/0.backup'
	Deserialize:            0.220 ms
	Integration:            2.826 ms
	Integration of assets:  0.001 ms
	Thread Wait Time:       0.003 ms
	Total Operation Time:   3.050 ms
Unloading 0 unused Assets / (0 B). Loaded Objects now: 1169.
Memory consumption went from 143.3 MB to 143.3 MB.
Total: 5.032042 ms (FindLiveObjects: 0.027250 ms CreateObjectMapping: 0.018833 ms MarkObjects: 4.981791 ms  DeleteObjects: 0.004000 ms)

Launching external process: /Applications/Unity/Hub/Editor/6000.5.6f1/Unity.app/Contents/Resources/Scripting/il2cpp/build/deploy/Analytics
Build OK -> Builds/WebGL (6966 KB)
UnityEngine.Debug:ExtractStackTraceNoAlloc (byte*,int,string)
UnityEngine.StackTraceUtility:ExtractStackTrace () (at /Users/bokken/build/output/unity/unity/Runtime/Export/Scripting/StackTrace.cs:35)
UnityEngine.DebugLogHandler:Internal_Log (UnityEngine.LogType,UnityEngine.LogOption,string,UnityEngine.Object)
UnityEngine.DebugLogHandler:LogFormat (UnityEngine.LogType,UnityEngine.Object,string,object[])
UnityEngine.Logger:Log (UnityEngine.LogType,object)
UnityEngine.Debug:Log (object)
MochiMeadows.EditorTools.BuildScript:Build (string,UnityEditor.BuildTarget,UnityEditor.BuildTargetGroup) (at Assets/Scripts/Editor/BuildScript.cs:60)
MochiMeadows.EditorTools.BuildScript:BuildWebGL () (at Assets/Scripts/Editor/BuildScript.cs:20)

(Filename: Assets/Scripts/Editor/BuildScript.cs Line: 60)

Batchmode quit successfully invoked - shutting down!
[websockify wrapper] Kill
[websockify wrapper] Process killed
Thread 0x17cb07000 may have been prematurely finalized
Input System module state changed to: ShutdownInProgress.
Input Polling Thread exited.
Input System module state changed to: Shutdown.
[Physics::Module] Cleanup current backend.
[Physics::Module] Id: 0xf2b8ea05
[Licensing::IpcConnector] LicenseClient-greg-6000.5.6-notifications channel disconnected successfully.
[Licensing::IpcConnector] LicenseClient-greg-6000.5.6 channel disconnected successfully.
Thread 0x16ebbf000 may have been prematurely finalized
Shutting down MSBuild server...
Shutting down VB/C# compiler server...
AcceleratorClientConnectionCallback - disconnected - :0
Thread 0x170d5f000 may have been prematurely finalized
info: Microsoft.Hosting.Lifetime[0]
      Application is shutting down...
Cleanup mono
CodeReloadManager destroyed
[websockify wrapper] Kill
debugger-agent: Unable to listen on 36
[usbmuxd] Stop listen thread
[usbmuxd] Error: 
[usbmuxd] Listen thread exiting
Exiting batchmode successfully now!
[Package Manager] Server process was shutdown
VB/C# compiler server shut down successfully.
MSBuild server shut down successfully.
